pl_name,disc_year,pl_orbper,pl_bmasse,pl_rade,pl_eqt,disc_facility,discoverymethod
Kepler-6 b,2009,3.2346996,212.31044,14.616536,1460.0,Kepler,Transit
Kepler-32 c,2011,8.7522,158.9,2.0,,Kepler,Transit
Kepler-29 c,2011,13.28613,4.5,2.34,,Kepler,Transit
Kepler-20 c,2011,10.8540774,11.1,2.894,828.0,Kepler,Transit
Kepler-52 b,2012,7.8773565,135.0,2.1,,Kepler,Transit
K2-280 b,2018,19.89526,37.1,7.5,787.0,K2,Transit
K2-222 b,2018,15.3889274,7.5,2.275,803.0,K2,Transit
K2-216 b,2018,2.1748,8.0,1.75,1103.0,K2,Transit
K2-295 b,2018,4.024867,106.47305,10.054473,852.0,K2,Transit
K2-157 b,2018,0.3652575,1.14,0.935,2432.0,K2,Transit
EPIC 201595106 b,2021,0.87724,7.67,1.565,2038.0,K2,Transit
K2-263 b,2018,50.819172,15.4,2.513,482.0,K2,Transit
EPIC 229004835 b,2023,16.141132,10.4,2.332,804.0,K2,Transit
G 9-40 b,2019,5.7459982,4.0,1.9,440.6,K2,Transit
HD 80653 b,2020,0.719573,5.72,1.613,2463.0,K2,Transit
Kepler-21 b,2012,2.7858212,7.5,1.639,2015.0,Kepler,Transit
Kepler-8 b,2010,3.5224991,187.5197,15.871944,1680.0,Kepler,Transit
HD 73344 b,2024,15.611,10.48,2.884,911.0,K2,Transit
11 UMi b,2009,516.21997,4684.8142,,,Thueringer Landessternwarte Tautenburg,Radial Velocity
14 And b,2008,186.76,1131.15130051,,,Okayama Astrophysical Observatory,Radial Velocity
16 Cyg B b,1996,798.5,565.7374,,,Multiple Observatories,Radial Velocity
18 Del b,2008,982.85,2926.24614325,,,Okayama Astrophysical Observatory,Radial Velocity
24 Sex b,2010,452.8,632.46,,,Lick Observatory,Radial Velocity
24 Sex c,2010,883.0,273.32,,,Lick Observatory,Radial Velocity
47 UMa b,1996,1078.0,804.08,,,Lick Observatory,Radial Velocity
47 UMa c,2001,2391.0,171.621,,,Lick Observatory,Radial Velocity
47 UMa d,2009,14002.0,521.22,,,Lick Observatory,Radial Velocity
4 UMa b,2006,270.27,2511.48007211,,,Thueringer Landessternwarte Tautenburg,Radial Velocity
51 Peg b,1995,4.230785,150.009,,,Haute-Provence Observatory,Radial Velocity
55 Cnc b,1996,14.651552,276.0,,,Lick Observatory,Radial Velocity
55 Cnc c,2004,44.3936,56.6,,,McDonald Observatory,Radial Velocity
55 Cnc d,2002,4799.0,1214.10451474,,,Lick Observatory,Radial Velocity
55 Cnc e,2004,0.7365474,7.99,1.875,,McDonald Observatory,Radial Velocity
55 Cnc f,2007,260.58,48.5,,,Multiple Observatories,Radial Velocity
61 Vir b,2009,4.215,5.1,,,Multiple Observatories,Radial Velocity
61 Vir c,2009,38.021,18.2,,,Multiple Observatories,Radial Velocity
61 Vir d,2009,123.01,22.9,,,Multiple Observatories,Radial Velocity
6 Lyn b,2008,919.86,597.83523357,,,Okayama Astrophysical Observatory,Radial Velocity
70 Vir b,1996,116.688,2357.02728,,,Lick Observatory,Radial Velocity
7 CMa b,2011,735.1,587.9855,,,Anglo-Australian Telescope,Radial Velocity
81 Cet b,2008,1005.57,1051.05854195,,,Okayama Astrophysical Observatory,Radial Velocity
BD-08 2823 b,2009,5.6,12.7132,,,La Silla Observatory,Radial Velocity
BD-08 2823 c,2009,237.6,104.0,,,La Silla Observatory,Radial Velocity
BD-10 3166 b,2000,3.48777,187.5197,,,W. M. Keck Observatory,Radial Velocity
BD+14 4559 b,2009,268.94,330.5432,,,McDonald Observatory,Radial Velocity
BD-17 63 b,2008,655.57,1639.99458012,,,La Silla Observatory,Radial Velocity
BD+20 2457 b,2009,379.63,6807.63,,,McDonald Observatory,Radial Velocity
BD+20 2457 c,2009,621.99,3963.17,,,McDonald Observatory,Radial Velocity
BD+48 738 b,2011,392.6,289.2253,,,McDonald Observatory,Radial Velocity
bet Pic b,2008,8617.50952,3727.8093857,,,Paranal Observatory,Imaging
CoRoT-10 b,2010,13.2406,874.0,10.87,600.0,CoRoT,Transit
CoRoT-11 b,2010,2.99433,740.51,16.03,1657.0,CoRoT,Transit
CoRoT-12 b,2010,2.828042,291.438,16.14,1442.0,CoRoT,Transit
CoRoT-13 b,2010,4.03519,415.704,9.92,1700.0,CoRoT,Transit
CoRoT-14 b,2010,1.51214,2415.4,12.22,1952.0,CoRoT,Transit
CoRoT-17 b,2011,3.7681,772.29,11.43,1626.0,CoRoT,Transit
CoRoT-18 b,2011,1.9000693,1102.82,14.68,1550.0,CoRoT,Transit
CoRoT-19 b,2011,3.89713,352.78,14.46,2000.0,CoRoT,Transit
CoRoT-1 b,2008,1.5089557,327.35,16.7,1898.0,CoRoT,Transit
CoRoT-20 b,2011,9.24285,1366.669,,,CoRoT,Transit
CoRoT-23 b,2011,3.6313,889.9,11.77,1660.0,CoRoT,Transit
CoRoT-2 b,2008,1.7429935,1102.82,16.432,,CoRoT,Transit
CoRoT-3 b,2008,4.2568,6883.91,11.32,,CoRoT,Transit
CoRoT-4 b,2008,9.20205,228.83,13.34,1074.0,CoRoT,Transit
CoRoT-5 b,2009,4.0378962,148.42,15.558,1438.0,CoRoT,Transit
CoRoT-6 b,2009,8.886593,940.74,13.068,1017.0,CoRoT,Transit
CoRoT-7 b,2009,0.85359163,4.07660518,1.68135,,CoRoT,Transit
Kepler-24 c,2011,12.33,9.99,2.514,,Kepler,Transit
CoRoT-7 c,2009,3.698,8.4,,,CoRoT,Radial Velocity
CoRoT-8 b,2010,6.21229,69.92,6.39,,CoRoT,Transit
CoRoT-9 b,2009,95.272656,266.9772,11.948794,420.0,CoRoT,Transit
DP Leo b,2009,10220.0,1922.79,,,Yunnan Astronomical Observatory,Eclipse Timing Variations
eps Eri b,2000,2671.0,209.76674862,,,Multiple Observatories,Radial Velocity
eps Tau b,2006,585.82,2285.18624633,,,Okayama Astrophysical Observatory,Radial Velocity
gam1 Leo b,2009,428.5,2790.43,,,Bohyunsan Optical Astronomical Observatory,Radial Velocity
gam Cep b,2003,913.0,2097.6674862,,,Multiple Observatories,Radial Velocity
GJ 1214 b,2009,1.580404531,8.41,2.733,567.0,MEarth Project,Transit
GJ 3021 b,2000,133.71,1071.04,,350.0,La Silla Observatory,Radial Velocity
GJ 317 b,2007,695.69,536.49435102,,,W. M. Keck Observatory,Radial Velocity
GJ 3634 b,2010,2.64561,8.4,,,La Silla Observatory,Radial Velocity
GJ 433 b,2013,7.3705,6.043,,,La Silla Observatory,Radial Velocity
GJ 436 b,2004,2.64388312,22.1,4.17,,W. M. Keck Observatory,Radial Velocity
GJ 649 b,2009,600.1,81.99972901,,,W. M. Keck Observatory,Radial Velocity
GJ 667 C c,2013,28.14,3.8,,,La Silla Observatory,Radial Velocity
GJ 674 b,2007,4.6938,11.09,,,La Silla Observatory,Radial Velocity
GJ 676 A b,2010,1051.44521,1840.86213334,,,La Silla Observatory,Radial Velocity
GJ 832 b,2008,3853.0,314.65012293,,,Anglo-Australian Telescope,Radial Velocity
GJ 849 b,2006,1925.31,283.82076745,,,W. M. Keck Observatory,Radial Velocity
GJ 179 b,2009,2288.0,260.61,,,W. M. Keck Observatory,Radial Velocity
GJ 581 b,2005,5.3686,20.5,,,La Silla Observatory,Radial Velocity
GJ 581 c,2007,12.9211,6.81,,,La Silla Observatory,Radial Velocity
GJ 581 e,2009,3.1481,2.48,,,La Silla Observatory,Radial Velocity
GJ 86 b,1999,15.76491,1404.8086,,,La Silla Observatory,Radial Velocity
GJ 876 b,1998,61.1166,723.2235,,,Multiple Observatories,Radial Velocity
GJ 876 c,2000,30.0881,226.9846,,,Multiple Observatories,Radial Velocity
GJ 876 d,2005,1.93778,6.83,,,W. M. Keck Observatory,Radial Velocity
GJ 876 e,2010,124.26,14.6,,,W. M. Keck Observatory,Radial Velocity
HAT-P-12 b,2009,3.2130598,67.059,10.749,963.0,HATNet,Transit
HAT-P-13 b,2009,2.91625,270.462,14.258,,HATNet,Transit
HAT-P-13 c,2009,446.27,4538.421,,,W. M. Keck Observatory,Radial Velocity
HAT-P-14 b,2010,4.62767,1093.3352,15.91678,,HATNet,Transit
HAT-P-15 b,2010,10.8635,616.5902,11.88154,,HATNet,Transit
HAT-P-17 b,2012,10.33852,184.3414,11.76945,,HATNet,Transit
HAT-P-17 c,2012,5584.0,1080.6,,,W. M. Keck Observatory,Radial Velocity
HAT-P-18 b,2010,5.508023,62.61,11.153,852.0,HATNet,Transit
HAT-P-19 b,2010,4.00878322,88.03846874,11.29865255,981.2,HATNet,Transit
HAT-P-1 b,2006,4.46529976,166.86075,14.784671,1322.0,HATNet,Transit
HAT-P-20 b,2010,2.875317,2302.899,9.718,970.0,HATNet,Transit
HAT-P-21 b,2010,4.12448,1547.8321,12.44199,,HATNet,Transit
HAT-P-22 b,2010,3.21222,785.0401,12.89035,,HATNet,Transit
HAT-P-23 b,2010,1.212884,664.237,15.334,2056.0,HATNet,Transit
HAT-P-24 b,2010,3.35524,238.3725,14.5717,,HATNet,Transit
HAT-P-25 b,2012,3.65281514,180.84527,12.722215,1182.0,HATNet,Transit
HAT-P-26 b,2010,4.23452,22.2481,7.06167,,HATNet,Transit
HAT-P-27 b,2011,3.039577,197.05,11.43,,HATNet,Transit
HAT-P-28 b,2011,3.257215,198.953,13.585,1384.0,HATNet,Transit
HAT-P-29 b,2011,5.72319,279.6904,13.11453,,HATNet,Transit
HAT-P-2 b,2007,5.6335158,2739.6946,,,HATNet,Transit
HAT-P-30 b,2011,2.8106,263.7989,16.14096,,HATNet,Transit
HAT-P-31 b,2011,5.00542,721.4741,12.21781,,HATNet,Transit
HAT-P-32 b,2011,2.1500082,216.1244,22.19382,1835.7,HATNet,Transit
HAT-P-33 b,2011,3.47447,292.4036,20.73665,,HATNet,Transit
HAT-P-34 b,2011,5.452654,1058.3739,13.417173,,HATNet,Transit
HAT-P-35 b,2011,3.646706,335.62848,14.930388,,HATNet,Transit
HAT-P-36 b,2011,1.32734683,587.413406,14.313893,1780.97,HATNet,Transit
HAT-P-37 b,2011,2.797436,371.528,13.204,1271.0,HATNet,Transit
HAT-P-3 b,2007,2.8997,206.5895,10.53646,,HATNet,Transit
HAT-P-4 b,2007,3.056536,213.255,14.28,1686.0,HATNet,Transit
HAT-P-5 b,2007,2.78849,311.4734,13.56289,,HATNet,Transit
HAT-P-6 b,2007,3.85298,419.5356,16.58932,,HATNet,Transit
HAT-P-8 b,2008,3.07634,406.8224,15.6926,,HATNet,Transit
HAT-P-9 b,2008,3.92281072,238.05467,15.614137,1540.0,HATNet,Transit
HD 100655 b,2011,157.57001,511.7063,,,Bohyunsan Optical Astronomical Observatory,Radial Velocity
HD 100777 b,2007,383.0,390.92894061,,,La Silla Observatory,Radial Velocity
HD 10180 c,2010,5.75969,13.221728,,,La Silla Observatory,Radial Velocity
HD 10180 d,2010,16.357,12.013974,,,La Silla Observatory,Radial Velocity
HD 10180 e,2010,49.748,25.585315,,,La Silla Observatory,Radial Velocity
HD 10180 f,2010,122.744,22.947326,,,La Silla Observatory,Radial Velocity
HD 10180 g,2010,604.67,23.265156,,,La Silla Observatory,Radial Velocity
HD 10180 h,2010,2205.0,65.663678,,,La Silla Observatory,Radial Velocity
HD 101930 b,2005,70.46,79.4575,,,La Silla Observatory,Radial Velocity
HD 102117 b,2005,20.8133,54.0311,,,La Silla Observatory,Radial Velocity
HD 102195 b,2006,4.11377,130.3103,,,Kitt Peak National Observatory,Radial Velocity
HD 102272 b,2008,127.58,1570.0802,,,McDonald Observatory,Radial Velocity
HD 102329 b,2011,778.09998,2593.4928,,,W. M. Keck Observatory,Radial Velocity
HD 102956 b,2010,6.4947,305.1168,,,W. M. Keck Observatory,Radial Velocity
HD 103197 b,2009,47.84,28.6047,,,La Silla Observatory,Radial Velocity
HD 104067 b,2009,55.851,62.1,,,La Silla Observatory,Radial Velocity
HD 104985 b,2003,199.68,1766.80811451,,,Okayama Astrophysical Observatory,Radial Velocity
HD 106252 b,2002,1535.0,3178.28407,,,Lick Observatory,Radial Velocity
HD 106270 b,2011,1888.0,3219.6179,,,W. M. Keck Observatory,Radial Velocity
HD 10647 b,2006,989.2,298.75,,,W. M. Keck Observatory,Radial Velocity
HD 10697 b,1999,1075.3799,1825.2885414,,,W. M. Keck Observatory,Radial Velocity
HD 107148 b,2005,48.056,66.741,,,W. M. Keck Observatory,Radial Velocity
HD 108147 b,2002,10.8985,82.95,,,La Silla Observatory,Radial Velocity
HD 108863 b,2011,437.7,767.24162,,,W. M. Keck Observatory,Radial Velocity
HD 108874 b,2002,394.48123,451.3186,,,W. M. Keck Observatory,Radial Velocity
HD 108874 c,2005,1624.0,314.64,,,W. M. Keck Observatory,Radial Velocity
HD 109246 b,2010,68.27,273.3338,,,Haute-Provence Observatory,Radial Velocity
HD 109749 b,2005,5.239891,85.8141,,,W. M. Keck Observatory,Radial Velocity
HD 110014 b,2009,835.477,3524.59,,,La Silla Observatory,Radial Velocity
HD 111232 b,2003,1169.13202,2531.50326176,,,La Silla Observatory,Radial Velocity
HD 113538 b,2010,663.2,114.41,,,La Silla Observatory,Radial Velocity
HD 113538 c,2010,1818.0,295.57,,,La Silla Observatory,Radial Velocity
HD 114386 b,2003,937.70001,362.3262,,,La Silla Observatory,Radial Velocity
HD 114729 b,2002,1121.79,262.20975,,,W. M. Keck Observatory,Radial Velocity
HD 114783 b,2001,493.7,349.6,,,W. M. Keck Observatory,Radial Velocity
HD 11506 b,2007,1617.7,1525.5763536,,,W. M. Keck Observatory,Radial Velocity
HD 11506 c,2008,223.92,127.1313628,,,W. M. Keck Observatory,Radial Velocity
HD 116029 b,2011,670.0,444.962,,,W. M. Keck Observatory,Radial Velocity
HD 117207 b,2004,2621.75,612.14058,,,W. M. Keck Observatory,Radial Velocity
HD 117618 b,2004,25.8,55.30242,,,Anglo-Australian Telescope,Radial Velocity
HD 118203 b,2005,6.1349779,680.15279098,12.778238,1361.0,Haute-Provence Observatory,Radial Velocity
HD 11964 b,2005,1945.0,198.0,,,W. M. Keck Observatory,Radial Velocity
HD 11964 c,2008,37.91,25.0,,,W. M. Keck Observatory,Radial Velocity
HD 11977 b,2005,711.0,2080.0,,,La Silla Observatory,Radial Velocity
HD 121504 b,2003,63.33,479.9233,,,La Silla Observatory,Radial Velocity
HD 125595 b,2009,9.6737,6.3566,,,La Silla Observatory,Radial Velocity
HD 125612 b,2007,557.69994,945.22168242,,,W. M. Keck Observatory,Radial Velocity
HD 125612 c,2009,4.15466,15.57359194,,,La Silla Observatory,Radial Velocity
HD 125612 d,2009,2822.72698,2281.37230545,,,La Silla Observatory,Radial Velocity
HD 126525 b,2018,960.41,75.32571,,,La Silla Observatory,Radial Velocity
HD 126614 b,2009,1257.25303,107.74382997,,,W. M. Keck Observatory,Radial Velocity
HD 12661 b,2000,262.70862,772.3269,,,Multiple Observatories,Radial Velocity
HD 12661 c,2002,1708.0,575.884,,,Multiple Observatories,Radial Velocity
HD 128311 b,2002,453.019,562.24127,,,W. M. Keck Observatory,Radial Velocity
HD 128311 c,2005,921.538,1204.25787,,,W. M. Keck Observatory,Radial Velocity
HD 129445 b,2009,1840.0,508.507,,,Las Campanas Observatory,Radial Velocity
HD 130322 b,1999,10.70871,365.49,,,La Silla Observatory,Radial Velocity
HD 131496 b,2011,896.0,572.094,,,W. M. Keck Observatory,Radial Velocity
HD 13189 b,2005,471.60001,3480.2385,,,Thueringer Landessternwarte Tautenburg,Radial Velocity
HD 132406 b,2007,908.0,1887.90073758,,,Haute-Provence Observatory,Radial Velocity
HD 132563 b,2011,1544.0,473.547,,,Roque de los Muchachos Observatory,Radial Velocity
HD 134060 b,2019,3.2696,10.1,,,La Silla Observatory,Radial Velocity
HD 134060 c,2019,1291.5646,29.29,,,La Silla Observatory,Radial Velocity
HD 134987 b,1999,258.17999,511.7063,,,W. M. Keck Observatory,Radial Velocity
HD 134987 c,2009,5000.0,260.0,,,Multiple Observatories,Radial Velocity
HD 136352 b,2019,11.57797,4.72,1.664,905.0,La Silla Observatory,Radial Velocity
HD 136352 c,2019,27.59221,11.24,2.916,677.0,La Silla Observatory,Radial Velocity
HD 136352 d,2019,107.245,8.82,2.562,431.0,La Silla Observatory,Radial Velocity
HD 136418 b,2009,464.29999,680.1562,,,W. M. Keck Observatory,Radial Velocity
HD 137388 b,2011,330.0,63.566,,,La Silla Observatory,Radial Velocity
HD 13808 b,2021,14.1815,11.2,,,La Silla Observatory,Radial Velocity
HD 13808 c,2021,53.753,9.96,,,La Silla Observatory,Radial Velocity
HD 13931 b,2009,4218.0,699.226,,,W. M. Keck Observatory,Radial Velocity
HD 139357 b,2008,1124.79139,6315.5682755,,,Thueringer Landessternwarte Tautenburg,Radial Velocity
HD 141937 b,2002,662.37,3591.4609991,,,La Silla Observatory,Radial Velocity
HD 142022 A b,2005,1928.0,1411.1652,,,La Silla Observatory,Radial Velocity
HD 142245 b,2011,1299.0,975.7381,,,W. M. Keck Observatory,Radial Velocity
HD 142415 b,2003,386.29999,530.7761,,,La Silla Observatory,Radial Velocity
HD 142 b,2001,351.43394,396.96768034,,,Anglo-Australian Telescope,Radial Velocity
HD 143361 b,2008,1039.15,1122.57556,,,Las Campanas Observatory,Radial Velocity
HD 145377 b,2008,103.95,1913.3366,,,La Silla Observatory,Radial Velocity
HD 145457 b,2010,176.13,888.01256916,,,Subaru Telescope,Radial Velocity
HD 1461 b,2010,5.77152,6.44,,,W. M. Keck Observatory,Radial Velocity
HD 1461 c,2015,13.5052,5.59,,,La Silla Observatory,Radial Velocity
HD 147018 b,2009,44.236,674.0,,,La Silla Observatory,Radial Velocity
HD 147018 c,2009,1008.0,2080.0,,,La Silla Observatory,Radial Velocity
HD 147513 b,2003,528.4,385.0,,,La Silla Observatory,Radial Velocity
HD 148156 b,2009,1027.0,270.144,,,La Silla Observatory,Radial Velocity
HD 148427 b,2009,331.9,381.3940884,,,Lick Observatory,Radial Velocity
HD 149026 b,2005,2.87589,120.7754,8.29466,,Subaru Telescope,Radial Velocity
HD 149143 b,2005,4.07182,422.7139,,,Haute-Provence Observatory,Radial Velocity
HD 1502 b,2011,428.5,874.0325,,,W. M. Keck Observatory,Radial Velocity
HD 152079 b,2009,2918.92,845.74563,,,Las Campanas Observatory,Radial Velocity
HD 152581 b,2011,686.5,594.02427,,,W. M. Keck Observatory,Radial Velocity
HD 153950 b,2008,499.39999,937.5985,,,La Silla Observatory,Radial Velocity
HD 154345 b,2006,3280.0,376.9444907,,,W. M. Keck Observatory,Radial Velocity
HD 154672 b,2008,163.94,1706.7471,,,Las Campanas Observatory,Radial Velocity
HD 154857 b,2004,408.60001,778.6835,,,Anglo-Australian Telescope,Radial Velocity
HD 155358 b,2007,194.3,314.6517,,,McDonald Observatory,Radial Velocity
HD 155358 c,2007,391.9,261.0,,,McDonald Observatory,Radial Velocity
HD 156279 b,2011,133.40355,2997.75753482,,,Haute-Provence Observatory,Radial Velocity
HD 156411 b,2009,842.2,235.18,,,La Silla Observatory,Radial Velocity
HD 156668 b,2010,4.6455,4.15,,,W. M. Keck Observatory,Radial Velocity
HD 156846 b,2007,359.51001,3391.2461,,,La Silla Observatory,Radial Velocity
HD 158038 b,2011,521.0,486.2799,,,W. M. Keck Observatory,Radial Velocity
HD 159868 b,2006,1184.1,704.94694,,,Anglo-Australian Telescope,Radial Velocity
HD 160691 b,2000,645.0,1366.6621501,,,Anglo-Australian Telescope,Radial Velocity
HD 160691 c,2004,3947.0,1398.4449908,,,Anglo-Australian Telescope,Radial Velocity
HD 160691 e,2006,307.9,2224.798849,,,La Silla Observatory,Radial Velocity
HD 16141 b,2000,75.523,82.6358,,,W. M. Keck Observatory,Radial Velocity
HD 16175 b,2009,990.0,1620.933,,,Lick Observatory,Radial Velocity
HD 162020 b,2002,8.4282,3127.4472,,,La Silla Observatory,Radial Velocity
HD 163607 b,2012,75.2203,249.051588,,,W. M. Keck Observatory,Radial Velocity
HD 163607 c,2012,1272.0,699.54383,,,W. M. Keck Observatory,Radial Velocity
HD 16417 b,2008,17.24,22.1,,,Anglo-Australian Telescope,Radial Velocity
HD 164509 b,2012,280.17,140.79869,,,W. M. Keck Observatory,Radial Velocity
HD 164604 b,2009,653.9,4195.3349724,,,Las Campanas Observatory,Radial Velocity
HD 164922 b,2005,1207.0,116.0,,,W. M. Keck Observatory,Radial Velocity
HD 167042 b,2007,417.67,444.00628458,,,Lick Observatory,Radial Velocity
HD 168443 b,1998,58.11187,2424.3950886,,,W. M. Keck Observatory,Radial Velocity
HD 168443 c,2000,1753.1096,5500.33841154,,,W. M. Keck Observatory,Radial Velocity
HD 168746 b,2002,6.404,85.8141,,,La Silla Observatory,Radial Velocity
HD 1690 b,2010,533.0,2793.7257,,,La Silla Observatory,Radial Velocity
HD 169830 b,2000,225.67372,804.42369812,,,La Silla Observatory,Radial Velocity
HD 169830 c,2003,1818.82339,2437.42605328,,,La Silla Observatory,Radial Velocity
HD 170469 b,2007,1145.0,209.7678,,,W. M. Keck Observatory,Radial Velocity
HD 17092 b,2007,359.89999,3219.6179,,,McDonald Observatory,Radial Velocity
HD 171028 b,2007,550.0,832.7146,,,La Silla Observatory,Radial Velocity
HD 171238 b,2009,1515.0,2796.8899816,,,La Silla Observatory,Radial Velocity
HD 17156 b,2007,21.2164294,1036.12060682,12.26262489,888.0,Subaru Telescope,Radial Velocity
HD 173416 b,2008,322.03,585.12209729,,,Xinglong Station,Radial Velocity
HD 175167 b,2009,1175.0,4703.8604236,,,Las Campanas Observatory,Radial Velocity
HD 175541 b,2007,298.43,190.06234,,,W. M. Keck Observatory,Radial Velocity
HD 177830 b,1999,410.10001,537.1327,,,W. M. Keck Observatory,Radial Velocity
HD 177830 c,2010,110.9,47.6725,,,W. M. Keck Observatory,Radial Velocity
HD 178911 B b,2001,71.484,2552.1749,,,W. M. Keck Observatory,Radial Velocity
HD 179079 b,2008,14.479,25.74423,,,W. M. Keck Observatory,Radial Velocity
HD 179949 b,2000,3.092514,291.12,,,Anglo-Australian Telescope,Radial Velocity
HD 180902 b,2009,510.9,535.54355,,,W. M. Keck Observatory,Radial Velocity
HD 181342 b,2009,564.1,807.2882,,,W. M. Keck Observatory,Radial Velocity
HD 181433 b,2008,9.3745,7.22,,,La Silla Observatory,Radial Velocity
HD 181433 c,2008,1018.5,235.5,,,La Silla Observatory,Radial Velocity
HD 181433 d,2008,6896.1,206.91,,,La Silla Observatory,Radial Velocity
HD 181720 b,2009,956.0,127.132,,,La Silla Observatory,Radial Velocity
HD 183263 b,2004,624.87404,1103.1824007,,,W. M. Keck Observatory,Radial Velocity
HD 183263 c,2008,4667.97841,2958.98246917,,,W. M. Keck Observatory,Radial Velocity
HD 185269 b,2006,6.83776,321.0083,,,Lick Observatory,Radial Velocity
HD 187085 b,2006,1019.74,265.70588,,,Anglo-Australian Telescope,Radial Velocity
HD 187123 b,1998,3.0965828,166.218,,,W. M. Keck Observatory,Radial Velocity
HD 187123 c,2008,3810.0,632.46,,,W. M. Keck Observatory,Radial Velocity
HD 18742 b,2011,766.0,1080.622,,,W. M. Keck Observatory,Radial Velocity
HD 188015 b,2004,461.2,476.72,,,W. M. Keck Observatory,Radial Velocity
HD 189733 b,2005,2.21857567,359.1479,12.66617,,Haute-Provence Observatory,Radial Velocity
HD 190360 b,2003,2892.0,533.95172376,,,Haute-Provence Observatory,Radial Velocity
HD 190360 c,2005,17.1173,25.42627256,,,W. M. Keck Observatory,Radial Velocity
HD 190647 b,2007,1176.45,630.89255,,,La Silla Observatory,Radial Velocity
HD 190984 b,2009,4885.0,985.2,,,La Silla Observatory,Radial Velocity
HD 192263 b,1999,24.3556,177.9848,,,La Silla Observatory,Radial Velocity
HD 192310 b,2011,74.72,16.9,,355.0,La Silla Observatory,Radial Velocity
HD 192310 c,2011,525.8,24.0,,185.0,La Silla Observatory,Radial Velocity
HD 192699 b,2007,340.94,666.17168,,,Lick Observatory,Radial Velocity
HD 195019 b,1998,18.20132,1264.9634,,,Lick Observatory,Radial Velocity
HD 196050 b,2002,1392.0,1493.7935129,,,Anglo-Australian Telescope,Radial Velocity
HD 196885 A b,2007,1333.0,819.97,,,Haute-Provence Observatory,Radial Velocity
HD 197037 b,2012,1035.7,251.0,,,McDonald Observatory,Radial Velocity
HD 19994 b,2003,466.2,435.41,,,La Silla Observatory,Radial Velocity
HD 20003 b,2019,11.8482,11.66,,,La Silla Observatory,Radial Velocity
HD 20003 c,2019,33.9239,14.44,,,La Silla Observatory,Radial Velocity
HD 200964 b,2010,606.3,508.21017,,,Lick Observatory,Radial Velocity
HD 200964 c,2010,852.5,385.84562,,,Lick Observatory,Radial Velocity
HD 202206 c,2004,1260.0,5689.157,,,La Silla Observatory,Radial Velocity
HD 2039 b,2002,1120.0,1999.1507,,,Anglo-Australian Telescope,Radial Velocity
HD 204313 b,2010,2041.11539,1466.7780983,,,La Silla Observatory,Radial Velocity
HD 204313 c,2015,34.95875,17.16273398,,,La Silla Observatory,Radial Velocity
HD 204941 b,2011,1733.0,73.1009,,,La Silla Observatory,Radial Velocity
HD 205739 b,2008,279.8,435.41,,,Las Campanas Observatory,Radial Velocity
HD 206610 b,2009,673.2,647.10188,,,W. M. Keck Observatory,Radial Velocity
HD 20781 b,2019,5.3135,1.93,,,La Silla Observatory,Radial Velocity
HD 20781 c,2019,13.8905,5.33,,,La Silla Observatory,Radial Velocity
HD 20782 b,2006,597.0643,472.83,,,Anglo-Australian Telescope,Radial Velocity
HD 20794 b,2011,18.314,2.15,,,La Silla Observatory,Radial Velocity
HD 20794 d,2011,89.68,2.98,,,La Silla Observatory,Radial Velocity
HD 208487 b,2004,129.36,146.20106722,,,Anglo-Australian Telescope,Radial Velocity
HD 20868 b,2008,380.85001,397.2875,,,La Silla Observatory,Radial Velocity
HD 209458 b,1999,3.52474859,232.0159,15.58051,,W. M. Keck Observatory,Radial Velocity
HD 210277 b,1998,442.19,410.0007,,,W. M. Keck Observatory,Radial Velocity
HD 210702 b,2007,355.5,481.5100366,,,Lick Observatory,Radial Velocity
HD 212301 b,2005,2.24571,162.0933,,,La Silla Observatory,Radial Velocity
HD 212771 b,2009,380.7,759.6137,,,W. M. Keck Observatory,Radial Velocity
HD 213240 b,2001,882.70001,1773.4914,,,La Silla Observatory,Radial Velocity
HD 215152 b,2018,5.75999,1.819,,,La Silla Observatory,Radial Velocity
HD 215152 c,2018,7.28243,1.72,,,La Silla Observatory,Radial Velocity
HD 215497 b,2009,3.93404,6.3566,,,La Silla Observatory,Radial Velocity
HD 215497 c,2009,566.0,111.23994245,,,La Silla Observatory,Radial Velocity
HD 216435 b,2002,1311.0,400.4,,,Anglo-Australian Telescope,Radial Velocity
HD 216437 b,2002,1359.0,1334.8793094,,,Anglo-Australian Telescope,Radial Velocity
HD 216770 b,2003,118.45,181.1631,,,La Silla Observatory,Radial Velocity
HD 21693 b,2019,22.6786,8.23,,,La Silla Observatory,Radial Velocity
HD 21693 c,2019,53.7357,17.37,,,La Silla Observatory,Radial Velocity
HD 217107 b,1998,7.1270166,459.57987652,,,Lick Observatory,Radial Velocity
HD 217107 c,2005,5138.7,1388.91013859,,,Lick Observatory,Radial Velocity
HD 217786 b,2011,1301.36009,4402.55909376,,,La Silla Observatory,Radial Velocity
HD 218566 b,2010,225.7,63.566,,,W. M. Keck Observatory,Radial Velocity
91 Aqr b,2013,181.4,1017.0,,,Lick Observatory,Radial Velocity
HD 219828 b,2007,3.83483,19.06970442,,,La Silla Observatory,Radial Velocity
HD 220773 b,2011,3724.7,460.8,,,McDonald Observatory,Radial Velocity
HD 221287 b,2007,456.1,982.05,,,La Silla Observatory,Radial Velocity
HD 222582 b,1999,572.38,2660.2371,,,W. M. Keck Observatory,Radial Velocity
HD 224693 b,2006,26.6904,222.481,,,W. M. Keck Observatory,Radial Velocity
HD 22781 b,2011,528.07,4338.2,,,Haute-Provence Observatory,Radial Velocity
HD 23079 b,2001,735.74,845.42356262,,,Anglo-Australian Telescope,Radial Velocity
HD 23127 b,2006,1211.17,485.32641,,,Anglo-Australian Telescope,Radial Velocity
HD 231701 b,2007,141.63,359.1479,,,W. M. Keck Observatory,Radial Velocity
HD 23596 b,2003,1535.11912,3786.607641,,,Haute-Provence Observatory,Radial Velocity
HD 240210 b,2009,501.75,1655.82,,,McDonald Observatory,Radial Velocity
HD 240237 b,2011,745.70001,5050.3187,,,McDonald Observatory,Radial Velocity
HD 25171 b,2010,1802.29,290.81445,,,La Silla Observatory,Radial Velocity
HD 2638 b,2005,3.4442,133.4886,,,La Silla Observatory,Radial Velocity
HD 27442 b,2000,428.1,495.8,,,Anglo-Australian Telescope,Radial Velocity
HD 27894 b,2005,18.01939,196.73578393,,,La Silla Observatory,Radial Velocity
HD 28185 b,2001,385.92,1859.29618095,,,La Silla Observatory,Radial Velocity
HD 28254 b,2010,1333.0,1207.7479466,,,La Silla Observatory,Radial Velocity
HD 285968 b,2008,8.7836,8.4,,450.0,La Silla Observatory,Radial Velocity
HD 28678 b,2011,380.2,490.09386,,,W. M. Keck Observatory,Radial Velocity
HD 290327 b,2009,2443.0,772.3269,,,La Silla Observatory,Radial Velocity
HD 30177 b,2002,2514.53422,2670.71210402,,,Anglo-Australian Telescope,Radial Velocity
HD 30562 b,2009,1157.0,387.7526,,,Lick Observatory,Radial Velocity
HD 30856 b,2011,847.0,491.68301,,,W. M. Keck Observatory,Radial Velocity
HD 31253 b,2010,466.0,197.0546,,,W. M. Keck Observatory,Radial Velocity
HD 31527 b,2019,16.5535,10.47,,,La Silla Observatory,Radial Velocity
HD 31527 c,2019,51.2053,14.16,,,La Silla Observatory,Radial Velocity
HD 31527 d,2019,271.6737,11.82,,,La Silla Observatory,Radial Velocity
HD 32518 b,2009,157.35,905.49313154,,,Thueringer Landessternwarte Tautenburg,Radial Velocity
HD 330075 b,2004,3.38773,152.5584,,,La Silla Observatory,Radial Velocity
HD 33142 b,2011,330.0,400.46379282,,,W. M. Keck Observatory,Radial Velocity
HD 33283 b,2006,18.1991,104.56607,,,W. M. Keck Observatory,Radial Velocity
HD 33564 b,2005,388.0,2892.1,,,Haute-Provence Observatory,Radial Velocity
HD 34445 b,2009,1049.0,260.6206,,,W. M. Keck Observatory,Radial Velocity
HD 3651 b,2003,62.25,72.46524,,,Multiple Observatories,Radial Velocity
HD 37124 b,2002,154.378,214.53525,,,W. M. Keck Observatory,Radial Velocity
HD 37124 c,2002,885.5,207.22516,,,W. M. Keck Observatory,Radial Velocity
HD 37124 d,2005,1862.0,221.20968,,,W. M. Keck Observatory,Radial Velocity
HD 37605 b,2004,55.01292,854.9627,,,McDonald Observatory,Radial Velocity
HD 38529 b,2000,14.3099,206.58846455,,,Multiple Observatories,Radial Velocity
HD 38529 c,2000,2127.60566,3299.05886466,,,Multiple Observatories,Radial Velocity
HD 38801 b,2009,685.25,3082.31534,,,Subaru Telescope,Radial Velocity
HD 39091 b,2001,2088.8,4481.3805387,,,Anglo-Australian Telescope,Radial Velocity
HD 40307 b,2009,4.3123,4.0,,,La Silla Observatory,Radial Velocity
HD 40307 c,2009,9.6184,6.6,,,La Silla Observatory,Radial Velocity
HD 40307 d,2009,20.432,9.5,,,La Silla Observatory,Radial Velocity
HD 40979 b,2002,264.14999,1484.2661,,,Multiple Observatories,Radial Velocity
HD 41004 A b,2004,963.0,807.25,,,La Silla Observatory,Radial Velocity
HD 41004 B b,2003,1.3283,5838.29,,,La Silla Observatory,Radial Velocity
HD 4113 b,2007,526.5239,541.26177712,,,La Silla Observatory,Radial Velocity
HD 4203 b,2001,431.88,708.7609,,,W. M. Keck Observatory,Radial Velocity
HD 4208 b,2001,832.97,257.4423,,,W. M. Keck Observatory,Radial Velocity
HD 4308 b,2005,15.56,15.8915,,,La Silla Observatory,Radial Velocity
HD 4313 b,2009,356.21,612.45841,,,W. M. Keck Observatory,Radial Velocity
HD 43197 b,2010,308.92072,175.75910907,,,La Silla Observatory,Radial Velocity
HD 43691 b,2007,36.9987,810.4665,,,Haute-Provence Observatory,Radial Velocity
HD 44219 b,2010,472.0,184.34047606,,,La Silla Observatory,Radial Velocity
HD 45184 b,2019,5.8854,12.19,,,La Silla Observatory,Radial Velocity
HD 45350 b,2004,963.6,568.89,,,W. M. Keck Observatory,Radial Velocity
HD 45364 b,2008,225.79,60.16491745,,,La Silla Observatory,Radial Velocity
HD 45364 c,2008,345.43,174.48779544,,,La Silla Observatory,Radial Velocity
HD 45652 b,2008,44.073,137.62039,,,Haute-Provence Observatory,Radial Velocity
HD 46375 b,2000,3.023573,71.8,,,W. M. Keck Observatory,Radial Velocity
HD 47186 b,2008,4.0845,22.2481,,,La Silla Observatory,Radial Velocity
HD 47186 c,2008,1353.6,111.42,,,La Silla Observatory,Radial Velocity
HD 47536 b,2002,712.13,2330.0,,,La Silla Observatory,Radial Velocity
HD 48265 b,2008,778.51,484.69075,,,Las Campanas Observatory,Radial Velocity
HD 49674 b,2002,4.94737,31.783,,,W. M. Keck Observatory,Radial Velocity
HD 50499 b,2005,2447.1,519.96988,,,W. M. Keck Observatory,Radial Velocity
HD 50554 b,2002,1293.0,1574.464,,,Lick Observatory,Radial Velocity
HD 51608 b,2019,14.0726,12.77,,,La Silla Observatory,Radial Velocity
HD 51608 c,2019,95.9446,14.31,,,La Silla Observatory,Radial Velocity
HD 52265 b,2000,119.27,384.5743,,,W. M. Keck Observatory,Radial Velocity
HD 5319 b,2007,637.1,494.54348,,,W. M. Keck Observatory,Radial Velocity
HD 5891 b,2011,177.11,2425.0429,,,W. M. Keck Observatory,Radial Velocity
HD 59686 A b,2016,299.36,2199.3836,,,Lick Observatory,Radial Velocity
HD 60532 b,2008,201.9,336.8998,,,La Silla Observatory,Radial Velocity
HD 60532 c,2008,600.1,797.7533,,,La Silla Observatory,Radial Velocity
HD 62509 b,2006,589.64,731.0,,,Multiple Observatories,Radial Velocity
HD 63454 b,2005,2.81805,79.4575,,,La Silla Observatory,Radial Velocity
HD 63765 b,2009,358.0,168.4499,,,La Silla Observatory,Radial Velocity
HD 6434 b,2003,21.998,155.7367,,,La Silla Observatory,Radial Velocity
HD 65216 b,2003,577.6,411.58985,,,La Silla Observatory,Radial Velocity
HD 66428 b,2005,2269.81726,3478.94974302,,,W. M. Keck Observatory,Radial Velocity
HD 6718 b,2009,2476.0,762.7881768,,,La Silla Observatory,Radial Velocity
HD 68988 b,2001,6.27711,626.1251,,,Multiple Observatories,Radial Velocity
HD 69830 b,2006,8.667,10.2,,,La Silla Observatory,Radial Velocity
HD 69830 c,2006,31.56,11.8,,,La Silla Observatory,Radial Velocity
HD 69830 d,2006,197.0,18.1,,,La Silla Observatory,Radial Velocity
HD 70573 b,2007,851.8,1900.0,,,La Silla Observatory,Radial Velocity
HD 70642 b,2003,2124.54,633.43519,,,Anglo-Australian Telescope,Radial Velocity
HD 7199 b,2011,615.0,85.8141,,,La Silla Observatory,Radial Velocity
HD 72659 b,2002,3549.0,906.12878836,,,W. M. Keck Observatory,Radial Velocity
HD 73267 b,2008,1257.99159,1321.53051631,,,La Silla Observatory,Radial Velocity
HD 73526 b,2002,188.3,978.9164,,,Anglo-Australian Telescope,Radial Velocity
HD 73526 c,2005,379.1,715.09,,,Anglo-Australian Telescope,Radial Velocity
HD 73534 b,2008,1750.0,353.42696,,,W. M. Keck Observatory,Radial Velocity
HD 74156 b,2003,51.63564,532.36258173,,,Haute-Provence Observatory,Radial Velocity
HD 74156 c,2003,2448.48726,2753.98314665,,,Haute-Provence Observatory,Radial Velocity
HD 7449 b,2011,1270.55195,2597.92939882,,,La Silla Observatory,Radial Velocity
HD 75289 b,1999,3.50927,155.7367,,,La Silla Observatory,Radial Velocity
HD 75898 b,2007,422.82,810.46243785,,,W. M. Keck Observatory,Radial Velocity
HD 76700 b,2002,3.97097,66.7443,,,Anglo-Australian Telescope,Radial Velocity
HD 7924 b,2008,5.39792,6.3566,,,W. M. Keck Observatory,Radial Velocity
HD 79498 b,2011,1807.0,425.8922,,,McDonald Observatory,Radial Velocity
HD 80606 b,2001,111.436765,1323.46926959,11.56766808,,Multiple Observatories,Radial Velocity
HD 81040 b,2005,1002.7,2301.07766668,,,Multiple Observatories,Radial Velocity
HD 81688 b,2007,183.93,525.68818518,,,Okayama Astrophysical Observatory,Radial Velocity
HD 82886 b,2011,705.0,740.5439,,,W. M. Keck Observatory,Radial Velocity
HD 82943 b,2003,441.47,534.25,,,La Silla Observatory,Radial Velocity
HD 82943 c,2003,220.078,622.603,,,La Silla Observatory,Radial Velocity
HD 83443 b,2002,2.985628,127.76701961,,,Multiple Observatories,Radial Velocity
HD 8535 b,2010,1313.0,216.1244,,,La Silla Observatory,Radial Velocity
HD 85390 b,2009,799.52,31.46517,,,La Silla Observatory,Radial Velocity
HD 8574 b,2002,227.0,645.1949,,,Haute-Provence Observatory,Radial Velocity
HD 86081 b,2006,2.1378431,470.3884,,,W. M. Keck Observatory,Radial Velocity
HD 86226 b,2009,1628.0,143.0235,,176.0,Las Campanas Observatory,Radial Velocity
HD 86264 b,2009,1488.79123,3117.26101586,,,Lick Observatory,Radial Velocity
HD 8673 b,2009,1644.69097,4210.59073594,,,Thueringer Landessternwarte Tautenburg,Radial Velocity
HD 87883 b,2009,3006.0,2005.49724817,,,Lick Observatory,Radial Velocity
HD 88133 b,2004,3.414884,90.422635,,,W. M. Keck Observatory,Radial Velocity
HD 89307 b,2009,2166.0,670.6213,,,Lick Observatory,Radial Velocity
HD 89744 b,1999,256.78,2653.8805,,,Fred Lawrence Whipple Observatory,Radial Velocity
HD 90156 b,2009,49.77,17.98,,,La Silla Observatory,Radial Velocity
HD 92788 b,2000,325.803,1195.0408,,,Multiple Observatories,Radial Velocity
HD 93083 b,2005,144.72,143.34061156,,,La Silla Observatory,Radial Velocity
HD 9446 b,2009,30.052,222.472,,,Haute-Provence Observatory,Radial Velocity
HD 9446 c,2009,192.9,578.426,,,Haute-Provence Observatory,Radial Velocity
HD 95089 b,2009,464.4,400.4658,,,W. M. Keck Observatory,Radial Velocity
HD 96063 b,2011,362.5,403.6441,,,W. M. Keck Observatory,Radial Velocity
HD 96127 b,2011,638.9,1207.7479466,,,McDonald Observatory,Radial Velocity
HD 96167 b,2009,498.04,227.88411,,,W. M. Keck Observatory,Radial Velocity
HD 97658 b,2010,9.4897116,8.3,2.12,751.0,W. M. Keck Observatory,Radial Velocity
HD 98219 b,2011,433.8,624.21812,,,W. M. Keck Observatory,Radial Velocity
HD 99109 b,2005,439.29999,139.8452,,,W. M. Keck Observatory,Radial Velocity
HD 99492 b,2004,17.0503,25.5,,,W. M. Keck Observatory,Radial Velocity
HD 99706 b,2011,841.0,390.9309,,,W. M. Keck Observatory,Radial Velocity
HIP 12961 b,2010,57.435,114.4188,,,La Silla Observatory,Radial Velocity
HIP 14810 b,2005,6.673892,1239.537,,,W. M. Keck Observatory,Radial Velocity
HIP 14810 c,2006,147.747,416.3573,,,W. M. Keck Observatory,Radial Velocity
HIP 14810 d,2009,981.8,187.5197,,,W. M. Keck Observatory,Radial Velocity
HIP 5158 b,2009,345.72,451.0,,,La Silla Observatory,Radial Velocity
GJ 1148 b,2010,41.38,96.7,,,W. M. Keck Observatory,Radial Velocity
HIP 57274 b,2011,8.1352,6.3566,,,W. M. Keck Observatory,Radial Velocity
HIP 57274 c,2011,32.03,130.0,,,W. M. Keck Observatory,Radial Velocity
HIP 57274 d,2011,431.7,167.4,,,W. M. Keck Observatory,Radial Velocity
HIP 70849 b,2009,3649.0,1430.2278315,,,La Silla Observatory,Radial Velocity
iot Dra b,2002,510.8544,3756.73177074,,,Lick Observatory,Radial Velocity
HIP 79431 b,2009,111.7,667.415,,,W. M. Keck Observatory,Radial Velocity
HR 810 b,1999,302.79999,721.4741,,,La Silla Observatory,Radial Velocity
HR 8799 b,2008,170000.0,2000.0,13.0,,Gemini Observatory,Imaging
HR 8799 c,2008,69000.0,3000.0,13.0,,Gemini Observatory,Imaging
HR 8799 d,2008,37000.0,3000.0,13.0,,W. M. Keck Observatory,Imaging
kap CrB b,2007,1253.68,483.73483545,,,Lick Observatory,Radial Velocity
xi Aql b,2007,136.97,616.90493799,,,Okayama Astrophysical Observatory,Radial Velocity
Lupus-TR-3 b,2007,3.91405,257.431,9.976,,Multiple Observatories,Transit
MOA-2009-BLG-266L b,2011,2800.0,10.4,,,MOA,Microlensing
MOA-2009-BLG-387L b,2010,1980.0,830.0,,,MOA,Microlensing
BD-13 2130 b,2007,714.29999,3108.3774,,,La Silla Observatory,Radial Velocity
OGLE-2005-BLG-390L b,2005,3285.0,5.5,,50.0,OGLE,Microlensing
OGLE-2006-BLG-109L b,2008,1788.5,231.0,,,OGLE,Microlensing
OGLE-2006-BLG-109L c,2008,4927.5,86.0,,,OGLE,Microlensing
OGLE2-TR-L9 b,2008,2.4855335,1430.175,18.046,,OGLE,Transit
OGLE-TR-10 b,2004,3.101278,197.046,14.011,,OGLE,Transit
OGLE-TR-113 b,2004,1.4324752,400.449,12.251,,OGLE,Transit
OGLE-TR-132 b,2004,1.689868,375.02,13.45,2013.0,OGLE,Transit
OGLE-TR-182 b,2007,3.9791,320.995,12.666,,OGLE,Transit
OGLE-TR-211 b,2007,3.67724,327.351,15.244,,OGLE,Transit
OGLE-TR-56 b,2002,1.2119189,441.77,15.278,2212.0,OGLE,Transit
PSR B1257+12 b,1994,25.262,0.02,,,Arecibo Observatory,Pulsar Timing
PSR B1257+12 c,1992,66.5419,4.3,,,Arecibo Observatory,Pulsar Timing
PSR B1257+12 d,1992,98.2114,3.9,,,Arecibo Observatory,Pulsar Timing
Qatar-1 b,2010,1.4200242,411.27202,12.811887,1418.0,Qatar,Transit
Qatar-2 b,2011,1.33711647,792.635,14.056,1344.0,Qatar,Transit
rho CrB b,1997,39.849,347.995,,,Fred Lawrence Whipple Observatory,Radial Velocity
SWEEPS-4 b,2006,4.2,1207.7,9.079,,Hubble Space Telescope,Transit
SWEEPS-11 b,2006,1.796,3082.82,12.666,,Hubble Space Telescope,Transit
tau Boo b,1996,3.3124568,1373.0256,,,Lick Observatory,Radial Velocity
TrES-1 b,2004,3.03007,266.9772,12.66617,,TrES,Transit
TrES-3 b,2007,1.30618581,607.03,14.975,,TrES,Transit
TrES-4 b,2007,3.55395,247.9074,18.04649,,TrES,Transit
TrES-5 b,2011,1.48224686,568.9157,13.383546,1480.0,TrES,Transit
ups And b,1996,4.617033,218.531,,,Lick Observatory,Radial Velocity
ups And c,1999,241.258,629.595,,,Multiple Observatories,Radial Velocity
ups And d,1999,1276.46,1313.22,,,Multiple Observatories,Radial Velocity
V0391 Peg b,2007,1170.0,1017.056,,,Multiple Observatories,Pulsation Timing Variations
WASP-10 b,2008,3.0927616,1001.12,12.106,1370.0,SuperWASP,Transit
WASP-11 b,2008,3.72247,251.0857,12.44199,,SuperWASP,Transit
WASP-13 b,2009,4.35301,114.4188,13.67498,,SuperWASP,Transit
WASP-14 b,2008,2.24375,2809.6172,15.46842,,SuperWASP,Transit
WASP-15 b,2009,3.7521,171.6282,15.80469,,SuperWASP,Transit
WASP-16 b,2009,3.1186,394.1092,13.67498,,SuperWASP,Transit
WASP-17 b,2009,3.73543,247.9074,20.96083,,SuperWASP,Transit
WASP-18 b,2009,0.94145223,3241.8497514,13.89913607,2429.0,SuperWASP,Transit
WASP-19 b,2009,0.78883852,366.77398168,15.86070769,2113.0,SuperWASP,Transit
WASP-1 b,2007,2.5199454,271.415,16.623,,SuperWASP,Transit
WASP-21 b,2010,4.322482,95.345,11.99,,SuperWASP,Transit
WASP-22 b,2010,3.53269,212.9461,13.78707,,SuperWASP,Transit
WASP-24 b,2010,2.34121,394.1092,15.46842,,SuperWASP,Transit
WASP-25 b,2010,3.7648337,179.25522155,13.80946422,1217.0,SuperWASP,Transit
WASP-26 b,2010,2.7566,270.1555,13.56289,,SuperWASP,Transit
WASP-28 b,2014,3.40883495,282.54945382,13.66374747,1456.0,SuperWASP,Transit
WASP-29 b,2010,3.92273,73.1009,8.63093,,SuperWASP,Transit
WASP-2 b,2007,2.152175,295.89973,12.116929,1311.0,SuperWASP,Transit
WASP-31 b,2010,3.4059096,151.916,17.363,,SuperWASP,Transit
WASP-32 b,2010,2.71866,835.8929,10.76064,,SuperWASP,Transit
WASP-33 b,2010,1.21987,665.21819,17.855937,2781.7,SuperWASP,Transit
WASP-34 b,2010,4.31768,177.9848,11.209,,SuperWASP,Transit
WASP-35 b,2011,3.16158,225.6593,14.5717,,SuperWASP,Transit
WASP-36 b,2011,1.53736596,750.39663,14.874343,1733.0,SuperWASP,Transit
WASP-37 b,2010,3.577469,572.07,13.002,,SuperWASP,Transit
WASP-38 b,2010,6.87188,1093.3352,13.78707,,SuperWASP,Transit
WASP-39 b,2011,4.0552941,89.31023,14.336311,1166.0,SuperWASP,Transit
WASP-3 b,2007,1.84683,772.3269,15.91678,,SuperWASP,Transit
WASP-41 b,2011,3.0524,270.1555,12.3299,,SuperWASP,Transit
WASP-43 b,2011,0.813475,565.714,10.424,,SuperWASP,Transit
WASP-44 b,2011,2.423804,276.5121,12.3299,1337.0,SuperWASP,Transit
WASP-45 b,2011,3.126089,306.38812,10.603714,1153.0,SuperWASP,Transit
WASP-46 b,2011,1.43036763,607.0553,13.159366,1636.0,SuperWASP,Transit
WASP-48 b,2011,2.14363,254.264,16.8135,,SuperWASP,Transit
WASP-4 b,2007,1.338230994,381.3940884,15.12091496,1653.0,SuperWASP,Transit
WASP-50 b,2011,1.9551,466.828704,13.069694,1394.84,SuperWASP,Transit
WASP-5 b,2008,1.6284279,502.15,12.184,1706.0,SuperWASP,Transit
WASP-6 b,2009,3.3610026,148.42586607,12.5428494,1167.0,SuperWASP,Transit
WASP-7 b,2008,4.9546416,305.1168,14.90797,1487.0,SuperWASP,Transit
WASP-8 b,2010,8.15872,807.2882,12.66617,,SuperWASP,Transit
XO-1 b,2006,3.94153,263.7989,12.77826,,XO,Transit
XO-2 N b,2007,2.61585906,188.79007376,,,XO,Transit
XO-3 b,2007,3.19152309,4217.58296089,14.79585452,1890.0,XO,Transit
XO-4 b,2010,4.12508,451.3186,14.01125,,Lowell Observatory,Transit
XO-5 b,2008,4.1877558,378.2,12.78,1230.0,XO,Transit
11 Com b,2007,323.21,4914.89848585,,,Xinglong Station,Radial Velocity
alf Ari b,2010,380.8,572.07,,,Bohyunsan Optical Astronomical Observatory,Radial Velocity
CoRoT-16 b,2011,5.35227,170.032,13.11,,CoRoT,Transit
HD 106515 A b,2012,3626.0,6006.9568923,,,La Silla Observatory,Radial Velocity
HD 166724 b,2012,5144.0,1121.89,,,La Silla Observatory,Radial Velocity
HD 180314 b,2010,394.73,7216.92963775,,,Subaru Telescope,Radial Velocity
HD 196067 b,2012,3413.7,3623.2438398,,,La Silla Observatory,Radial Velocity
HD 220689 b,2012,2266.4,355.33394,,,La Silla Observatory,Radial Velocity
HD 27631 b,2012,2198.14,474.83802,,,La Silla Observatory,Radial Velocity
HD 38283 b,2010,363.20001,127.132,,,Anglo-Australian Telescope,Radial Velocity
HD 65216 c,2013,5370.0,645.1949,,,La Silla Observatory,Radial Velocity
HD 98649 b,2012,5384.0,3082.9355479,,,La Silla Observatory,Radial Velocity
HIP 5158 c,2011,9017.76,4780.1632,,,La Silla Observatory,Radial Velocity
HU Aqr AB b,2011,2390.0,1875.197,,,Yunnan Astronomical Observatory,Eclipse Timing Variations
HU Aqr AB c,2011,4368.0,1430.235,,,Yunnan Astronomical Observatory,Eclipse Timing Variations
NN Ser c,2010,6987.0,3086.11383197,,,Multiple Observatories,Eclipse Timing Variations
NN Ser d,2010,2880.0,696.04421133,,,Multiple Observatories,Eclipse Timing Variations
nu Oph b,2012,529.93,6848.56651404,,,Okayama Astrophysical Observatory,Radial Velocity
nu Oph c,2012,3180.6,7530.30844705,,,Okayama Astrophysical Observatory,Radial Velocity
NY Vir b,2011,3160.0,845.4278,,,Multiple Observatories,Eclipse Timing Variations
Oph 11 b,2006,7300000.0,4449.62,,2175.0,Gemini Observatory,Imaging
tau Gem b,2013,305.5,6547.0,,,Lick Observatory,Radial Velocity
WASP-23 b,2010,2.9444256,280.95,10.783,,SuperWASP,Transit
KOI-55 b,2011,0.240104,0.44,0.759,,Kepler,Orbital Brightness Modulation
KOI-55 c,2011,0.342887,0.655,0.867,,Kepler,Orbital Brightness Modulation
HD 142 c,2012,10159.64279,3464.64746471,,,Anglo-Australian Telescope,Radial Velocity
HATS-1 b,2012,3.446459,589.55,14.594,1359.0,HATSouth,Transit
WASP-78 b,2012,2.17518,352.7913,21.63337,,SuperWASP,Transit
WASP-79 b,2012,3.662392,270.15414595,17.14974047,1716.2,SuperWASP,Transit
KELT-1 b,2012,1.217514,8654.15,12.442,,KELT,Transit
KELT-2 A b,2012,4.11379,540.311,15.13215,,KELT,Transit
Kepler-36 b,2012,13.86825,3.83,1.498,,Kepler,Transit
GJ 3470 b,2012,3.3366496,13.9,4.57,593.5,La Silla Observatory,Radial Velocity
BD+20 274 b,2012,578.2,1334.886,,,McDonald Observatory,Radial Velocity
HD 219415 b,2012,2093.3,317.83,,,McDonald Observatory,Radial Velocity
Pr0201 b,2012,4.4264,171.6282,,,Fred Lawrence Whipple Observatory,Radial Velocity
Pr0211 b,2012,2.1461,597.5204,,,Fred Lawrence Whipple Observatory,Radial Velocity
HD 77338 b,2012,5.7361,19.0698,,,La Silla Observatory,Radial Velocity
HD 207832 b,2012,160.07,177.9848,,,W. M. Keck Observatory,Radial Velocity
HD 207832 c,2012,1155.7,232.0159,,,W. M. Keck Observatory,Radial Velocity
HAT-P-39 b,2012,3.54387,190.372,17.609,1752.0,HATNet,Transit
HAT-P-40 b,2012,4.45724,152.5584,17.03768,,HATNet,Transit
HAT-P-41 b,2012,2.69405,378.2177,22.97845,,HATNet,Transit
HD 5608 b,2012,768.7,371.22357938,,,Okayama Astrophysical Observatory,Radial Velocity
75 Cet b,2012,696.62,787.89662095,,,Okayama Astrophysical Observatory,Radial Velocity
omi UMa b,2012,1569.81,1160.39151396,,,Okayama Astrophysical Observatory,Radial Velocity
omi CrB b,2012,187.01,355.96781584,,,Okayama Astrophysical Observatory,Radial Velocity
WASP-42 b,2012,4.9816819,167.49641,12.576498,1021.0,SuperWASP,Transit
WASP-47 b,2012,4.159151,374.0,12.86,,SuperWASP,Transit
WASP-49 b,2012,2.78174,117.5971,12.44199,,SuperWASP,Transit
WASP-55 b,2012,4.465631,186.2474465,14.72860064,1342.0,SuperWASP,Transit
WASP-61 b,2012,3.8559,851.7844,15.80469,,SuperWASP,Transit
WASP-62 b,2012,4.41195,165.2716,14.79588,,SuperWASP,Transit
WASP-63 b,2012,4.37808,117.5971,15.80469,,SuperWASP,Transit
WASP-66 b,2012,4.08605,746.9005,15.6926,,SuperWASP,Transit
WASP-67 b,2012,4.61442,136.6669,12.89035,,SuperWASP,Transit
HAT-P-38 b,2012,4.640382,84.857,9.247,1082.0,HATNet,Transit
Kepler-46 c,2012,57.011,119.499,,455.0,Kepler,Transit Timing Variations
Kepler-47 b,2012,49.4643,2.07,3.05,,Kepler,Transit
Kepler-47 c,2012,303.227,3.17,4.65,,Kepler,Transit
eps CrB b,2012,417.9,2129.461,,,Bohyunsan Optical Astronomical Observatory,Radial Velocity
WTS-1 b,2012,3.352057,1274.44,16.7,1500.0,United Kingdom Infrared Telescope,Transit
WASP-54 b,2012,3.69364,187.5197,17.71022,,SuperWASP,Transit
WASP-56 b,2012,4.6171,143.0235,10.53646,,SuperWASP,Transit
WASP-57 b,2012,2.83891856,204.68252,11.76945,1338.0,SuperWASP,Transit
HD 4732 b,2012,371.74,631.2072163,,,Multiple Observatories,Radial Velocity
HD 4732 c,2012,3184.2,1069.49258955,,,Multiple Observatories,Radial Velocity
HD 37605 c,2012,2720.0,1013.8777,,,Multiple Observatories,Radial Velocity
HD 40307 f,2013,51.76,5.2,,,La Silla Observatory,Radial Velocity
HD 40307 g,2013,197.8,7.1,,,La Silla Observatory,Radial Velocity
HD 66141 b,2012,480.5,1906.9,,,Bohyunsan Optical Astronomical Observatory,Radial Velocity
HD 208527 b,2012,875.5,3146.4,,,Bohyunsan Optical Astronomical Observatory,Radial Velocity
HD 220074 b,2012,672.09998,5288.6912,,,Bohyunsan Optical Astronomical Observatory,Radial Velocity
WASP-52 b,2012,1.7497798,146.2,14.24,1315.0,SuperWASP,Transit
WASP-58 b,2012,5.01718,308.2951,16.02887,,SuperWASP,Transit
WASP-59 b,2012,7.919585,274.276,8.687,670.0,SuperWASP,Transit
WASP-60 b,2012,4.305,174.8065,9.86392,,SuperWASP,Transit
WASP-77 A b,2012,1.360029395,529.31142902,,,SuperWASP,Transit
GJ 676 A d,2012,3.60076,3.81394088,,,La Silla Observatory,Radial Velocity
GJ 676 A e,2012,35.47358,6.67439655,,,La Silla Observatory,Radial Velocity
BD-06 1339 b,2013,3.8728,8.5,,,La Silla Observatory,Radial Velocity
BD-06 1339 c,2013,125.94,53.0,,,La Silla Observatory,Radial Velocity
HD 103774 b,2013,5.8881,116.0,,,La Silla Observatory,Radial Velocity
HD 109271 b,2013,7.8543,17.162,,,La Silla Observatory,Radial Velocity
HD 109271 c,2013,30.93,24.154,,,La Silla Observatory,Radial Velocity
HD 219077 b,2012,5478.68861,3057.50927534,,,La Silla Observatory,Radial Velocity
Kepler-68 d,2013,632.62,238.05347684,,,W. M. Keck Observatory,Radial Velocity
WASP-64 b,2012,1.5732918,403.945,14.247,1689.0,SuperWASP,Transit
WASP-72 b,2012,2.21673,731.009,14.45961,,SuperWASP,Transit
WASP-80 b,2012,3.06785234,170.99254,11.197791,825.0,SuperWASP,Transit
WASP-71 b,2012,2.90367,441.7837,13.22662,,SuperWASP,Transit
HD 159868 c,2012,351.0,244.09344,,,Anglo-Australian Telescope,Radial Velocity
PH1 b,2012,138.317,169.0,6.18,481.0,Kepler,Transit
HD 222155 b,2011,3999.0,673.7996,,,Haute-Provence Observatory,Radial Velocity
HD 24040 b,2006,3668.0,1226.8238,,,W. M. Keck Observatory,Radial Velocity
ome Ser b,2013,278.59,233.92170755,,,Okayama Astrophysical Observatory,Radial Velocity
HD 2952 b,2013,312.08,284.77425267,,,Okayama Astrophysical Observatory,Radial Velocity
HD 120084 b,2013,2142.0,2034.1018048,,,Okayama Astrophysical Observatory,Radial Velocity
Kepler-19 c,2011,28.731,13.1,,,Kepler,Transit Timing Variations
BD+15 2940 b,2013,137.48,352.78,,,McDonald Observatory,Radial Velocity
HD 233604 b,2013,192.0,2089.644,,,McDonald Observatory,Radial Velocity
KELT-3 b,2013,2.70339,616.5902,17.48604,,KELT,Transit
GJ 163 b,2013,8.63182,10.6,,,La Silla Observatory,Radial Velocity
GJ 163 c,2013,25.63058,6.8,,,La Silla Observatory,Radial Velocity
GJ 163 d,2013,603.95116,29.4,,,La Silla Observatory,Radial Velocity
DENIS-P J082303.1-491201 b,2013,246.36,9057.77,,,Paranal Observatory,Astrometry
HIP 63242 b,2013,124.6,2917.56,,,Multiple Observatories,Radial Velocity
GJ 667 C e,2013,62.24,2.7,,,La Silla Observatory,Radial Velocity
GJ 667 C f,2013,39.026,2.7,,,La Silla Observatory,Radial Velocity
GJ 667 C g,2013,256.2,4.6,,,La Silla Observatory,Radial Velocity
Kepler-78 b,2013,0.35500745,1.68,1.201,2223.0,Kepler,Transit
GJ 328 b,2013,3771.0,797.74930157,,,McDonald Observatory,Radial Velocity
CFBDSIR J145829+101343 b,2011,10037.5,3337.1,,370.0,W. M. Keck Observatory,Imaging
POTS-1 b,2013,3.1606296,734.16,10.548,,La Silla Observatory,Transit
HATS-2 b,2013,1.35413379,435.42491759,12.57647635,1550.0,HATSouth,Transit
HATS-3 b,2013,3.547851,340.382,15.48,1648.0,HATSouth,Transit
PSR J1719-1438 b,2011,0.090706293,382.8,,,Parkes Observatory,Pulsar Timing
RR Cae b,2012,4343.5,1334.886,,,Leoncito Astronomical Complex,Eclipse Timing Variations
WASP-65 b,2013,2.3114243,492.62,12.464,1480.0,SuperWASP,Transit
WASP-75 b,2013,2.484193,340.06,14.235,1710.0,SuperWASP,Transit
HD 113337 b,2013,317.58639,1035.80277841,,,Haute-Provence Observatory,Radial Velocity
HAT-P-42 b,2012,4.641878,331.801,14.348,1428.0,HATNet,Transit
HD 13908 b,2013,19.382,274.91,,,Haute-Provence Observatory,Radial Velocity
HD 13908 c,2013,931.0,1630.4,,,Haute-Provence Observatory,Radial Velocity
HD 159243 b,2013,12.62,359.13,,,Haute-Provence Observatory,Radial Velocity
HD 159243 c,2013,248.4,603.9,,,Haute-Provence Observatory,Radial Velocity
HIP 91258 b,2013,5.0505,346.4347,,,Haute-Provence Observatory,Radial Velocity
Kepler-93 c,2014,1460.0,954.0,,,W. M. Keck Observatory,Radial Velocity
Kepler-94 c,2014,820.3,3126.0,,,W. M. Keck Observatory,Radial Velocity
Kepler-48 e,2014,982.0,657.0,,,W. M. Keck Observatory,Radial Velocity
Kepler-25 d,2014,122.4,71.9,,,W. M. Keck Observatory,Radial Velocity
KOI-142 c,2013,22.26492,214.1,,,Kepler,Transit Timing Variations
Kepler-97 c,2014,789.0,344.0,,,W. M. Keck Observatory,Radial Velocity
Kepler-407 c,2014,3000.0,4000.0,,,W. M. Keck Observatory,Radial Velocity
CoRoT-27 b,2014,3.57532,3302.11,11.287,1500.0,CoRoT,Transit
WASP-103 b,2014,0.925542,473.547,17.127,2508.0,SuperWASP,Transit
KELT-6 b,2014,7.8457,165.2716,14.5717,,KELT,Transit
NGC 2682 YBP 1194 b,2014,6.959,101.7056,,,Multiple Observatories,Radial Velocity
NGC 2682 YBP 1514 b,2014,5.118,127.132,,,Multiple Observatories,Radial Velocity
HD 154857 c,2014,3452.0,819.97,,,Anglo-Australian Telescope,Radial Velocity
UZ For b,2011,5840.0,2002.2,,,Multiple Observatories,Eclipse Timing Variations
UZ For c,2011,1916.25,2447.2,,,Multiple Observatories,Eclipse Timing Variations
Kepler-413 b,2014,66.262,67.0,4.347,,Kepler,Transit
HAT-P-49 b,2014,2.69155,699.226,17.82231,,HATNet,Transit
WTS-2 b,2014,1.0187068,355.9696,15.277867,2000.0,United Kingdom Infrared Telescope,Transit
HD 4203 c,2014,6700.0,689.66,,,W. M. Keck Observatory,Radial Velocity
WASP-8 c,2013,4323.0,3003.37,,,SuperWASP,Radial Velocity
WASP-68 b,2014,5.0843,343.2564,14.79588,,SuperWASP,Transit
WASP-73 b,2014,4.08722,908.9938,15.91678,,SuperWASP,Transit
WASP-88 b,2014,4.954,133.4886,16.36514,,SuperWASP,Transit
WASP-95 b,2014,2.18467,457.6752,13.78707,,SuperWASP,Transit
WASP-96 b,2014,3.4252602,152.55,13.45,1285.0,SuperWASP,Transit
WASP-97 b,2014,2.07276,432.2488,12.77826,,SuperWASP,Transit
WASP-98 b,2014,2.96264036,293.03926,12.823096,1171.0,SuperWASP,Transit
WASP-99 b,2014,5.75251,772.3269,11.43318,,SuperWASP,Transit
WASP-100 b,2014,2.84938,400.4658,14.90797,,SuperWASP,Transit
WASP-101 b,2014,3.58572,162.0933,16.02887,,SuperWASP,Transit
CoRoT-25 b,2013,4.86069,85.81,12.11,1330.0,CoRoT,Transit
CoRoT-26 b,2013,4.20474,165.26,14.12,1600.0,CoRoT,Transit
HAT-P-44 b,2014,4.301219,111.871,13.922,1108.0,HATNet,Transit
HAT-P-45 b,2014,3.128992,283.492,15.984,1652.0,HATNet,Transit
HAT-P-46 b,2014,4.463129,156.684,14.392,1458.0,HATNet,Transit
HAT-P-44 c,2014,872.2,1271.3,,,W. M. Keck Observatory,Radial Velocity
HD 285507 b,2013,6.0881,311.4734,,,Fred Lawrence Whipple Observatory,Radial Velocity
HATS-5 b,2014,4.763387,75.323,10.223,1025.0,HATSouth,Transit
bet Cnc b,2014,605.2,2479.0,,,Bohyunsan Optical Astronomical Observatory,Radial Velocity
mu Leo b,2014,357.8,762.8,,,Bohyunsan Optical Astronomical Observatory,Radial Velocity
bet UMi b,2014,522.3,1938.7,,,Bohyunsan Optical Astronomical Observatory,Radial Velocity
GJ 687 b,2014,38.142,17.2,,,Lick Observatory,Radial Velocity
Kapteyn c,2014,121.54,7.0,,,Multiple Observatories,Radial Velocity
HIP 105854 b,2014,184.2,2606.1,,,Multiple Observatories,Radial Velocity
CoRoT-24 b,2014,5.1134,5.7,3.7,1070.0,CoRoT,Transit
CoRoT-24 c,2014,11.759,28.0,5.0,850.0,CoRoT,Transit
Kepler-419 c,2014,675.47,2320.1,,,Kepler,Transit Timing Variations
HATS-4 b,2014,2.516729,420.471,11.433,1315.0,HATSouth,Transit
XO-2 S b,2014,18.22,82.63538582,,,Roque de los Muchachos Observatory,Radial Velocity
XO-2 S c,2014,120.059,438.60320166,,,Roque de los Muchachos Observatory,Radial Velocity
HD 150706 b,2012,5894.0,861.28,,,Haute-Provence Observatory,Radial Velocity
CoRoT-22 b,2014,9.75598,12.2,4.88,885.0,CoRoT,Transit
Kepler-412 b,2014,1.7208604,299.07803,15.031269,1850.0,Kepler,Transit
WASP-117 b,2014,10.02165,95.349,11.88154,,SuperWASP,Transit
GJ 15 A b,2014,11.4407,3.03,,,W. M. Keck Observatory,Radial Velocity
WASP-104 b,2014,1.7554137,404.263,12.745,1516.0,SuperWASP,Transit
WASP-106 b,2014,9.28969,613.40882551,12.10569916,,SuperWASP,Transit
HD 14067 b,2014,2744.0,4862.7746271,,,Okayama Astrophysical Observatory,Radial Velocity
HIP 67851 b,2015,89.23,365.50266805,,,Multiple Observatories,Radial Velocity
HIP 67851 c,2015,3128.41,1579.60718279,,,Multiple Observatories,Radial Velocity
HIP 97233 b,2014,1062.26506,6098.17364511,,,Multiple Observatories,Radial Velocity
WASP-94 A b,2014,3.95019,158.915,17.71022,,SuperWASP,Transit
WASP-94 B b,2014,2.00839,196.411,,,SuperWASP,Radial Velocity
Kepler-424 c,2014,223.3,2215.18,,,McDonald Observatory,Radial Velocity
WASP-69 b,2014,3.86813881,82.58,11.21,971.0,SuperWASP,Transit
WASP-70 A b,2014,3.7130203,187.512,13.047,1387.0,SuperWASP,Transit
WASP-84 b,2014,8.52349648,220.0,10.72,732.0,SuperWASP,Transit
TYC 1422-614-1 b,2014,198.4,794.5,,,Multiple Observatories,Radial Velocity
TYC 1422-614-1 c,2014,559.3,3178.0,,,Multiple Observatories,Radial Velocity
Kepler-289 d,2014,66.0282,5.33,3.03,,Kepler,Transit
HD 5319 c,2014,872.2,334.67499,,,W. M. Keck Observatory,Radial Velocity
HD 10442 b,2014,1032.3,472.61321,,,W. M. Keck Observatory,Radial Velocity
HD 75784 b,2014,341.2,317.83,,,W. M. Keck Observatory,Radial Velocity
GJ 3293 b,2015,30.5987,23.54,,,La Silla Observatory,Radial Velocity
GJ 3293 c,2015,122.6196,21.09,,,La Silla Observatory,Radial Velocity
GJ 3341 b,2015,14.207,6.6,,,La Silla Observatory,Radial Velocity
HIP 116454 b,2014,9.1004157,9.7,2.469,753.2,K2,Transit
HD 564 b,2014,492.3,104.88,,,La Silla Observatory,Radial Velocity
HD 30669 b,2014,1684.0,149.37,,,La Silla Observatory,Radial Velocity
HD 108341 b,2014,1129.0,1112.4,,,La Silla Observatory,Radial Velocity
HD 103720 b,2014,4.5557,197.046,,,La Silla Observatory,Radial Velocity
BD-11 4672 b,2014,1634.0,206.5895,,,La Silla Observatory,Radial Velocity
BD+49 828 b,2015,2590.0,508.5,,,McDonald Observatory,Radial Velocity
HD 145934 b,2015,2751.53433,658.5404593,,,W. M. Keck Observatory,Radial Velocity
HD 95127 b,2015,482.0,3378.5329,,,McDonald Observatory,Radial Velocity
HD 216536 b,2015,148.60001,333.7215,,,McDonald Observatory,Radial Velocity
WASP-82 b,2015,2.70579,371.8611,18.15858,,SuperWASP,Transit
K2-3 b,2015,10.0546535,5.11,2.078,501.3,K2,Transit
K2-3 c,2015,24.646729,2.68,1.582,371.8,K2,Transit
K2-3 d,2015,44.55603,2.2,1.458,305.2,K2,Transit
HD 1605 b,2015,577.2,296.85322,,,Multiple Observatories,Radial Velocity
HD 1605 c,2015,2149.0,1150.5446,,,Multiple Observatories,Radial Velocity
HD 1666 b,2015,270.0,2040.0,,,Multiple Observatories,Radial Velocity
HD 67087 b,2015,352.2,973.0,,,Multiple Observatories,Radial Velocity
HD 67087 c,2015,2374.0,1540.0,,,Multiple Observatories,Radial Velocity
CoRoT-28 b,2015,5.20851,153.82972,10.704595,,CoRoT,Transit
CoRoT-29 b,2015,2.85057,270.1555,10.0881,,CoRoT,Transit
HAT-P-54 b,2015,3.799847,241.5508,10.581296,818.0,HATNet,Transit
Kepler-432 c,2015,406.2,772.3269,,,Fred Lawrence Whipple Observatory,Radial Velocity
HATS-6 b,2015,3.3252725,101.38777,11.186582,712.8,HATSouth,Transit
HD 7924 c,2015,15.299,7.86,,583.6,W. M. Keck Observatory,Radial Velocity
HD 7924 d,2015,24.451,6.44,,499.0,W. M. Keck Observatory,Radial Velocity
VHS J125601.92-125723.9 b,2015,5800000.0,5085.254512,13.67495645,1194.0,Paranal Observatory,Imaging
HATS-10 b,2015,3.312846,167.17858,10.861521,1407.0,HATSouth,Transit
alf Tau b,2015,628.96,2056.3601,,,Multiple Observatories,Radial Velocity
2MASS J19383260+4603591 b,2015,406.0,591.16083702,,,Kepler,Eclipse Timing Variations
HIP 65891 b,2015,1089.6,1938.7532827,,,Multiple Observatories,Radial Velocity
HIP 107773 b,2015,144.3,629.3034,,,Multiple Observatories,Radial Velocity
KELT-7 b,2015,2.73477,441.7837,17.9344,,KELT,Transit
HAT-P-55 b,2015,3.5852313,189.42573057,14.84069045,1367.0,HATNet,Transit
HATS-8 b,2015,3.583893,43.86054,9.785457,1324.0,HATSouth,Transit
WASP-74 b,2015,2.13775,228.8376,15.24424,,SuperWASP,Transit
WASP-83 b,2015,4.971252,95.349,11.65736,1120.0,SuperWASP,Transit
WASP-89 b,2015,3.3564227,1875.197,11.65736,1120.0,SuperWASP,Transit
K2-19 b,2015,7.9193,30.8,7.0,,K2,Transit
K2-19 c,2015,11.906,11.0,4.1,,K2,Transit
K2-10 b,2015,19.30553,25.2,3.773,649.0,K2,Transit
K2-12 b,2015,8.28246,5.2,2.44,1026.0,K2,Transit
K2-18 b,2015,32.939623,8.92,2.37,284.0,K2,Transit
HAT-P-56 b,2015,2.79083,734.1873,16.92559,,HATNet,Transit
HD 219134 b,2015,3.092926,4.74,1.602,1015.0,Roque de los Muchachos Observatory,Radial Velocity
HD 219134 c,2015,6.76458,4.36,1.511,782.0,Roque de los Muchachos Observatory,Radial Velocity
HD 219134 d,2015,46.859,16.17,1.61,410.5,Roque de los Muchachos Observatory,Radial Velocity
HATS-13 b,2015,3.0440499,172.58169,13.585308,1244.0,HATSouth,Transit
HATS-14 b,2015,2.7667641,340.39593,11.646151,1276.0,HATSouth,Transit
51 Eri b,2015,9100.0,3464.3296363,,,Gemini Observatory,Imaging
KELT-8 b,2015,3.24406,209.7678,18.15858,,KELT,Transit
KELT-6 c,2015,1276.0,1179.1493,,,Multiple Observatories,Radial Velocity
HD 164595 b,2015,40.0,16.14,,,Haute-Provence Observatory,Radial Velocity
WASP-47 c,2015,589.57,447.0,,,La Silla Observatory,Radial Velocity
WASP-47 d,2015,9.030501,15.5,3.65,,K2,Transit
WASP-47 e,2015,0.78961,9.0,1.83,,K2,Transit
WASP-41 c,2015,421.0,1010.6994,,241.0,La Silla Observatory,Radial Velocity
HD 11755 b,2015,433.70001,1789.3829,,,Bohyunsan Optical Astronomical Observatory,Radial Velocity
HD 12648 b,2015,133.60001,622.9468,,,Bohyunsan Optical Astronomical Observatory,Radial Velocity
HD 24064 b,2015,535.59998,4096.8287,,,Bohyunsan Optical Astronomical Observatory,Radial Velocity
8 UMi b,2015,93.31,524.41687155,,,Bohyunsan Optical Astronomical Observatory,Radial Velocity
Kepler-453 b,2015,240.503,16.0,6.204,,Kepler,Transit
HAT-P-57 b,2015,2.4653,448.1403,19.50366,,HATNet,Transit
GJ 1132 b,2015,1.62892911,1.83704819,1.19151465,583.8,Cerro Tololo Inter-American Observatory,Transit
HAT-P-50 b,2015,3.1220109,429.0705,14.437192,1862.0,HATNet,Transit
HAT-P-51 b,2015,4.21802091,97.57332095,13.50682174,1168.2,HATNet,Transit
HAT-P-52 b,2015,2.7535953,259.98494,11.309881,1218.0,HATNet,Transit
HAT-P-53 b,2015,1.9616241,471.65972,14.773462,1778.0,HATNet,Transit
HD 175607 b,2015,29.01,8.98,,,La Silla Observatory,Radial Velocity
HD 219134 f,2015,22.717,7.3,1.31,522.6,Multiple Observatories,Radial Velocity
HD 219134 g,2015,94.2,10.80622,,,Multiple Observatories,Radial Velocity
HD 219134 h,2015,2247.0,108.0622,,,Roque de los Muchachos Observatory,Radial Velocity
WASP-135 b,2015,1.4013794,603.877,14.5717,,SuperWASP,Transit
Kepler-454 c,2015,524.19,1433.40611557,,,Multiple Facilities,Radial Velocity
HD 95872 b,2015,4375.0,1188.6842,,,Multiple Facilities,Radial Velocity
psi1 Dra B b,2015,3117.0,486.2799,,,McDonald Observatory,Radial Velocity
Wolf 1061 b,2015,4.8869,1.91,,,La Silla Observatory,Radial Velocity
Wolf 1061 c,2015,17.8719,3.41,,,La Silla Observatory,Radial Velocity
Wolf 1061 d,2015,217.21,7.7,,,La Silla Observatory,Radial Velocity
K2-25 b,2015,3.48456408,24.5,3.44,494.0,K2,Transit
HD 32963 b,2015,2372.0,222.481,,,W. M. Keck Observatory,Radial Velocity
HD 33844 b,2015,551.40002,638.8383,,,Anglo-Australian Telescope,Radial Velocity
HD 33844 c,2015,916.0,556.2025,,,Anglo-Australian Telescope,Radial Velocity
WASP-76 b,2016,1.80988198,284.13859586,20.78145022,2228.0,SuperWASP,Transit
WASP-90 b,2016,3.916243,200.2329,18.27067,1840.0,SuperWASP,Transit
HD 5583 b,2016,139.35,1837.0574,,,Roque de los Muchachos Observatory,Radial Velocity
BD+15 2375 b,2016,153.22,337.21763,,,Roque de los Muchachos Observatory,Radial Velocity
Pr0211 c,2016,4850.0,2475.8957,,,Roque de los Muchachos Observatory,Radial Velocity
HD 143105 b,2016,2.1974,384.5743,,,Haute-Provence Observatory,Radial Velocity
HIP 109600 b,2016,232.08,851.7844,,,Haute-Provence Observatory,Radial Velocity
HD 35759 b,2016,82.467,1195.0408,,,Haute-Provence Observatory,Radial Velocity
HIP 109384 b,2016,499.48,495.8148,,,Haute-Provence Observatory,Radial Velocity
HD 220842 b,2016,218.47,1010.6994,,,Haute-Provence Observatory,Radial Velocity
HD 12484 b,2016,58.83,947.1334,,,Haute-Provence Observatory,Radial Velocity
HIP 65407 b,2016,28.125,136.03124,,,Haute-Provence Observatory,Radial Velocity
HIP 65407 c,2016,67.3,249.17872,,,Haute-Provence Observatory,Radial Velocity
HD 141399 b,2014,94.44,143.34133,,,Multiple Observatories,Radial Velocity
HD 141399 c,2014,201.99,422.7139,,,Multiple Observatories,Radial Velocity
HD 141399 d,2014,1069.8,375.0394,,,Multiple Observatories,Radial Velocity
HD 141399 e,2014,5000.0,209.7678,,,Multiple Observatories,Radial Velocity
KELT-4 A b,2016,2.9895932,286.68266,19.044091,1823.0,KELT,Transit
HIP 8541 b,2016,1852.14387,2451.7283316,,,Multiple Observatories,Radial Velocity
HIP 74890 b,2016,822.3,762.792,,,Multiple Observatories,Radial Velocity
KELT-14 b,2016,1.7100566,408.09372,19.537287,1970.0,KELT-South,Transit
KELT-15 b,2016,3.32944,416.3573,19.50366,,KELT-South,Transit
K2-29 b,2016,3.2588321,232.0159,13.33871,1171.0,K2,Transit
HATS-17 b,2016,16.254611,425.25654,8.709393,814.0,HATSouth,Transit
TYC 3667-1280-1 b,2016,26.468,1716.282,,1350.0,McDonald Observatory,Radial Velocity
K2-30 b,2016,4.098503,184.02357,11.646151,1092.0,K2,Transit
KELT-10 b,2016,4.1662739,215.80657,15.681391,1377.0,KELT-South,Transit
TRAPPIST-1 b,2016,1.510826,1.374,1.116,,La Silla Observatory,Transit
TRAPPIST-1 c,2016,2.421937,1.308,1.097,,La Silla Observatory,Transit
TRAPPIST-1 d,2016,4.049219,0.388,0.788,,La Silla Observatory,Transit
WASP-119 b,2016,2.49979,390.9309,15.6926,1600.0,SuperWASP-South,Transit
WASP-124 b,2016,3.37265,190.698,13.89916,1400.0,SuperWASP-South,Transit
WASP-126 b,2016,3.28883,90.3,,,SuperWASP-South,Transit
WASP-129 b,2016,5.748145,317.83,10.42437,1100.0,SuperWASP-South,Transit
WASP-133 b,2016,2.176423,368.6828,13.56289,1790.0,SuperWASP-South,Transit
Kepler-539 c,2016,1000.0,762.792,,253.0,Kepler,Transit Timing Variations
HD 191806 b,2016,1603.38923,2966.61035094,,,Haute-Provence Observatory,Radial Velocity
HD 214823 b,2016,1854.84424,5914.78665427,,,Haute-Provence Observatory,Radial Velocity
HD 221585 b,2016,1173.0,511.7063,,,Haute-Provence Observatory,Radial Velocity
Kepler-1647 b,2016,1107.5923,483.0,11.8739,,Kepler,Transit
HD 219828 c,2016,4789.87297,5102.41724598,,,Multiple Facilities,Radial Velocity
HATS-25 b,2016,4.2986432,194.82979,14.12334,1277.0,HATSouth,Transit
HATS-26 b,2016,3.3023881,206.5895,19.61575,1918.0,HATSouth,Transit
HATS-27 b,2016,4.637038,168.4499,16.8135,1659.0,HATSouth,Transit
HATS-28 b,2016,3.1810781,213.58176,13.383546,1253.0,HATSouth,Transit
HATS-29 b,2016,4.6058749,207.54299,14.022459,1212.0,HATSouth,Transit
HATS-30 b,2016,3.1743516,224.38798,13.170575,1414.0,HATSouth,Transit
WASP-121 b,2016,1.27492504,371.85923619,19.52604438,2409.0,SuperWASP,Transit
V830 Tau b,2016,4.927,222.481,,,Multiple Observatories,Radial Velocity
HATS-15 b,2016,1.74748753,689.6911,12.385945,1505.0,HATSouth,Transit
HATS-16 b,2016,2.686502,1039.3041,14.5717,1592.0,HATSouth,Transit
K2-38 b,2016,4.01593,7.3,1.54,1266.0,K2,Transit
K2-38 c,2016,10.56103,8.3,2.29,916.0,K2,Transit
HIP 41378 b,2016,15.571893,9.06,2.419,970.67,K2,Transit
HIP 41378 c,2016,31.70838,6.53,2.505,765.87,K2,Transit
HIP 41378 d,2016,278.3618,4.6,3.54,367.0,K2,Transit
HIP 41378 e,2016,369.0,12.0,4.92,335.0,K2,Transit
NGC 2682 YBP 401 b,2016,4.087,146.2018,,,La Silla Observatory,Radial Velocity
WASP-113 b,2016,4.54216874538,150.96925,15.793481,1496.0,SuperWASP-North,Transit
WASP-114 b,2016,1.5487743,562.24127,15.008851,2043.0,SuperWASP-North,Transit
GJ 3998 b,2016,2.65033,2.5,,,Roque de los Muchachos Observatory,Radial Velocity
GJ 3998 c,2016,13.727,6.82,,,Roque de los Muchachos Observatory,Radial Velocity
BD+20 594 b,2016,41.6855,22.2481,2.57807,,K2,Transit
KIC 7917485 b,2016,840.0,3750.394,,,Kepler,Pulsation Timing Variations
HD 87646 b,2016,13.481,3941.092,,,Apache Point Observatory,Radial Velocity
Proxima Cen b,2016,11.18465,1.055,,218.0,European Southern Observatory,Radial Velocity
HD 3167 b,2016,0.959641,4.97,1.67,1774.0,K2,Transit
HD 3167 c,2016,29.8454,11.13,3.0,564.0,K2,Transit
HD 133131 A b,2016,649.0,451.3186,,,Las Campanas Observatory,Radial Velocity
HD 133131 A c,2016,3568.0,133.4886,,,Las Campanas Observatory,Radial Velocity
HD 133131 B b,2016,5769.0,794.575,,,Las Campanas Observatory,Radial Velocity
KELT-17 b,2016,3.0801716,416.3573,17.093725,2087.0,KELT,Transit
WASP-92 b,2016,2.1746742,255.85315,16.376349,1871.0,SuperWASP,Transit
WASP-93 b,2016,2.7325321,467.2101,17.900773,1942.0,SuperWASP,Transit
WASP-118 b,2016,4.0460435,163.36462,16.14096,1729.0,SuperWASP,Transit
HD 111998 b,2016,810.0,1525.5763536,,,La Silla Observatory,Radial Velocity
HAT-P-65 b,2016,2.60544751,176.07693748,18.05766791,1818.0,HATNet,Transit
HAT-P-66 b,2016,2.972086,248.86089,17.82231,1896.0,HATNet,Transit
OGLE-2007-BLG-349L AB c,2016,2557.0,80.0,,,OGLE,Microlensing
GJ 676 A c,2016,13921.42302,4288.14086724,,,Paranal Observatory,Radial Velocity
Kepler-56 d,2016,1002.0,1784.0,,,Multiple Observatories,Radial Velocity
HD 42618 b,2016,149.61,14.4,,337.0,Multiple Observatories,Radial Velocity
HD 164922 c,2016,75.74,13.0,,,Multiple Observatories,Radial Velocity
rho CrB c,2016,102.036,27.442,,,Multiple Observatories,Radial Velocity
HATS-18 b,2016,0.83784,629.144485,14.896761,2069.48,Multiple Observatories,Transit
HD 9174 b,2016,1179.0,352.7913,,,Multiple Observatories,Radial Velocity
HD 68402 b,2016,1103.0,975.7381,,,Multiple Observatories,Radial Velocity
HD 72892 b,2016,39.44603,1737.88572948,,,Multiple Observatories,Radial Velocity
HD 128356 b,2016,298.2,282.8687,,,Multiple Observatories,Radial Velocity
HD 147873 b,2016,116.596,1633.6462,,,Multiple Observatories,Radial Velocity
HD 147873 c,2016,491.54,731.009,,,Multiple Observatories,Radial Velocity
HD 165155 b,2016,434.5,918.5287,,,Multiple Observatories,Radial Velocity
HD 224538 b,2016,1202.05199,2075.73732612,,,Multiple Observatories,Radial Velocity
GJ 536 b,2016,8.70874,6.37,,451.0,La Silla Observatory,Radial Velocity
WASP-130 b,2016,11.55098,390.9309,9.97601,833.0,SuperWASP-South,Transit
WASP-131 b,2016,5.3220125,86.76715511,13.74221034,,SuperWASP-South,Transit
WASP-132 b,2016,7.1335164,136.0305582,10.09929161,682.0,SuperWASP-South,Transit
WASP-139 b,2016,5.924262,37.18611,8.9672,910.0,SuperWASP-South,Transit
WASP-141 b,2016,3.310651,854.9627,13.56289,1540.0,SuperWASP-South,Transit
WASP-142 b,2016,2.052868,266.9772,17.14977,2000.0,SuperWASP-South,Transit
HATS-31 b,2016,3.37796,279.6904,18.38276,1823.0,HATSouth,Transit
HATS-32 b,2016,2.8126548,292.4036,14.000041,1437.0,HATSouth,Transit
HATS-33 b,2016,2.5495551,378.85336,13.78707,1429.0,HATSouth,Transit
HATS-34 b,2016,2.1061607,299.07803,16.02887,1445.0,HATSouth,Transit
Kepler-418 b,2014,86.67856,349.6112477,13.45,,Kepler,Transit
HATS-35 b,2016,1.8209993,388.38826,16.409976,2037.0,HATSouth,Transit
HD 86950 b,2016,1270.0,1144.188,,,Multiple Observatories,Radial Velocity
HD 222076 b,2016,871.0,495.8148,,,Multiple Observatories,Radial Velocity
WASP-127 b,2016,4.17806203,52.346601,14.694999,,SuperWASP,Transit
WASP-138 b,2016,3.634433,387.7526,12.21781,1590.0,SuperWASP,Transit
XO-6 b,2016,3.7650007,1398.452,23.20263,1577.0,XO,Transit
HD 30177 c,2016,12085.45186,1954.64470305,,,Multiple Observatories,Radial Velocity
EPIC 220674823 b,2016,0.57130782,7.54,1.606,2324.0,K2,Transit
EPIC 220674823 c,2016,13.340603,7.9,2.712,838.0,K2,Transit
WASP-53 b,2017,3.3098443,677.61356,12.038466,1053.0,Multiple Facilities,Transit
WASP-53 c,2017,2840.0,5196.5205,,,Multiple Facilities,Radial Velocity
WASP-81 b,2017,2.7164762,231.69807,16.017661,1623.0,Multiple Facilities,Transit
TAP 26 b,2017,10.79,527.5978,,,Multiple Facilities,Radial Velocity
KELT-16 b,2017,0.9689951,874.0325,15.860735,2453.0,KELT,Transit
TRAPPIST-1 e,2017,6.101013,0.692,0.92,,Multiple Observatories,Transit
TRAPPIST-1 f,2017,9.20754,1.039,1.045,,Multiple Observatories,Transit
TRAPPIST-1 g,2017,12.352446,1.321,1.129,,Multiple Observatories,Transit
TRAPPIST-1 h,2017,18.772866,0.326,0.755,,Multiple Observatories,Transit
HD 106315 b,2017,9.55237,12.6,2.44,1153.0,K2,Transit
HD 106315 c,2017,21.05704,15.2,4.35,886.0,K2,Transit
HD 17674 b,2017,623.8,276.5121,,,Haute-Provence Observatory,Radial Velocity
HD 42012 b,2017,857.5,508.528,,,Haute-Provence Observatory,Radial Velocity
HD 29021 b,2017,1365.0,1420.69297929,,,Haute-Provence Observatory,Radial Velocity
HATS-22 b,2017,4.7228124,870.8542,10.682177,858.0,HATSouth,Transit
HATS-23 b,2017,2.1605156,467.2101,20.84874,1654.0,HATSouth,Transit
HATS-24 b,2017,1.3484978,718.2958,15.636555,2166.0,HATSouth,Transit
Kepler-20 g,2016,34.94,19.96,,524.0,Multiple Observatories,Radial Velocity
NGC 2682 Sand 978 b,2017,511.21,692.8694,,,Multiple Observatories,Radial Velocity
GJ 3138 b,2017,1.22003,1.78,,,La Silla Observatory,Radial Velocity
GJ 3138 c,2017,5.974,4.18,,,La Silla Observatory,Radial Velocity
GJ 3138 d,2017,257.8,10.5,,,La Silla Observatory,Radial Velocity
GJ 3323 b,2017,5.3636,2.02,,,La Silla Observatory,Radial Velocity
GJ 3323 c,2017,40.54,2.31,,,La Silla Observatory,Radial Velocity
GJ 273 b,2017,18.6498,2.89,,,La Silla Observatory,Radial Velocity
GJ 273 c,2017,4.7234,1.18,,,La Silla Observatory,Radial Velocity
GJ 3293 d,2017,48.1345,7.6,,,La Silla Observatory,Radial Velocity
GJ 3293 e,2017,13.2543,3.28,,,La Silla Observatory,Radial Velocity
HAT-P-67 b,2017,4.8101069,143.02278315,23.9872187,,HATNet,Transit
Kepler-19 d,2017,62.95,22.5,,,Roque de los Muchachos Observatory,Radial Velocity
Qatar-3 b,2017,2.5079204,1369.8473,12.285064,1681.0,Qatar,Transit
Qatar-4 b,2017,1.8053564,1938.763,12.722215,1385.0,Qatar,Transit
Qatar-5 b,2017,2.8792319,1373.0256,12.408363,1415.0,Qatar,Transit
LHS 1140 b,2017,24.73723,5.6,1.73,226.0,MEarth Project,Transit
HIP 67537 b,2017,2523.64713,4309.11754211,,,Multiple Observatories,Radial Velocity
KELT-18 b,2017,2.8717518,375.0394,17.59813,2085.0,KELT-North,Transit
KELT-12 b,2017,5.031623,301.9385,19.95202,1800.0,KELT-North,Transit
KELT-11 b,2017,4.73620865,65.15482343,15.13212395,1712.0,KELT-South,Transit
KELT-9 b,2017,1.4811235,915.3504,21.196219,4050.0,KELT-North,Transit
HD 3167 d,2017,8.4112,4.33,,,Multiple Observatories,Radial Velocity
HD 20794 e,2017,147.02,4.77,,,La Silla Observatory,Radial Velocity
HD 27894 c,2017,36.07,51.48846,,,La Silla Observatory,Radial Velocity
HD 27894 d,2017,5019.54244,2063.65984665,,,La Silla Observatory,Radial Velocity
BD+03 2562 b,2017,481.9,2034.112,,,Multiple Observatories,Radial Velocity
HD 177565 b,2017,44.505,15.1,,,La Silla Observatory,Radial Velocity
TYC 4282-00605-1 b,2017,101.54,3426.2074,,,Roque de los Muchachos Observatory,Radial Velocity
WASP-167 b,2017,2.0219596,2542.64,17.71022,2329.0,Multiple Observatories,Transit
MXB 1658-298 b,2017,760.0,7532.571,,,Multiple Observatories,Eclipse Timing Variations
tau Cet g,2017,20.0,1.75,,,Multiple Observatories,Radial Velocity
tau Cet h,2017,49.41,1.83,,,Multiple Observatories,Radial Velocity
tau Cet f,2017,636.13,3.93,,,Multiple Observatories,Radial Velocity
WASP-91 b,2017,2.798581,425.8922,11.54527,1160.0,SuperWASP-South,Transit
WASP-105 b,2017,7.87288,572.094,10.76064,900.0,SuperWASP-South,Transit
WASP-107 b,2017,5.7214876,30.51152707,,,SuperWASP-South,Transit
YZ Cet b,2017,2.02087,0.7,,471.2,La Silla Observatory,Radial Velocity
YZ Cet c,2017,3.05989,1.14,,410.3,La Silla Observatory,Radial Velocity
YZ Cet d,2017,4.65626,1.09,,356.7,La Silla Observatory,Radial Velocity
CoRoT-32 b,2018,6.71837,47.6745,6.38913,938.0,CoRoT,Transit
GJ 625 b,2017,14.628,2.82,,,Multiple Observatories,Radial Velocity
HD 208897 b,2017,358.27,379.48711796,,,Multiple Observatories,Radial Velocity
K2-131 b,2017,0.3693038,7.9,1.69,2223.0,K2,Transit
GJ 1148 c,2017,532.58,68.06,,,Calar Alto Observatory,Radial Velocity
K2-132 b,2017,9.1751,155.7367,14.5717,,K2,Transit
WASP-151 b,2017,4.5334775,100.43377661,13.30506009,1312.0,SuperWASP-South,Transit
WASP-153 b,2017,3.332609,123.9537,17.37395,1700.0,SuperWASP,Transit
WASP-156 b,2017,3.8361623,41.8,6.02802815,934.5,SuperWASP,Transit
HD 34445 c,2017,214.67,53.5,,,Multiple Observatories,Radial Velocity
HD 34445 d,2017,117.87,30.7,,,Multiple Observatories,Radial Velocity
HD 34445 e,2017,49.175,16.8,,,Multiple Observatories,Radial Velocity
HD 34445 f,2017,676.8,37.9,,,Multiple Observatories,Radial Velocity
HD 34445 g,2017,5700.0,120.6,,,Multiple Observatories,Radial Velocity
GJ 9827 b,2017,1.208974,4.28,1.44,1035.01,K2,Transit
GJ 9827 c,2017,3.648103,1.86,1.13,715.94,K2,Transit
GJ 9827 d,2017,6.20183,3.02,1.98,675.0,K2,Transit
KELT-20 b,2017,3.4741085,1074.90106,19.514869,2262.0,KELT-North,Transit
NGTS-1 b,2017,2.647298,258.07796,14.90797,790.0,Next-Generation Transit Survey (NGTS),Transit
K2-136 b,2017,7.9752,4.3,1.014,610.0,K2,Transit
K2-136 c,2017,17.30713,18.1,3.0,470.0,K2,Transit
K2-136 d,2017,25.575,3.0,1.565,420.0,K2,Transit
Ross 128 b,2017,9.8658,1.4,,301.0,La Silla Observatory,Radial Velocity
HD 76920 b,2017,415.891,994.80291391,,,Multiple Observatories,Radial Velocity
HD 40956 b,2017,578.6,858.141,,,Multiple Observatories,Radial Velocity
HD 111591 b,2017,1056.4,1398.452,,,Multiple Observatories,Radial Velocity
HD 113996 b,2017,610.2,2002.329,,,Bohyunsan Optical Astronomical Observatory,Radial Velocity
OGLE-2016-BLG-1190L b,2017,1220.0,4253.0,,,OGLE,Microlensing
K2-18 c,2017,8.962,7.51,,363.0,La Silla Observatory,Radial Velocity
HD 176986 b,2017,6.49164,5.36,,767.0,Multiple Observatories,Radial Velocity
HD 176986 c,2017,16.8124,9.75,,558.0,Multiple Observatories,Radial Velocity
GJ 3942 b,2017,6.905,7.14,,590.0,Roque de los Muchachos Observatory,Radial Velocity
PSR J2322-2650 b,2017,0.322963997,252.643067,,,Parkes Observatory,Pulsar Timing
K2-140 b,2017,6.569188,295.58041851,13.56286665,962.0,K2,Transit
HD 147379 b,2017,86.58,21.6,,,Calar Alto Observatory,Radial Velocity
HATS-50 b,2017,3.8297015,123.9537,12.66617,,HATSouth,Transit
HATS-51 b,2017,3.3488702,244.09344,15.80469,1553.0,HATSouth,Transit
HATS-52 b,2017,1.36665436,711.9392,15.490838,1834.0,HATSouth,Transit
HATS-53 b,2017,3.8537768,189.10885,15.02006,1312.0,HATSouth,Transit
K2-138 b,2017,2.35309,3.1,1.51,,K2,Transit
K2-138 c,2017,3.56004,6.31,2.299,,K2,Transit
K2-138 d,2017,5.40479,7.92,2.39,,K2,Transit
K2-138 e,2017,8.26146,12.97,3.39,,K2,Transit
K2-138 f,2017,12.75758,1.63,2.904,,K2,Transit
KELT-19 A b,2017,4.6117093,1293.5681,21.40919,1935.0,KELT,Transit
K2-141 b,2018,0.2803244,4.97,1.51,2103.0,K2,Transit
K2-141 c,2018,7.7485,8.0,7.0,695.0,K2,Transit
HD 238914 b,2018,4100.0,1906.98,,,Multiple Observatories,Radial Velocity
TYC 3318-01333-1 b,2018,562.0,1086.9786,,,Multiple Observatories,Radial Velocity
BD+48 740 b,2018,733.0,540.311,,,Multiple Observatories,Radial Velocity
KELT-21 b,2018,3.6127647,1242.7153,17.777474,2051.0,KELT-North,Transit
HD 215152 d,2018,10.86499,2.801,,,La Silla Observatory,Radial Velocity
HD 215152 e,2018,25.1967,2.877,,,La Silla Observatory,Radial Velocity
Kepler-1654 b,2018,1047.8356,158.915,9.180171,206.0,Kepler,Transit
K2-232 b,2018,11.168454,126.49634,11.209,1030.0,K2,Transit
HATS-39 b,2018,4.5776348,200.2329,17.59813,1645.0,HATSouth,Transit
HATS-40 b,2018,3.2642736,505.3497,17.71022,2101.0,HATSouth,Transit
HATS-41 b,2018,4.193649,3082.951,14.90797,1710.0,HATSouth,Transit
HATS-42 b,2018,2.292102,597.5204,15.6926,1856.0,HATSouth,Transit
HD 158996 b,2018,820.2,4449.62,,,Bohyunsan Optical Astronomical Observatory,Radial Velocity
KPS-1 b,2018,1.706291,346.4347,11.54527,1459.0,Acton Sky Portal Observatory,Transit
K2-233 b,2018,2.467583,2.4,1.315,1127.0,K2,Transit
K2-233 c,2018,7.06024,4.6,1.272,794.0,K2,Transit
K2-233 d,2018,24.3681,10.3,2.363,525.0,K2,Transit
gam Lib b,2018,414.88,357.87478628,,,Okayama Astrophysical Observatory,Radial Velocity
gam Lib c,2018,966.49,1662.56039702,,,Okayama Astrophysical Observatory,Radial Velocity
24 Boo b,2018,30.33,280.64248338,,,Okayama Astrophysical Observatory,Radial Velocity
HATS-43 b,2018,4.3888497,82.95363,13.22662,1003.0,HATSouth,Transit
HATS-44 b,2018,2.7439004,177.9848,11.960003,1161.0,HATSouth,Transit
HATS-45 b,2018,4.1876244,222.481,14.414774,1518.0,HATSouth,Transit
HATS-46 b,2018,4.7423729,54.98459,10.121727,1054.0,HATSouth,Transit
HATS-7 b,2015,3.185315,38.1396,6.310667,1084.0,HATSouth,Transit
HD 47366 b,2016,360.08,661.71874337,,,Okayama Astrophysical Observatory,Radial Velocity
HD 47366 c,2016,677.53,483.73483545,,,Okayama Astrophysical Observatory,Radial Velocity
NGTS-3 A b,2018,1.6753728,756.4354,16.58932,,Next-Generation Transit Survey (NGTS),Transit
HD 89345 b,2018,11.8143,34.9613,7.39794,1089.0,K2,Transit
K2-237 b,2018,2.18053332,434.15360396,16.06246934,1759.0,K2,Transit
K2-238 b,2018,3.20466,273.3338,14.5717,1587.0,K2,Transit
GJ 1132 c,2018,8.929,2.91,,,La Silla Observatory,Radial Velocity
HAT-P-11 c,2018,3361.0,851.78013076,,,W. M. Keck Observatory,Radial Velocity
IC 4651 9122 b,2018,734.0,2002.329,,,La Silla Observatory,Radial Velocity
Kepler-128 b,2013,15.0,3.79,1.421,,Kepler,Transit
CoRoT-20 c,2018,1675.0,5403.11,,,Multiple Observatories,Radial Velocity
K2-260 b,2018,2.62669762,546.66486004,18.41635529,2090.0,K2,Transit
K2-261 b,2018,11.6334681,68.96876432,9.26982704,1036.0,K2,Transit
WASP-174 b,2018,4.2337005,104.88337431,16.10730527,1528.0,SuperWASP-South,Transit
Wolf 503 b,2018,6.00127,6.26,2.043,790.0,K2,Transit
HD 55696 b,2018,1827.0,1230.0021,,,W. M. Keck Observatory,Radial Velocity
HD 98736 b,2018,968.8,740.5439,,,W. M. Keck Observatory,Radial Velocity
HD 148164 b,2018,328.55,390.9309,,,W. M. Keck Observatory,Radial Velocity
HD 148164 c,2018,5062.0,1640.0028,,,W. M. Keck Observatory,Radial Velocity
HD 211810 b,2018,1558.0,212.9461,,,W. M. Keck Observatory,Radial Velocity
HD 75784 c,2018,7900.0,1792.5612,,,W. M. Keck Observatory,Radial Velocity
NGTS-2 b,2018,4.511164,235.1942,17.878355,1468.0,Next-Generation Transit Survey (NGTS),Transit
EPIC 246851721 b,2018,6.180235,953.49,11.780659,1401.0,K2,Transit
K2-266 b,2018,0.658524,11.26782377,3.3,1515.0,K2,Transit
K2-266 c,2018,7.814,0.29013072,0.705,664.5,K2,Transit
K2-266 d,2018,14.697,8.9,2.93,538.3,K2,Transit
K2-266 e,2018,19.482,14.3,2.73,490.1,K2,Transit
WASP-144 b,2018,2.2783152,139.8452,9.52765,1260.0,SuperWASP-South,Transit
WASP-145 A b,2018,1.7690381,282.8687,10.0881,1200.0,SuperWASP-South,Transit
WASP-158 b,2018,3.656333,886.7457,11.99363,1590.0,SuperWASP-South,Transit
WASP-159 b,2018,3.840401,174.8065,15.46842,1850.0,SuperWASP-South,Transit
WASP-162 b,2018,9.62468,1652.716,11.209,910.0,SuperWASP-South,Transit
WASP-168 b,2018,4.153658,133.4886,16.8135,1340.0,SuperWASP-South,Transit
WASP-172 b,2018,5.477433,149.3801,17.59813,1740.0,SuperWASP-South,Transit
WASP-173 A b,2018,1.38665318,1172.7927,13.4508,1880.0,SuperWASP-South,Transit
WASP-147 b,2018,4.60273,87.40325,12.498035,1404.0,SuperWASP-South,Transit
WASP-160 B b,2018,3.7684952,88.35674,12.21781,1119.0,SuperWASP-South,Transit
WASP-164 b,2018,1.7771255,676.9779,12.643752,1610.0,SuperWASP-South,Transit
WASP-165 b,2018,3.465509,209.13214,14.12334,1624.0,SuperWASP-South,Transit
GJ 96 b,2018,73.94,19.66,,,Haute-Provence Observatory,Radial Velocity
GJ 317 c,2016,6500.0,454.49462201,,,W. M. Keck Observatory,Radial Velocity
HD 33142 c,2016,810.2,282.86728223,,,W. M. Keck Observatory,Radial Velocity
HD 95089 c,2016,1785.0,1096.5135,,,W. M. Keck Observatory,Radial Velocity
HD 99706 c,2016,1278.0,1808.4527,,,W. M. Keck Observatory,Radial Velocity
HD 102329 c,2016,1123.0,483.1016,,,W. M. Keck Observatory,Radial Velocity
HD 116029 c,2016,907.0,403.6441,,,W. M. Keck Observatory,Radial Velocity
HD 156279 c,2016,4818.25358,3098.82696825,,,W. M. Keck Observatory,Radial Velocity
HD 114783 c,2016,4352.0,603.8739733,,,W. M. Keck Observatory,Radial Velocity
HATS-59 b,2018,5.416081,256.17098,12.621334,1128.0,HATSouth,Transit
HATS-59 c,2018,1422.0,4036.441,,175.9,HATSouth,Radial Velocity
GJ 3779 b,2018,3.0232,8.0,,,Calar Alto Observatory,Radial Velocity
GJ 1265 b,2018,3.6511,7.4,,,Calar Alto Observatory,Radial Velocity
LHS 1140 c,2018,3.77794,1.91,1.272,422.0,Multiple Observatories,Transit
CoRoT-21 b,2012,2.72474,718.2958,14.5717,,CoRoT,Transit
HD 13167 b,2018,2613.0,1052.0173,,,W. M. Keck Observatory,Radial Velocity
HD 14787 b,2018,676.6,356.28743,,,W. M. Keck Observatory,Radial Velocity
HD 18015 b,2018,2278.0,1010.6994,,,W. M. Keck Observatory,Radial Velocity
HD 72490 b,2018,858.0,561.92344,,,W. M. Keck Observatory,Radial Velocity
HD 94834 b,2018,1576.0,400.4658,,,W. M. Keck Observatory,Radial Velocity
HD 180053 b,2018,213.72,697.31902,,,W. M. Keck Observatory,Radial Velocity
HD 4917 b,2018,400.5,513.29545,,,W. M. Keck Observatory,Radial Velocity
WASP-161 b,2018,5.4060425,791.3967,12.811887,1557.0,SuperWASP-South,Transit
WASP-163 b,2018,1.6096884,594.3421,13.473218,1638.0,SuperWASP-South,Transit
WASP-170 b,2018,2.34478022,508.528,12.285064,1422.0,SuperWASP-South,Transit
K2-285 b,2018,3.471745,9.68,2.59,1088.9,K2,Transit
K2-285 c,2018,7.138048,15.68,3.53,741.4,K2,Transit
K2-285 d,2018,10.45582,6.5,2.48,619.9,K2,Transit
K2-285 e,2018,14.76289,10.7,1.95,500.9,K2,Transit
K2-287 b,2018,14.893291,100.11645,9.494023,804.0,K2,Transit
HATS-60 b,2018,3.560829,210.40346,12.923977,1528.0,HATSouth,Transit
HATS-61 b,2018,7.817953,1080.622,13.394755,1226.1,HATSouth,Transit
HATS-62 b,2018,3.2768837,56.89157,11.825495,1237.0,HATSouth,Transit
HATS-63 b,2018,3.0566527,305.1168,13.529263,1398.3,HATSouth,Transit
HATS-64 b,2018,4.908897,305.1168,18.819911,1793.0,HATSouth,Transit
HATS-65 b,2018,3.105161,260.93843,16.824709,1634.0,HATSouth,Transit
HATS-66 b,2018,3.1414391,1694.0339,15.815899,1998.0,HATSouth,Transit
HATS-67 b,2018,1.6091788,460.8535,18.887165,2193.0,HATSouth,Transit
HATS-68 b,2018,3.5862202,410.0007,13.809488,1741.0,HATSouth,Transit
HATS-69 b,2018,2.2252577,183.38791,10.592505,1295.7,HATSouth,Transit
HD 202696 b,2019,517.8,634.38868,,,W. M. Keck Observatory,Radial Velocity
HD 202696 c,2019,946.6,592.43512,,,W. M. Keck Observatory,Radial Velocity
K2-290 b,2019,9.21165,10.9,3.06,1230.0,K2,Transit
K2-290 c,2019,48.36685,246.00042,11.276254,676.0,K2,Transit
K2-291 b,2019,2.225177,6.49,1.589,,K2,Transit
GJ 4276 b,2019,13.352,16.57,,,Calar Alto Observatory,Radial Velocity
LHS 3844 b,2019,0.462929709,2.37,1.286,816.0,Transiting Exoplanet Survey Satellite (TESS),Transit
HD 202772 A b,2019,3.3088775,323.54931833,18.2370116,2181.0,Transiting Exoplanet Survey Satellite (TESS),Transit
K2-292 b,2019,16.9841,24.5,2.63,795.0,K2,Transit
HD 20781 d,2019,29.158,10.61,,,La Silla Observatory,Radial Velocity
HD 20781 e,2019,85.5073,14.03,,,La Silla Observatory,Radial Velocity
HD 45184 c,2019,13.1354,8.81,,,La Silla Observatory,Radial Velocity
HATS-70 b,2019,1.8882378,4100.007,15.513256,2730.0,HATSouth,Transit
GJ 143 b,2019,35.61253,22.7,2.61,422.0,Transiting Exoplanet Survey Satellite (TESS),Transit
HD 23472 b,2019,17.667087,8.32,2.0,543.0,Transiting Exoplanet Survey Satellite (TESS),Transit
HD 23472 c,2019,29.79749,3.41,1.87,467.0,Transiting Exoplanet Survey Satellite (TESS),Transit
HD 219666 b,2018,6.034468,17.6,4.898,1076.0,Transiting Exoplanet Survey Satellite (TESS),Transit
HD 1397 b,2018,11.53533,131.89945,11.500434,1228.3,Transiting Exoplanet Survey Satellite (TESS),Transit
GJ 411 b,2019,12.9394,2.69,,,Haute-Provence Observatory,Radial Velocity
WASP-190 b,2019,5.367753,317.83,12.89035,1500.0,WASP-South,Transit
Gl 378 b,2019,3.822,13.02,,830.0,Haute-Provence Observatory,Radial Velocity
Gl 686 b,2018,15.53,6.624,,,Roque de los Muchachos Observatory,Radial Velocity
Qatar-7 b,2019,2.032046,597.5204,19.0553,2053.0,Qatar,Transit
TOI-172 b,2019,9.47725,1722.6386,10.816685,1198.0,Transiting Exoplanet Survey Satellite (TESS),Transit
GJ 685 b,2019,24.16,9.0,,,Roque de los Muchachos Observatory,Radial Velocity
HD 181234 b,2019,7593.40512,2980.91262925,,,La Silla Observatory,Radial Velocity
HD 25015 b,2019,6134.427,2884.92845034,,,La Silla Observatory,Radial Velocity
HD 50499 c,2019,8619.9,931.2419,,,La Silla Observatory,Radial Velocity
HD 92788 c,2019,11611.2975,1166.4361,,,La Silla Observatory,Radial Velocity
HD 221416 b,2019,14.2767,60.5,9.17,,Transiting Exoplanet Survey Satellite (TESS),Transit
WASP-177 b,2019,3.071722,161.45764,17.71022,1142.0,SuperWASP,Transit
WASP-181 b,2019,4.5195064,95.03117,13.271456,1186.0,SuperWASP,Transit
WASP-183 b,2019,4.1117771,159.55066,16.47723,1111.0,SuperWASP,Transit
Kepler-47 d,2019,187.366,19.02,7.04,,Kepler,Transit
HD 21749 c,2019,7.78993,3.7,0.892,701.0,Transiting Exoplanet Survey Satellite (TESS),Transit
Qatar-8 b,2019,3.71495,117.91493,14.403565,1457.0,Qatar,Transit
Qatar-9 b,2019,1.540731,378.2177,11.309881,1134.0,Qatar,Transit
Qatar-10 b,2019,1.645321,233.92288,17.295487,1955.0,Qatar,Transit
TOI-216.02,2019,17.16073,18.75187601,8.0,,Transiting Exoplanet Survey Satellite (TESS),Transit
TOI-216.01,2019,34.525528,177.98390792,10.1,,Transiting Exoplanet Survey Satellite (TESS),Transit
HD 221420 b,2019,10090.0,7278.2705203,,,Anglo-Australian Telescope,Radial Velocity
NGTS-5 b,2019,3.3569866,72.78307,12.733424,952.0,Next-Generation Transit Survey (NGTS),Transit
HD 210193 b,2019,649.918,153.1,,,Las Campanas Observatory,Radial Velocity
HD 211970 b,2019,25.201,13.0,,,Las Campanas Observatory,Radial Velocity
HD 39855 b,2019,3.2498,8.5,,,Las Campanas Observatory,Radial Velocity
HIP 35173 b,2019,41.516,12.7,,,Las Campanas Observatory,Radial Velocity
HD 102843 b,2019,3090.942,113.9,,,Las Campanas Observatory,Radial Velocity
HD 103949 b,2019,120.878,11.2,,,Las Campanas Observatory,Radial Velocity
HD 206255 b,2019,96.045,34.2,,,Las Campanas Observatory,Radial Velocity
HD 21411 b,2019,84.288,65.9,,,Las Campanas Observatory,Radial Velocity
HD 64114 b,2019,45.791,17.8,,,Las Campanas Observatory,Radial Velocity
HD 8326 b,2019,158.991,66.6,,,Las Campanas Observatory,Radial Velocity
HIP 54373 b,2019,7.76,8.62,,,Las Campanas Observatory,Radial Velocity
HIP 54373 c,2019,15.144,12.44,,,Las Campanas Observatory,Radial Velocity
HD 24085 b,2019,2.0455,11.8,,,Las Campanas Observatory,Radial Velocity
HIP 71135 b,2019,87.19,18.8,,,Las Campanas Observatory,Radial Velocity
HD 15337 b,2019,4.7559804,6.519,1.77,,Transiting Exoplanet Survey Satellite (TESS),Transit
HD 15337 c,2019,17.180546,6.792,2.526,,Transiting Exoplanet Survey Satellite (TESS),Transit
NGTS-4 b,2019,1.3373508,20.6,3.18,1650.0,Next-Generation Transit Survey (NGTS),Transit
K2-32 e,2019,4.34934,2.1,1.212,1066.0,K2,Transit
Kepler-407 b,2014,0.6693124,1.93,1.19,,Kepler,Transit
L 98-59 b,2019,2.253114,0.46,0.837,620.0,Transiting Exoplanet Survey Satellite (TESS),Transit
L 98-59 c,2019,3.6906764,2.0,1.329,526.0,Transiting Exoplanet Survey Satellite (TESS),Transit
L 98-59 d,2019,7.450729,1.64,1.627,416.0,Transiting Exoplanet Survey Satellite (TESS),Transit
Kepler-65 e,2019,258.8,260.0,,,W. M. Keck Observatory,Radial Velocity
HD 2685 b,2019,4.12688,371.8611,16.14096,2061.0,Transiting Exoplanet Survey Satellite (TESS),Transit
Gl 49 b,2019,13.8508,5.63,,,Multiple Observatories,Radial Velocity
TOI-150.01,2019,5.857487,797.7533,14.067295,1404.5,Transiting Exoplanet Survey Satellite (TESS),Transit
KELT-23 A b,2019,2.255251,298.12454,14.829507,1561.0,KELT-North,Transit
HD 180617 b,2018,105.911,12.214,,,Calar Alto Observatory,Radial Velocity
LSPM J2116+0234 b,2019,14.4399,13.3,,,Calar Alto Observatory,Radial Velocity
NSVS 14256825 b,2019,3225.0,4497.2945,,,Multiple Observatories,Eclipse Timing Variations
V1298 Tau b,2019,24.140006,13.1,9.41,666.0,K2,Transit
Teegarden's Star b,2019,4.90634,1.16,,277.0,Calar Alto Observatory,Radial Velocity
Teegarden's Star c,2019,11.416,1.05,,209.0,Calar Alto Observatory,Radial Velocity
WASP-87 b,2016,1.682795,692.8694,15.524465,,Anglo-Australian Telescope,Transit
Kepler-411 e,2018,31.509728,10.8,,503.0,Kepler,Transit Timing Variations
DE CVn b,2018,4098.1,3823.27330161,,,Multiple Facilities,Eclipse Timing Variations
EPIC 248847494 b,2018,3650.0,4131.79,12.44199,183.0,K2,Transit
WASP-166 b,2019,5.44354,32.10083,7.06167,1270.0,WASP-South,Transit
Kepler-849 b,2016,394.62508,298.75870258,8.08167508,362.7,Kepler,Transit
Kepler-82 f,2019,75.732,20.9,,,KOINet,Transit Timing Variations
HR 858 b,2019,3.585287,3.55,2.004,1552.0,Transiting Exoplanet Survey Satellite (TESS),Transit
HR 858 c,2019,5.973865,3.8,1.979,1309.0,Transiting Exoplanet Survey Satellite (TESS),Transit
HR 858 d,2019,11.230511,7.1,2.001,1061.0,Transiting Exoplanet Survey Satellite (TESS),Transit
TOI-270 b,2019,3.35992,1.48,1.28,600.0,Transiting Exoplanet Survey Satellite (TESS),Transit
TOI-270 c,2019,5.66051,6.2,2.33,489.0,Transiting Exoplanet Survey Satellite (TESS),Transit
TOI-270 d,2019,11.38194,4.2,2.0,383.0,Transiting Exoplanet Survey Satellite (TESS),Transit
GJ 357 c,2019,9.1247,3.4,,401.2,Multiple Observatories,Radial Velocity
GJ 357 d,2019,55.661,6.1,,219.6,Multiple Observatories,Radial Velocity
LTT 1445 A b,2019,5.3587635,2.73,1.34,431.0,Transiting Exoplanet Survey Satellite (TESS),Transit
K2-146 c,2019,4.00498,7.49,2.19,,K2,Transit
HAT-P-69 b,2019,4.7869491,1137.8314,18.786284,1930.0,HATNet,Transit
HAT-P-70 b,2019,2.74432452,2154.8874,20.96083,2562.0,HATNet,Transit
HATS-54 b,2019,2.5441765,239.32479047,11.37711541,1429.0,HATSouth,Transit
HATS-55 b,2019,4.2042001,292.72143,14.022459,1367.0,HATSouth,Transit
HATS-56 b,2019,4.324799,191.33366,18.920792,1902.0,HATSouth,Transit
HATS-57 b,2019,2.350621,1000.21101,12.767051,1413.4,HATSouth,Transit
HATS-58 A b,2019,4.2180896,327.3649,12.273855,1721.0,HATSouth,Transit
bet Pic c,2019,1192.77951,3222.46221857,,,La Silla Observatory,Radial Velocity
HR 5183 b,2019,27000.0,1026.5909,,171.0,Multiple Observatories,Radial Velocity
OGLE-2018-BLG-0740L b,2019,5480.0,1500.0,,,OGLE,Microlensing
WASP-169 b,2019,5.6114118,178.30263,14.616536,1604.0,WASP-South,Transit
WASP-171 b,2019,3.8186244,344.52772,10.98482,1642.0,WASP-South,Transit
WASP-175 b,2019,3.0652907,314.6517,13.540472,1571.0,WASP-South,Transit
WASP-182 b,2019,3.3769848,47.03884,9.52765,1479.0,WASP-South,Transit
KELT-24 b,2019,5.55149296,1458.83238813,12.71098411,1391.0,KELT-North,Transit
NGTS-6 b,2019,0.882059,425.57437,14.863134,1283.9,Next-Generation Transit Survey (NGTS),Transit
WASP-180 A b,2019,3.409264,286.047,13.89916,1540.0,SuperWASP,Transit
GJ 15 A c,2018,7600.0,36.0,,,Roque de los Muchachos Observatory,Radial Velocity
WASP-178 b,2019,3.3448285,527.5978,20.28829,2470.0,WASP-South,Transit
WASP-184 b,2019,5.1817,181.1631,14.90797,1480.0,WASP-South,Transit
WASP-185 b,2019,9.38755,311.4734,14.01125,1160.0,WASP-South,Transit
WASP-192 b,2019,2.8786765,731.009,13.78707,1620.0,WASP-South,Transit
GJ 3512 b,2019,203.109,146.51889563,,,Calar Alto Observatory,Radial Velocity
GJ 27.1 b,2014,15.819,13.0,,,Multiple Observatories,Radial Velocity
GJ 160.2 b,2014,5.2354,10.2,,,Multiple Observatories,Radial Velocity
GJ 180 b,2014,17.133,6.49,,,Multiple Observatories,Radial Velocity
GJ 180 c,2014,24.329,6.4,,,Multiple Observatories,Radial Velocity
GJ 229 b,2014,579.47495,14.93793513,,,Multiple Observatories,Radial Velocity
GJ 422 b,2014,20.129,11.07,,,Multiple Observatories,Radial Velocity
GJ 433 c,2014,5094.105,32.422,,,Multiple Observatories,Radial Velocity
GJ 682 b,2014,17.478,4.4,,,Multiple Observatories,Radial Velocity
GJ 682 c,2014,57.32,8.7,,,Multiple Observatories,Radial Velocity
V1298 Tau c,2019,8.249164,4.7,5.08,953.0,K2,Transit
V1298 Tau d,2019,12.401394,6.0,6.53,831.0,K2,Transit
V1298 Tau e,2019,48.677714,15.3,10.17,527.0,K2,Transit
7 CMa c,2019,996.0,276.5121,,,Multiple Observatories,Radial Velocity
NY Vir c,2019,8799.0,1760.7782,,,Winer Observatory,Eclipse Timing Variations
eps Ind A b,2019,39400.0,2425.03074541,,,La Silla Observatory,Radial Velocity
LP 791-18 c,2019,4.98991,7.16,2.488,,Transiting Exoplanet Survey Satellite (TESS),Transit
TOI-163 b,2019,4.231306,387.7526,16.690201,1669.0,Transiting Exoplanet Survey Satellite (TESS),Transit
Kepler-448 c,2017,2500.0,6992.26,,,Kepler,Transit Timing Variations
TOI-125 b,2019,4.65382,9.5,2.726,1037.0,Transiting Exoplanet Survey Satellite (TESS),Transit
TOI-125 c,2019,9.15059,6.63,2.759,827.8,Transiting Exoplanet Survey Satellite (TESS),Transit
HD 125390 b,2019,1757.39151,8646.20398403,,,W. M. Keck Observatory,Radial Velocity
NGTS-8 b,2019,2.4997,295.5819,12.21781,1345.0,Next-Generation Transit Survey (NGTS),Transit
NGTS-9 b,2019,4.43527,921.707,11.99363,1448.0,Next-Generation Transit Survey (NGTS),Transit
HD 220197 b,2018,1728.0,63.566,,,Roque de los Muchachos Observatory,Radial Velocity
HD 233832 b,2018,2058.0,565.7374,,,Roque de los Muchachos Observatory,Radial Velocity
Qatar-6 b,2017,3.506195,212.31044,11.903958,1006.0,Qatar,Transit
PSR B0329+54 b,2017,10140.0,1.97,,,Multiple Facilities,Pulsar Timing
Kepler-1660 AB b,2023,239.5044,1586.59940774,,,Kepler,Eclipse Timing Variations
HD 213885 b,2019,1.008035,8.83,1.745,2128.0,Transiting Exoplanet Survey Satellite (TESS),Transit
HD 213885 c,2019,4.78503,19.95,,1265.4,Multiple Observatories,Radial Velocity
WASP-18 c,2019,2.1558,55.2,,,Transiting Exoplanet Survey Satellite (TESS),Transit Timing Variations
WASP-126 c,2019,7.63,64.2,,,Transiting Exoplanet Survey Satellite (TESS),Transit Timing Variations
XO-7 b,2019,2.8641424,225.34147,15.389957,1743.0,XO,Transit
DMPP-1 b,2019,17.812,16.8,,,La Silla Observatory,Radial Velocity
DMPP-1 c,2019,10.03,10.94,,,La Silla Observatory,Radial Velocity
DMPP-1 d,2019,3.1417,4.72,,,La Silla Observatory,Radial Velocity
DMPP-1 e,2019,5.516,4.13,,1314.0,La Silla Observatory,Radial Velocity
DMPP-2 b,2019,5.203,171.48,,,Multiple Facilities,Radial Velocity
DMPP-3 A b,2019,5.59,2.67,,,La Silla Observatory,Radial Velocity
GJ 180 d,2020,106.3,7.56,,,Multiple Facilities,Radial Velocity
GJ 229 A c,2020,121.93268,8.58136699,,,Multiple Facilities,Radial Velocity
GJ 433 d,2020,36.059,5.223,,,Multiple Facilities,Radial Velocity
GJ 3082 b,2020,11.949,8.2,,,Multiple Facilities,Radial Velocity
GJ 1252 b,2020,0.5182331,1.32,1.193,,Transiting Exoplanet Survey Satellite (TESS),Transit
EPIC 249893012 b,2020,3.5951,8.75,1.95,1616.0,K2,Transit
EPIC 249893012 c,2020,15.624,14.67,3.67,990.0,K2,Transit
EPIC 249893012 d,2020,35.747,10.18,3.94,752.0,K2,Transit
L 168-9 b,2020,1.40152604,4.07,1.63,998.0,Transiting Exoplanet Survey Satellite (TESS),Transit
TOI-125 d,2020,19.98,13.6,2.93,638.1,Transiting Exoplanet Survey Satellite (TESS),Transit
Kepler-1661 b,2020,175.06,17.0,3.87,243.0,Kepler,Transit
TOI-132 b,2020,2.1097019,22.4,3.42,1395.0,Transiting Exoplanet Survey Satellite (TESS),Transit
GJ 1061 b,2020,3.2073,1.11,,,La Silla Observatory,Radial Velocity
Kepler-95 b,2014,11.5231,13.0,3.42,,Kepler,Transit
GJ 1061 c,2020,6.6821,1.81,,,La Silla Observatory,Radial Velocity
GJ 1061 d,2020,13.066,1.67,,,La Silla Observatory,Radial Velocity
HATS-47 b,2020,3.9228038,117.27927,12.520453,852.9,HATSouth,Transit
HATS-48 A b,2020,3.1316666,77.23269,8.9672,954.6,HATSouth,Transit
HATS-49 b,2020,4.1480467,112.19399,8.574885,834.8,HATSouth,Transit
HATS-72 b,2020,7.3279474,39.855882,8.0973816,739.3,HATSouth,Transit
NGTS-10 b,2020,0.7668944,687.14846,13.506845,1332.0,Next-Generation Transit Survey (NGTS),Transit
MASCARA-4 b,2020,2.8240932,532.36258173,16.98160576,2250.0,Multiple Observatories,Transit
LHS 1815 b,2020,3.814334,1.58,1.088,,Transiting Exoplanet Survey Satellite (TESS),Transit
TOI-1130 b,2020,4.074554,19.8,3.66,825.0,Transiting Exoplanet Survey Satellite (TESS),Transit
TOI-1130 c,2020,8.3501898,336.0,13.0,650.0,Transiting Exoplanet Survey Satellite (TESS),Transit
HD 158259 b,2020,2.178,2.22,,,Haute-Provence Observatory,Radial Velocity
HD 158259 c,2020,3.432,5.6,,,Haute-Provence Observatory,Radial Velocity
HD 158259 d,2020,5.1980814,5.41,,,Haute-Provence Observatory,Radial Velocity
HD 158259 e,2020,7.951,6.08,,,Haute-Provence Observatory,Radial Velocity
HD 158259 f,2020,12.028,6.14,,,Haute-Provence Observatory,Radial Velocity
CoRoT-30 b,2020,9.06005,921.707,11.309881,,CoRoT,Transit
CoRoT-31 b,2020,4.62941,266.9772,16.36514,,CoRoT,Transit
TOI-677 b,2020,11.2365985,392.20025424,13.11450742,,Transiting Exoplanet Survey Satellite (TESS),Transit
HD 164922 d,2020,12.458,4.0,,,Roque de los Muchachos Observatory,Radial Velocity
WASP-150 b,2020,5.644207,2688.8418,11.99363,1460.0,SuperWASP-North,Transit
WASP-176 b,2020,3.899052,271.74465,16.869545,1721.0,SuperWASP-North,Transit
HD 332231 b,2020,18.712024,74.1,9.07303305,798.3,Transiting Exoplanet Survey Satellite (TESS),Transit
Kepler-88 d,2020,1403.0,965.14699656,,,W. M. Keck Observatory,Radial Velocity
LTT 3780 b,2020,0.76837931,2.46,1.325,903.0,Transiting Exoplanet Survey Satellite (TESS),Transit
LTT 3780 c,2020,12.252284,8.04,2.39,359.0,Transiting Exoplanet Survey Satellite (TESS),Transit
TOI-1235 b,2020,3.444714,6.69,1.69,,Transiting Exoplanet Survey Satellite (TESS),Transit
HD 81817 b,2020,1021.20159,7668.5638041,,,Bohyunsan Optical Astronomical Observatory,Radial Velocity
TOI-1338 b,2020,95.4001,11.3,7.661,,Transiting Exoplanet Survey Satellite (TESS),Transit
AU Mic b,2020,8.463446,8.99,4.79,554.8,Transiting Exoplanet Survey Satellite (TESS),Transit
GJ 338 B b,2020,24.422,10.6,,,Calar Alto Observatory,Radial Velocity
Kepler-160 d,2020,30.0,100.0,,,Kepler,Transit Timing Variations
WASP-148 b,2020,8.803809,91.21675281,8.47398941,,SuperWASP-North,Transit
WASP-148 c,2020,34.524,124.58873554,,,Haute-Provence Observatory,Radial Velocity
TOI-1728 b,2020,3.49151,26.78,5.05,767.0,Transiting Exoplanet Survey Satellite (TESS),Transit
NGTS-11 b,2020,35.45533,109.33352,9.157753,435.0,Transiting Exoplanet Survey Satellite (TESS),Transit
GJ 887 b,2020,9.2619,3.9,,426.0,La Silla Observatory,Radial Velocity
GJ 887 c,2020,21.784,6.5,,320.0,La Silla Observatory,Radial Velocity
TOI-849 b,2020,0.765548,41.8,3.64,,Transiting Exoplanet Survey Satellite (TESS),Transit
Wendelstein-1 b,2020,2.663416,188.15536,11.5609626,2198.0,Haleakala Observatory,Transit
Wendelstein-2 b,2020,1.7522239,232.33373,12.9934728,2470.0,Haleakala Observatory,Transit
HD 191939 b,2020,8.8803256,10.0,3.41,880.0,Transiting Exoplanet Survey Satellite (TESS),Transit
HD 191939 c,2020,28.579743,8.0,3.195,600.0,Transiting Exoplanet Survey Satellite (TESS),Transit
HD 191939 d,2020,38.353037,2.8,2.995,540.0,Transiting Exoplanet Survey Satellite (TESS),Transit
BD-11 4672 c,2020,74.2,15.37,,,Roque de los Muchachos Observatory,Radial Velocity
TOI-1899 b,2020,29.090312,212.94503269,11.09689089,378.0,Transiting Exoplanet Survey Satellite (TESS),Transit
HIP 65 A b,2020,0.9809734,1021.18779,22.75427,1411.0,Transiting Exoplanet Survey Satellite (TESS),Transit
TOI-157 b,2020,2.0845435,375.0394,14.414774,1588.0,Transiting Exoplanet Survey Satellite (TESS),Transit
TOI-169 b,2020,2.2554477,251.40353,12.172974,1715.0,Transiting Exoplanet Survey Satellite (TESS),Transit
HATS-37 A b,2020,4.3315366,31.46517,6.792654,1085.0,HATSouth,Transit
HATS-38 b,2020,4.375021,23.51942,6.882326,1294.0,HATSouth,Transit
HD 86226 c,2020,3.98442,7.25,2.16,1311.0,Transiting Exoplanet Survey Satellite (TESS),Transit
GJ 2056 b,2020,69.971,16.2,,,Multiple Observatories,Radial Velocity
GJ 480 b,2020,9.5536,8.8,,406.0,Multiple Observatories,Radial Velocity
GJ 687 c,2020,727.562,16.0,,,Multiple Observatories,Radial Velocity
GJ 9066 c,2020,771.36,66.74396547,,,Multiple Observatories,Radial Velocity
HIP 107772 b,2020,55.199,12.9,,,Multiple Observatories,Radial Velocity
HIP 38594 b,2020,60.722,8.1,,,Multiple Observatories,Radial Velocity
HIP 38594 c,2020,3477.768,48.4,,,Multiple Observatories,Radial Velocity
HIP 4845 b,2020,34.15,14.4,,,Multiple Observatories,Radial Velocity
HIP 48714 b,2020,17.818,22.9,,,Multiple Observatories,Radial Velocity
WD 1856+534 b,2020,1.4079405,4386.054,10.4,163.0,Transiting Exoplanet Survey Satellite (TESS),Transit
LTT 9779 b,2020,0.792052,29.32,4.72,1978.0,Transiting Exoplanet Survey Satellite (TESS),Transit
HD 63433 b,2020,7.1079475,21.755,2.14,967.11,Transiting Exoplanet Survey Satellite (TESS),Transit
HD 63433 c,2020,20.5438281,15.539,2.692,678.92,Transiting Exoplanet Survey Satellite (TESS),Transit
TOI-763 b,2020,5.6057,9.79,2.28,1038.0,Transiting Exoplanet Survey Satellite (TESS),Transit
Kepler-77 b,2013,3.57878087,136.661,10.761,1440.0,Kepler,Transit
TOI-763 c,2020,12.2737,9.32,2.63,800.0,Transiting Exoplanet Survey Satellite (TESS),Transit
HATS-71 b,2020,3.7955202,117.5971,11.478016,586.8,HATSouth,Transit
TOI-824 b,2020,1.392978,18.467,2.926,1253.0,Transiting Exoplanet Survey Satellite (TESS),Transit
TOI-1266 b,2020,10.8945,4.46,2.52,415.0,Transiting Exoplanet Survey Satellite (TESS),Transit
TOI-1266 c,2020,18.8027,3.17,1.98,346.0,Transiting Exoplanet Survey Satellite (TESS),Transit
TOI-421 b,2020,5.197576,6.7,2.64,922.0,Transiting Exoplanet Survey Satellite (TESS),Transit
TOI-421 c,2020,16.067541,14.1,5.09,635.0,Transiting Exoplanet Survey Satellite (TESS),Transit
NGTS-12 b,2020,7.532806,66.10864,11.747032,1257.0,Next-Generation Transit Survey (NGTS),Transit
GJ 3473 b,2020,1.1980035,1.86,1.264,773.0,Transiting Exoplanet Survey Satellite (TESS),Transit
GJ 3473 c,2020,15.509,7.41,,329.1,Multiple Observatories,Radial Velocity
TOI-837 b,2020,8.3249113,120.45696625,9.16894621,995.3,Transiting Exoplanet Survey Satellite (TESS),Transit
TOI-954 b,2020,3.6849729,55.30242,9.550068,1526.0,Transiting Exoplanet Survey Satellite (TESS),Transit
K2-329 b,2020,12.4551225,82.6358,8.675766,650.0,K2,Transit
TOI-481 b,2020,10.33111,486.2799,11.09691,1370.0,Transiting Exoplanet Survey Satellite (TESS),Transit
TOI-892 b,2020,10.62656,301.9385,11.99363,1397.0,Transiting Exoplanet Survey Satellite (TESS),Transit
TIC 237913194 b,2020,15.168865,617.22586,12.520453,974.0,Transiting Exoplanet Survey Satellite (TESS),Transit
HD 190007 b,2020,11.724128,15.5,,,Multiple Observatories,Radial Velocity
HD 216520 b,2020,35.45,10.26,,,Multiple Observatories,Radial Velocity
HD 216520 c,2020,154.43,9.44,,,Multiple Observatories,Radial Velocity
WASP-186 b,2020,5.026799,1341.2426,12.44199,,SuperWASP,Transit
WASP-187 b,2020,5.147878,254.264,18.38276,,SuperWASP,Transit
K2-111 c,2020,15.6748,11.1,,923.0,Multiple Observatories,Radial Velocity
LP 714-47 b,2020,4.052037,30.8,4.7,700.0,Transiting Exoplanet Survey Satellite (TESS),Transit
WASP-107 c,2020,1066.0,111.23994245,,,Multiple Observatories,Radial Velocity
TOI-251 b,2021,4.93777,317.83,2.74,,Transiting Exoplanet Survey Satellite (TESS),Transit
HAT-P-68 b,2020,2.29840551,230.10892,12.016048,1027.8,HATNet,Transit
TOI-776 b,2020,8.24662,5.0,1.798,520.0,Transiting Exoplanet Survey Satellite (TESS),Transit
TOI-776 c,2020,15.665323,6.9,2.047,420.0,Transiting Exoplanet Survey Satellite (TESS),Transit
TOI-561 b,2020,0.4465697,2.02,1.397,2319.0,Transiting Exoplanet Survey Satellite (TESS),Transit
TOI-561 c,2020,10.778838,5.93,2.865,802.0,Transiting Exoplanet Survey Satellite (TESS),Transit
TOI-561 d,2020,25.71268,13.33,2.615,600.0,Transiting Exoplanet Survey Satellite (TESS),Transit
TOI-561 e,2020,77.144,12.4,2.517,416.0,Transiting Exoplanet Survey Satellite (TESS),Transit
TOI-564 b,2020,1.651144,464.98529,11.43318,1714.0,Transiting Exoplanet Survey Satellite (TESS),Transit
TOI-905 b,2020,3.739494,211.99261,13.125739,1192.0,Transiting Exoplanet Survey Satellite (TESS),Transit
TOI-451 b,2020,1.8587033,4.7,1.84,1474.0,Transiting Exoplanet Survey Satellite (TESS),Transit
TOI-451 c,2020,9.192463,3.7,2.93,865.0,Transiting Exoplanet Survey Satellite (TESS),Transit
TOI-451 d,2020,16.364962,10.2,3.93,714.0,Transiting Exoplanet Survey Satellite (TESS),Transit
NGTS-13 b,2021,4.119027,1538.2972,12.800678,1605.0,Next-Generation Transit Survey (NGTS),Transit
HD 110113 b,2021,2.541,4.55,2.05,1371.0,Transiting Exoplanet Survey Satellite (TESS),Transit
HD 110113 c,2021,6.744,10.5,,990.0,La Silla Observatory,Radial Velocity
TOI-178 b,2021,1.9145601,0.96,1.2,,Transiting Exoplanet Survey Satellite (TESS),Transit
TOI-178 c,2021,3.238486,4.64,1.754,,Transiting Exoplanet Survey Satellite (TESS),Transit
TOI-178 d,2021,6.557569,5.2,2.695,,Transiting Exoplanet Survey Satellite (TESS),Transit
TOI-178 e,2021,9.96318,3.48,2.301,,Transiting Exoplanet Survey Satellite (TESS),Transit
TOI-178 f,2021,15.23335,5.63,2.417,,Multiple Observatories,Transit
TOI-178 g,2021,20.71663,4.4,2.939,,Transiting Exoplanet Survey Satellite (TESS),Transit
HD 4760 b,2021,434.0,4417.837,,,Multiple Observatories,Radial Velocity
HD 96992 b,2021,514.0,362.3262,,,Multiple Observatories,Radial Velocity
TYC 0434-04538-1 b,2021,193.2,1938.763,,,Multiple Observatories,Radial Velocity
HD 183579 b,2021,17.471291,20.4,3.49,752.0,Transiting Exoplanet Survey Satellite (TESS),Transit
NGTS-14 A b,2021,3.5357173,29.24036,4.976796,1143.0,Next-Generation Transit Survey (NGTS),Transit
K2-138 g,2021,41.96797,4.32,3.013,,K2,Transit
TOI-628 b,2021,3.4095675,2011.8639,11.88154,1586.0,Transiting Exoplanet Survey Satellite (TESS),Transit
TOI-640 b,2021,5.003777,181.16219199,19.2794468,1816.0,Transiting Exoplanet Survey Satellite (TESS),Transit
TOI-1333 b,2021,4.720219,753.2571,15.647764,1679.0,Transiting Exoplanet Survey Satellite (TESS),Transit
TOI-1478 b,2021,10.1802117,279.68899816,11.99360935,,Transiting Exoplanet Survey Satellite (TESS),Transit
TOI-1601 b,2021,5.33175,387.0,14.19902343,1493.97,Transiting Exoplanet Survey Satellite (TESS),Transit
GJ 251 b,2020,14.237,3.85,,336.0,W. M. Keck Observatory,Radial Velocity
HD 238090 b,2020,13.671,6.89,,469.6,Multiple Observatories,Radial Velocity
GJ 486 b,2021,1.46712127,2.77,1.289,696.3,Calar Alto Observatory,Radial Velocity
GJ 414 A b,2021,50.8,7.6,2.63,308.6,W. M. Keck Observatory,Radial Velocity
GJ 414 A c,2021,749.83,53.83,8.4,124.7,W. M. Keck Observatory,Radial Velocity
GJ 740 b,2021,2.37756,2.96,,829.0,Multiple Observatories,Radial Velocity
TOI-201 b,2021,52.9786,164.0,11.4,,Transiting Exoplanet Survey Satellite (TESS),Transit
HD 60292 b,2020,495.4,2065.895,,,Bohyunsan Optical Astronomical Observatory,Radial Velocity
HD 112640 b,2020,613.2,1589.15,,,Bohyunsan Optical Astronomical Observatory,Radial Velocity
TOI-519 b,2021,1.2652328,147.15455244,11.54525012,687.0,Transiting Exoplanet Survey Satellite (TESS),Transit
NGTS-15 b,2021,3.27623,238.68913366,12.32987877,1146.0,Next-Generation Transit Survey (NGTS),Transit
NGTS-16 b,2021,4.84532,211.99154747,14.57167491,1177.0,Next-Generation Transit Survey (NGTS),Transit
NGTS-17 b,2021,3.24253,242.82090295,13.89913607,1457.0,Next-Generation Transit Survey (NGTS),Transit
NGTS-18 b,2021,3.05125,129.99181846,13.56286665,1381.0,Next-Generation Transit Survey (NGTS),Transit
LHS 1478 b,2021,1.9495378,2.33,1.242,595.0,Transiting Exoplanet Survey Satellite (TESS),Transit
TOI-257 b,2021,18.38818,43.86032017,7.16253867,1027.0,Transiting Exoplanet Survey Satellite (TESS),Transit
HD 5278 b,2021,14.339156,7.8,2.45,943.0,Transiting Exoplanet Survey Satellite (TESS),Transit
HD 5278 c,2021,40.87,18.4,,,Paranal Observatory,Radial Velocity
Kepler-106 c,2014,13.5708,10.44,2.5,,Kepler,Transit
HIP 56640 b,2021,2675.57603,2151.69831539,,,Multiple Observatories,Radial Velocity
HIP 75092 b,2021,926.4,568.91284853,,,Multiple Observatories,Radial Velocity
HIP 90988 b,2021,455.73816,668.07531151,,,Multiple Observatories,Radial Velocity
HIP 114933 b,2021,1481.6,616.58710958,,,Multiple Observatories,Radial Velocity
TOI-269 b,2021,3.6977104,8.8,2.77,531.0,Transiting Exoplanet Survey Satellite (TESS),Transit
CFHTWIR-Oph 98 b,2020,8040000.0,2479.0615746,20.8487041,1800.0,Hubble Space Telescope,Imaging
TOI-220 b,2021,10.695264,13.8,3.03,805.0,Transiting Exoplanet Survey Satellite (TESS),Transit
TOI-1444 b,2021,0.4702743,3.58,1.41792246,2130.02,Transiting Exoplanet Survey Satellite (TESS),Transit
TOI-1231 b,2021,24.245586,15.4,3.65,329.6,Transiting Exoplanet Survey Satellite (TESS),Transit
BD+45 564 b,2021,307.88,432.24663352,,,Haute-Provence Observatory,Radial Velocity
BD+55 362 b,2021,265.59,228.83645304,,,Haute-Provence Observatory,Radial Velocity
BD+63 1405 b,2021,1198.48,1258.60049172,,,Haute-Provence Observatory,Radial Velocity
HD 124330 b,2021,270.66,238.37130525,,,Haute-Provence Observatory,Radial Velocity
HD 155193 b,2021,352.65,238.37130525,,,Haute-Provence Observatory,Radial Velocity
HD 331093 b,2021,621.62,476.7426105,,,Haute-Provence Observatory,Radial Velocity
HD 152843 b,2021,11.62071,9.82,3.05,,Transiting Exoplanet Survey Satellite (TESS),Transit
HD 152843 c,2021,19.502104,9.67,5.94,,Transiting Exoplanet Survey Satellite (TESS),Transit
HD 107148 c,2021,18.3267,19.89605828,,,Multiple Observatories,Radial Velocity
HD 136925 b,2021,4540.0,266.97586188,,,Multiple Observatories,Radial Velocity
HD 141004 b,2021,15.5083,13.63483866,,,Multiple Observatories,Radial Velocity
HD 156668 c,2021,811.3,31.49679513,,,Multiple Observatories,Radial Velocity
HD 164922 e,2021,41.763,10.52012027,,,Multiple Observatories,Radial Velocity
HD 168009 b,2021,15.1479,9.53485221,,,Multiple Observatories,Radial Velocity
HD 213472 b,2021,17000.0,1112.3994245,,,Multiple Observatories,Radial Velocity
HD 24040 c,2021,515.4,63.88350981,,,Multiple Observatories,Radial Velocity
HD 26161 b,2021,10942.29013,9045.39646322,,,Multiple Observatories,Radial Velocity
HD 3765 b,2021,1211.0,54.98431441,,,Multiple Observatories,Radial Velocity
HD 66428 c,2021,10478.84437,560.64930995,,,Multiple Observatories,Radial Velocity
HD 68988 c,2021,16000.0,4767.426105,,,Multiple Observatories,Radial Velocity
HD 95735 c,2021,2946.0,13.6,,,Multiple Observatories,Radial Velocity
WASP-110 b,2021,3.7784022,154.78243421,13.19297028,1158.0,Paranal Observatory,Transit
Kepler-129 d,2021,2646.0,2637.9757781,,,W. M. Keck Observatory,Radial Velocity
GJ 849 c,2014,5990.0,314.65012293,,,W. M. Keck Observatory,Radial Velocity
TOI-674 b,2021,1.977143,23.6,5.25,635.0,Transiting Exoplanet Survey Satellite (TESS),Transit
TOI-1685 b,2021,0.66913923,3.07,1.421,1000.0,Transiting Exoplanet Survey Satellite (TESS),Transit
TOI-1260 b,2021,3.127463,8.56,2.41,871.0,Transiting Exoplanet Survey Satellite (TESS),Transit
TOI-1260 c,2021,7.493134,13.2,2.76,651.0,Transiting Exoplanet Survey Satellite (TESS),Transit
TOI-1634 b,2021,0.98934551,4.9,1.759,900.0,Transiting Exoplanet Survey Satellite (TESS),Transit
GJ 720 A b,2021,19.466,13.64,,401.0,Roque de los Muchachos Observatory,Radial Velocity
G 264-012 b,2021,2.30538,2.5,,587.0,Calar Alto Observatory,Radial Velocity
G 264-012 c,2021,8.0518,3.75,,387.0,Calar Alto Observatory,Radial Velocity
GJ 393 b,2021,7.02679,1.71,,485.0,Multiple Observatories,Radial Velocity
TOI-1259 A b,2021,3.4779792,141.0,11.6,,Transiting Exoplanet Survey Satellite (TESS),Transit
TOI-1807 b,2021,0.54937097,2.44,1.49681583,1694.1,Transiting Exoplanet Survey Satellite (TESS),Transit
TOI-2076 b,2021,10.35504,6.7,2.59,736.0,Transiting Exoplanet Survey Satellite (TESS),Transit
TOI-2076 c,2021,21.01447,7.2,3.54,581.0,Transiting Exoplanet Survey Satellite (TESS),Transit
TOI-2076 d,2021,35.12803,7.3,3.27,490.0,Transiting Exoplanet Survey Satellite (TESS),Transit
HAT-P-58 b,2021,4.0138379,118.2321674,14.93036229,1622.0,HATNet,Transit
HAT-P-59 b,2021,4.1419771,489.45574678,12.58768533,1277.8,HATNet,Transit
HAT-P-60 b,2021,4.7947813,182.43350562,18.28184752,1772.0,HATNet,Transit
HAT-P-61 b,2021,1.90231289,335.9446262,10.07687365,1505.0,HATNet,Transit
HAT-P-62 b,2021,2.6453235,241.86741773,12.02723629,1512.0,HATNet,Transit
HAT-P-63 b,2021,3.377728,195.1466419,12.5428494,1237.0,HATNet,Transit
HAT-P-64 b,2021,4.007232,184.34047606,19.08889413,1766.0,HATNet,Transit
TOI-1749 b,2021,2.38839,57.0,1.39,831.0,Transiting Exoplanet Survey Satellite (TESS),Transit
TOI-1749 c,2021,4.4929,14.0,2.12,673.0,Transiting Exoplanet Survey Satellite (TESS),Transit
TOI-1749 d,2021,9.0497,15.0,2.52,533.0,Transiting Exoplanet Survey Satellite (TESS),Transit
HD 27969 b,2021,654.5,1525.5763536,,261.0,Haute-Provence Observatory,Radial Velocity
HD 80869 b,2021,1752.92067,1609.80088146,,,Haute-Provence Observatory,Radial Velocity
HD 95544 b,2021,2041.54152,1913.64483855,,,Haute-Provence Observatory,Radial Velocity
HD 109286 b,2021,520.1,950.30693693,,259.4,Haute-Provence Observatory,Radial Velocity
HD 115954 b,2021,3700.0,2634.79749403,,144.9,Haute-Provence Observatory,Radial Velocity
HD 211403 b,2021,223.8,1760.76937478,,380.0,Haute-Provence Observatory,Radial Velocity
TOI-1062 b,2021,4.11296,10.15,2.265,1077.0,Transiting Exoplanet Survey Satellite (TESS),Transit
TOI-1062 c,2021,7.972,9.78,,859.0,La Silla Observatory,Radial Velocity
TOI-1278 b,2021,14.47567,5879.8255295,12.21778896,,Transiting Exoplanet Survey Satellite (TESS),Transit
KIC 8121913 b,2021,3.294601,667.4396547,,,Kepler,Orbital Brightness Modulation
KIC 10068024 b,2021,2.073549,635.656814,,,Kepler,Orbital Brightness Modulation
KIC 5479689 b,2021,1.701531,158.9142035,,,Kepler,Orbital Brightness Modulation
AU Mic c,2021,18.859023,14.46,2.79,424.7,Transiting Exoplanet Survey Satellite (TESS),Transit
TOI-2406 b,2021,3.0766891,15.6,2.86,449.0,Transiting Exoplanet Survey Satellite (TESS),Transit
TOI-532 b,2021,2.3266508,61.5,5.82,867.0,Transiting Exoplanet Survey Satellite (TESS),Transit
TOI-431 b,2021,0.490047,3.07,1.28,1862.0,Transiting Exoplanet Survey Satellite (TESS),Transit
TOI-431 c,2021,4.8494,2.83,,867.0,La Silla Observatory,Radial Velocity
TOI-431 d,2021,12.46103,9.9,3.29,633.0,Transiting Exoplanet Survey Satellite (TESS),Transit
TOI-2202 b,2021,11.9126075,287.31687993,10.95117414,,Transiting Exoplanet Survey Satellite (TESS),Transit
TOI-2202 c,2021,24.6744,117.27868218,,,Multiple Observatories,Transit Timing Variations
L 98-59 e,2021,12.8278,2.82,,347.0,Multiple Observatories,Radial Velocity
TOI-1518 b,2021,1.90261131,581.62598481,21.05046575,2546.0,Multiple Observatories,Transit
TIC 172900988 b,2021,200.452,942.0,11.25,,Transiting Exoplanet Survey Satellite (TESS),Transit
HD 22496 b,2021,5.09071,5.57,,573.0,Paranal Observatory,Radial Velocity
TOI-1201 b,2021,2.4919863,6.28,2.415,703.0,Transiting Exoplanet Survey Satellite (TESS),Transit
GPX-1 b,2021,1.744579,6261.2196179,16.47720163,2300.0,Acton Sky Portal Observatory,Transit
TOI-558 b,2021,14.574071,1147.36054927,12.17295304,1061.0,Transiting Exoplanet Survey Satellite (TESS),Transit
TOI-559 b,2021,6.9839095,1910.14872607,12.22899794,1180.0,Transiting Exoplanet Survey Satellite (TESS),Transit
TIC 257060897 b,2021,3.66003639,201.50321004,17.26183028,1775.0,Transiting Exoplanet Survey Satellite (TESS),Transit
TOI-1431 b,2021,2.650237,991.62462984,16.70138124,2370.0,Transiting Exoplanet Survey Satellite (TESS),Transit
TOI-530 b,2021,6.387597,127.1313628,9.30345398,565.0,Transiting Exoplanet Survey Satellite (TESS),Transit
TOI-1789 b,2021,3.208664,222.4798849,16.14093221,1927.0,Transiting Exoplanet Survey Satellite (TESS),Transit
TOI-1296 b,2021,3.9443736,95.3,14.11645916,1414.84,Transiting Exoplanet Survey Satellite (TESS),Transit
TOI-1298 b,2021,4.537143,99.0,9.65807033,1278.0,Transiting Exoplanet Survey Satellite (TESS),Transit
HD 63935 b,2021,9.058807,10.5,2.91575244,825.22,Transiting Exoplanet Survey Satellite (TESS),Transit
HD 63935 c,2021,21.4027,11.1,3.06451296,619.59,Multiple Observatories,Radial Velocity
TOI-3362 b,2021,18.09547,1598.3590588,12.80065596,,Transiting Exoplanet Survey Satellite (TESS),Transit
HD 25723 b,2020,457.01,794.5710175,,,Lick Observatory,Radial Velocity
17 Sco b,2020,578.38,1373.01871824,,,Lick Observatory,Radial Velocity
GJ 9689 b,2020,18.27,9.65,,453.04,Roque de los Muchachos Observatory,Radial Velocity
CD Cet b,2020,2.2907,3.95,,464.0,Calar Alto Observatory,Radial Velocity
HD 39194 b,2021,5.63692,4.62,,,La Silla Observatory,Radial Velocity
HD 39194 c,2021,14.0309,7.49,,,La Silla Observatory,Radial Velocity
HD 39194 d,2021,33.874,5.16,,,La Silla Observatory,Radial Velocity
HD 93385 b,2021,7.3426,4.2,,,La Silla Observatory,Radial Velocity
HD 93385 c,2021,13.18,7.1,,,La Silla Observatory,Radial Velocity
HD 93385 d,2021,45.85,8.7,,,La Silla Observatory,Radial Velocity
HD 96700 b,2021,8.1245,8.9,,,La Silla Observatory,Radial Velocity
HD 96700 c,2021,19.88,3.5,,,La Silla Observatory,Radial Velocity
HD 96700 d,2021,103.5,12.7,,,La Silla Observatory,Radial Velocity
HD 154088 b,2021,18.56,6.6,,,La Silla Observatory,Radial Velocity
HD 189567 b,2021,14.288,8.5,,,La Silla Observatory,Radial Velocity
HD 189567 c,2021,33.688,7.0,,,La Silla Observatory,Radial Velocity
HIP 97166 b,2021,10.288914,19.1,2.4801338,701.66,Transiting Exoplanet Survey Satellite (TESS),Transit
HIP 97166 c,2021,16.432,8.0,,,Multiple Observatories,Radial Velocity
HD 29399 b,2022,892.7,498.99059899,,,La Silla Observatory,Radial Velocity
HD 207897 b,2021,16.20166,14.8,2.34302132,581.75,Transiting Exoplanet Survey Satellite (TESS),Transit
HD 137496 b,2021,1.62116,4.04,1.31,2130.0,K2,Transit
HD 137496 c,2021,479.9,2434.56559762,,370.0,Multiple Observatories,Radial Velocity
K2-370 b,2022,2.1408093,11.1,2.67,,K2,Transit
Kepler-58 b,2012,10.2184954,35.5,2.78,,Kepler,Transit
GJ 367 b,2021,0.3219225,0.633,0.699,1365.0,Transiting Exoplanet Survey Satellite (TESS),Transit
TOI-2109 b,2021,0.67247414,1595.49860314,15.098497,3646.0,Transiting Exoplanet Survey Satellite (TESS),Transit
TOI-1842 b,2021,9.5739181,89.4,12.3485023,1199.55,Transiting Exoplanet Survey Satellite (TESS),Transit
HATS-74 A b,2021,1.73185606,464.02947422,11.56766808,895.1,HATSouth,Transit
HATS-75 b,2021,2.7886556,156.05374784,9.90873894,772.3,HATSouth,Transit
HATS-76 b,2021,1.9416423,835.570882,12.09449018,939.8,HATSouth,Transit
HATS-77 b,2021,3.0876262,436.69623122,13.05846252,828.3,HATSouth,Transit
Kepler-1708 b,2021,737.1131,1462.0106722,9.96,,Kepler,Transit
Kepler-1705 c,2021,11.28,5.42,2.05,,Kepler,Transit
HD 360 b,2021,273.1,238.37130525,,,Okayama Astrophysical Observatory,Radial Velocity
HD 10975 b,2021,283.8,143.02278315,,,Okayama Astrophysical Observatory,Radial Velocity
HD 79181 b,2021,273.1,203.41018048,,,Okayama Astrophysical Observatory,Radial Velocity
HD 99283 b,2021,310.4,308.29355479,,,Okayama Astrophysical Observatory,Radial Velocity
ups Leo b,2021,385.2,162.09248757,,,Okayama Astrophysical Observatory,Radial Velocity
HD 161178 b,2021,279.3,181.16219199,,,Okayama Astrophysical Observatory,Radial Velocity
HD 219139 b,2021,275.5,247.90615746,,,Okayama Astrophysical Observatory,Radial Velocity
gam Psc b,2021,555.1,425.89006538,,,Okayama Astrophysical Observatory,Radial Velocity
HIP 5763 b,2021,30.014,162.09248757,,,Cerro Tololo Inter-American Observatory,Radial Velocity
HIP 34222 b,2021,159.986,263.79757781,,,Cerro Tololo Inter-American Observatory,Radial Velocity
HIP 86221 b,2021,2.224,225.65816897,,,Cerro Tololo Inter-American Observatory,Radial Velocity
TOI-2180 b,2022,260.79,875.61726129,11.32107051,348.0,Transiting Exoplanet Survey Satellite (TESS),Transit
LTT 1445 A c,2022,3.1239035,1.54,1.147,508.0,Transiting Exoplanet Survey Satellite (TESS),Transit
b Cen AB b,2021,1790000.0,3464.3296363,,,Paranal Observatory,Imaging
TOI-1064 b,2022,6.443868,13.5,2.587,784.0,Transiting Exoplanet Survey Satellite (TESS),Transit
TOI-1064 c,2022,12.226574,2.5,2.651,634.0,Transiting Exoplanet Survey Satellite (TESS),Transit
HD 22532 b,2022,872.6,673.79622284,,,La Silla Observatory,Radial Velocity
HD 64121 b,2022,623.0,813.64072192,,,La Silla Observatory,Radial Velocity
HD 69123 b,2022,1193.3,966.19835728,,,La Silla Observatory,Radial Velocity
TOI-2184 b,2022,6.90683,206.58846455,11.39953337,,Transiting Exoplanet Survey Satellite (TESS),Transit
TOI-1268 b,2022,8.1577094,96.4,9.1,918.9,Transiting Exoplanet Survey Satellite (TESS),Transit
TOI-2337 b,2022,2.99432,508.5254512,10.08808263,,Transiting Exoplanet Survey Satellite (TESS),Transit
TOI-4329 b,2022,2.9223,143.02278315,16.81347105,,Transiting Exoplanet Survey Satellite (TESS),Transit
TOI-2669 b,2022,6.2034,193.87532827,19.72780603,,Transiting Exoplanet Survey Satellite (TESS),Transit
TOI-500 b,2022,0.548177,1.42,1.166,1617.0,Transiting Exoplanet Survey Satellite (TESS),Transit
TOI-544 b,2022,1.548352,2.89,2.018,999.0,Transiting Exoplanet Survey Satellite (TESS),Transit
TOI-1075 b,2022,0.6047328,9.95,1.791,1323.0,Transiting Exoplanet Survey Satellite (TESS),Transit
TOI-1411 b,2022,1.4520527,2.0,1.19880592,976.4,Transiting Exoplanet Survey Satellite (TESS),Transit
GJ 3929 b,2022,2.616235,1.75,1.09,568.0,Transiting Exoplanet Survey Satellite (TESS),Transit
TOI-1759 b,2022,18.85019,10.8,3.14,443.0,Transiting Exoplanet Survey Satellite (TESS),Transit
WASP-189 b,2020,2.724033,632.47852993,18.14733975,3353.0,CHaracterising ExOPlanets Satellite (CHEOPS),Transit
HD 73583 b,2022,6.398042,10.2,2.79,714.0,Transiting Exoplanet Survey Satellite (TESS),Transit
HD 73583 c,2022,18.87974,9.7,2.39,498.0,Transiting Exoplanet Survey Satellite (TESS),Transit
TOI-1670 b,2022,10.98462,41.31769291,2.06,1062.0,Transiting Exoplanet Survey Satellite (TESS),Transit
TOI-1670 c,2022,40.74976,200.23189641,11.06326395,684.0,Transiting Exoplanet Survey Satellite (TESS),Transit
HD 191939 e,2022,101.12,112.2,,390.0,W. M. Keck Observatory,Radial Velocity
HD 191939 f,2022,2898.0,915.34581216,,,W. M. Keck Observatory,Radial Velocity
GJ 514 b,2022,140.43,5.2,,202.0,Multiple Observatories,Radial Velocity
Kepler-451 c,2022,1460.0,511.70373527,,,Multiple Observatories,Eclipse Timing Variations
Kepler-451 d,2022,43.0,559.37799632,,,Multiple Observatories,Eclipse Timing Variations
pi Men d,2022,124.64,13.38,,,La Silla Observatory,Radial Velocity
TYC 2187-512-1 b,2022,691.9,104.88337431,,,Calar Alto Observatory,Radial Velocity
iot Dra c,2021,25000.0,4958.1231492,,,La Silla Observatory,Radial Velocity
TOI-1246 b,2022,4.30744,8.1,3.01,955.0,Transiting Exoplanet Survey Satellite (TESS),Transit
TOI-1246 c,2022,5.904137,9.1,2.45109846,862.49,Transiting Exoplanet Survey Satellite (TESS),Transit
TOI-1246 d,2022,18.654874,5.4,3.43139739,587.77,Transiting Exoplanet Survey Satellite (TESS),Transit
TOI-1246 e,2022,37.92548,14.5,3.5141875,463.98,Transiting Exoplanet Survey Satellite (TESS),Transit
TOI-1696 b,2022,2.500311,48.8,3.09,489.0,Transiting Exoplanet Survey Satellite (TESS),Transit
TOI-2136 b,2022,7.851928,6.37,2.19,395.0,Transiting Exoplanet Survey Satellite (TESS),Transit
HIP 94235 b,2022,7.713057,379.0,3.0,1060.0,Transiting Exoplanet Survey Satellite (TESS),Transit
TOI-1710 b,2022,24.283377,22.4,5.20315158,602.99,Transiting Exoplanet Survey Satellite (TESS),Transit
HD 103891 b,2022,1919.0,457.67290608,,,La Silla Observatory,Radial Velocity
HD 105779 b,2022,2412.0,203.41018048,,,La Silla Observatory,Radial Velocity
TOI-500 c,2022,6.6356,5.03,,,La Silla Observatory,Radial Velocity
TOI-500 d,2022,26.233,33.12,,,La Silla Observatory,Radial Velocity
TOI-500 e,2022,61.3,15.05,,,La Silla Observatory,Radial Velocity
TOI-1181 b,2022,2.103189,374.71969185,17.02644168,,Transiting Exoplanet Survey Satellite (TESS),Transit
TOI-1516 b,2022,2.056014,1004.33776612,15.24421375,,Transiting Exoplanet Survey Satellite (TESS),Transit
TOI-2046 b,2022,1.4971842,731.0053361,16.14093221,,Transiting Exoplanet Survey Satellite (TESS),Transit
WASP-132 c,2022,1.01153624,6.26,1.841,1329.0,Transiting Exoplanet Survey Satellite (TESS),Transit
Kepler-1656 c,2022,1919.0,126.4,,,W. M. Keck Observatory,Radial Velocity
Gaia-1 b,2022,3.052524,533.95172376,13.77583728,,European Space Agency (ESA) Gaia Satellite,Transit
Gaia-2 b,2022,3.6915224,259.66580852,14.81827249,,European Space Agency (ESA) Gaia Satellite,Transit
TOI-1107 b,2022,4.0782387,1064.72516345,14.57167491,1728.0,Transiting Exoplanet Survey Satellite (TESS),Transit
Ross 508 b,2022,10.77,4.0,,,Subaru Telescope,Radial Velocity
HD 83443 c,2022,8241.0,476.7426105,,,Multiple Observatories,Radial Velocity
HD 28109 b,2022,22.891054,6.2,2.69,867.0,Transiting Exoplanet Survey Satellite (TESS),Transit
HD 28109 c,2022,55.99712,9.2,4.13,643.0,Transiting Exoplanet Survey Satellite (TESS),Transit
HD 28109 d,2022,84.2899,5.8,3.11,561.0,Transiting Exoplanet Survey Satellite (TESS),Transit
HD 260655 b,2022,2.76953,2.14,1.24,709.0,Transiting Exoplanet Survey Satellite (TESS),Transit
HD 260655 c,2022,5.70588,3.09,1.533,557.0,Transiting Exoplanet Survey Satellite (TESS),Transit
HD 33142 d,2022,89.9,63.5656814,,,Multiple Observatories,Radial Velocity
HD 19615 b,2022,402.0,2701.5414595,,,Bohyunsan Optical Astronomical Observatory,Radial Velocity
HD 150010 b,2022,562.0,762.7881768,,,Bohyunsan Optical Astronomical Observatory,Radial Velocity
HD 174205 b,2022,582.0,1334.8793094,,,Bohyunsan Optical Astronomical Observatory,Radial Velocity
TOI-3714 b,2022,2.154849,222.4798849,11.32107051,750.0,Transiting Exoplanet Survey Satellite (TESS),Transit
TOI-3629 b,2022,3.936551,82.63538582,8.29464572,690.0,Transiting Exoplanet Survey Satellite (TESS),Transit
TOI-1272 b,2022,3.31599,27.0,4.13204907,975.0,Transiting Exoplanet Survey Satellite (TESS),Transit
TOI-1272 c,2022,8.6811,21.7,,,W. M. Keck Observatory,Radial Velocity
KOI-984 c,2022,21.512,209.8,,597.0,Kepler,Transit Timing Variations
TOI-5153 b,2022,20.33003,1036.12060682,11.88151954,906.0,Transiting Exoplanet Survey Satellite (TESS),Transit
NGTS-20 b,2022,54.18915,947.12865286,11.99360935,688.0,Transiting Exoplanet Survey Satellite (TESS),Transit
HIP 21152 b,2022,22000.0,7627.881768,,1300.0,Multiple Observatories,Imaging
TOI-1422 b,2022,12.99894,9.5,3.83,870.0,Transiting Exoplanet Survey Satellite (TESS),Transit
GJ 3512 c,2020,2354.0,143.97626837,,,Multiple Observatories,Radial Velocity
CoRoT-7 d,2022,8.966,17.142,,,La Silla Observatory,Radial Velocity
CoRoT-35 b,2022,3.22748,349.6112477,18.83108758,1747.0,CoRoT,Transit
CoRoT-36 b,2022,5.616531,216.12331676,15.80466279,1567.0,CoRoT,Transit
GJ 3929 c,2022,15.04,5.71,,317.0,Multiple Observatories,Radial Velocity
HD 93963 A b,2022,1.0376109,2.8,1.46954368,1842.23,Transiting Exoplanet Survey Satellite (TESS),Transit
HD 93963 A c,2022,3.6451389,18.4,3.11976057,1212.45,Transiting Exoplanet Survey Satellite (TESS),Transit
Kepler-18 c,2011,7.64159,17.3,5.49,,Kepler,Transit
TOI-159 b,2026,3.7628396,1110.0,18.18,1891.0,Transiting Exoplanet Survey Satellite (TESS),Transit
GJ 3090 b,2022,2.85310198,4.52,2.18,723.0,Transiting Exoplanet Survey Satellite (TESS),Transit
HD 18599 b,2022,4.1374354,24.1,2.6,,Transiting Exoplanet Survey Satellite (TESS),Transit
TOI-181 b,2023,4.532,46.1687,6.9559,895.1,Transiting Exoplanet Survey Satellite (TESS),Transit
TOI-199 b,2023,104.854,54.03082919,9.07927437,,Transiting Exoplanet Survey Satellite (TESS),Transit
TOI-238 b,2024,1.273099,3.37,1.559,1378.0,Transiting Exoplanet Survey Satellite (TESS),Transit
TOI-244 b,2023,7.397225,2.68,1.52,458.0,Transiting Exoplanet Survey Satellite (TESS),Transit
TOI-260 b,2024,13.475853,4.23,1.71,493.0,Transiting Exoplanet Survey Satellite (TESS),Transit
HIP 8152 b,2023,10.751014,8.9,2.53625843,794.96,Transiting Exoplanet Survey Satellite (TESS),Transit
HIP 8152 c,2023,19.60562,10.7,2.52442508,650.68,Transiting Exoplanet Survey Satellite (TESS),Transit
TOI-283 b,2025,17.61745,6.54,2.34,661.0,Transiting Exoplanet Survey Satellite (TESS),Transit
TOI-286 b,2024,4.5117244,4.53,1.42,979.0,Transiting Exoplanet Survey Satellite (TESS),Transit
TOI-286 c,2024,39.361826,3.72,1.88,475.0,Transiting Exoplanet Survey Satellite (TESS),Transit
TOI-329 b,2024,5.70439,40.4,4.94057819,1213.02,Transiting Exoplanet Survey Satellite (TESS),Transit
TOI-332 b,2023,0.777038,57.2,3.2,1871.0,Transiting Exoplanet Survey Satellite (TESS),Transit
TOI-333 b,2025,3.7852503,20.1,4.26,1445.0,Transiting Exoplanet Survey Satellite (TESS),Transit
Kepler-432 b,2015,52.501129,1719.4603,12.834305,,Kepler,Transit
TOI-375 b,2026,9.45469,236.78216321,10.77183045,1373.0,Transiting Exoplanet Survey Satellite (TESS),Transit
TOI-406.01,2024,13.175682,6.57,2.08,368.0,Transiting Exoplanet Survey Satellite (TESS),Transit
TOI-406 c,2024,3.307441,2.08,1.32,584.0,Transiting Exoplanet Survey Satellite (TESS),Transit
TOI-411 c,2022,9.573083,9.72,2.328,931.0,Transiting Exoplanet Survey Satellite (TESS),Transit
TOI-411 b,2022,4.040295,13.71,1.362,1241.0,Transiting Exoplanet Survey Satellite (TESS),Transit
TOI-469.01,2021,13.6308205,9.1,3.41,716.0,Transiting Exoplanet Survey Satellite (TESS),Transit
TOI-480 b,2024,6.866196,20.8,2.85372018,1198.94,Transiting Exoplanet Survey Satellite (TESS),Transit
TOI-512 b,2025,7.18886,3.57,1.54,1009.0,Transiting Exoplanet Survey Satellite (TESS),Transit
TOI-521 b,2025,1.54285047,5.3,1.98,794.0,Transiting Exoplanet Survey Satellite (TESS),Transit
HD 25463 b,2023,7.0491423,8.7,2.54535814,1198.46,Transiting Exoplanet Survey Satellite (TESS),Transit
HD 25463 c,2023,3.04405,4.3,1.36354953,1585.57,Transiting Exoplanet Survey Satellite (TESS),Transit
TOI-615 b,2023,4.6615983,138.25535705,18.97680433,1666.0,Transiting Exoplanet Survey Satellite (TESS),Transit
TOI-622 b,2023,6.402513,96.30200732,9.2362001,1388.0,Transiting Exoplanet Survey Satellite (TESS),Transit
Kepler-282 d,2013,24.806,61.0,2.46,,Kepler,Transit
TOI-654.01,2024,1.527561,8.71,2.378,794.0,Transiting Exoplanet Survey Satellite (TESS),Transit
TOI-663 b,2024,2.598902,4.45,2.27,674.0,Transiting Exoplanet Survey Satellite (TESS),Transit
TOI-663 c,2024,4.6955507,3.65,2.26,553.0,Transiting Exoplanet Survey Satellite (TESS),Transit
TOI-663 d,2024,7.1027268,5.2,1.92,482.0,Transiting Exoplanet Survey Satellite (TESS),Transit
TOI-669 b,2023,3.945152,10.0,2.58606487,1124.85,Transiting Exoplanet Survey Satellite (TESS),Transit
TOI-672 b,2023,3.633581,50.9,5.31,699.5,Transiting Exoplanet Survey Satellite (TESS),Transit
Kepler-57 b,2012,5.72,25.06,3.135,,Kepler,Transit
TOI-733 b,2023,4.884765,5.72,1.992,1055.8,Transiting Exoplanet Survey Satellite (TESS),Transit
TOI-756 b,2025,1.2392495,9.83,2.81,934.0,Transiting Exoplanet Survey Satellite (TESS),Transit
TOI-757 b,2024,17.46819,10.5,2.5,641.0,Transiting Exoplanet Survey Satellite (TESS),Transit
TOI-762 A b,2024,3.4716826,79.77493016,8.33948164,555.4,Transiting Exoplanet Survey Satellite (TESS),Transit
TOI-771 b,2024,2.3260155,2.47,1.36,543.0,Transiting Exoplanet Survey Satellite (TESS),Transit
TOI-778 b,2023,4.633611,878.0,15.4,1561.0,Transiting Exoplanet Survey Satellite (TESS),Transit
TOI-782 b,2024,8.0240015,19.1,2.734,435.0,Transiting Exoplanet Survey Satellite (TESS),Transit
TOI-784 b,2023,2.7970365,9.67,1.93,,Transiting Exoplanet Survey Satellite (TESS),Transit
TOI-815 b,2024,11.197259,7.6,2.94,686.0,Transiting Exoplanet Survey Satellite (TESS),Transit
TOI-836.01,2021,8.59545,9.6,2.587,665.0,Transiting Exoplanet Survey Satellite (TESS),Transit
TOI-836 b,2023,3.81673,4.53,1.704,871.0,Transiting Exoplanet Survey Satellite (TESS),Transit
TOI-858 B b,2023,3.2797178,349.6112477,14.06727078,1529.0,Transiting Exoplanet Survey Satellite (TESS),Transit
KOI-1257 b,2014,86.647661,460.83,10.54,511.0,Kepler,Transit
TOI-908 b,2023,3.183792,16.137,3.186,1317.0,Transiting Exoplanet Survey Satellite (TESS),Transit
TOI-912 b,2025,4.6780691,5.1,1.93,551.0,Transiting Exoplanet Survey Satellite (TESS),Transit
TOI-969 b,2022,1.8237305,9.1,2.765,941.0,Transiting Exoplanet Survey Satellite (TESS),Transit
TOI-1011 b,2025,2.470498,4.04,1.45,,Transiting Exoplanet Survey Satellite (TESS),Transit
Kepler-56 c,2012,21.40239,181.0,9.8,,Kepler,Transit
TOI-1052 b,2023,9.139703,16.9,2.87,1135.0,Transiting Exoplanet Survey Satellite (TESS),Transit
TOI-1080 b,2026,3.9652482,10.7,1.2,368.0,Transiting Exoplanet Survey Satellite (TESS),Transit
Kepler-279 c,2013,35.736,49.4,4.3,,Kepler,Transit
TOI-1117 b,2025,2.22816,8.9,2.46,1538.0,Transiting Exoplanet Survey Satellite (TESS),Transit
TOI-1135 b,2024,8.0277327,58.79825529,9.91994792,1171.0,Transiting Exoplanet Survey Satellite (TESS),Transit
TOI-1136 d,2022,12.5199,8.35,,843.0,Transiting Exoplanet Survey Satellite (TESS),Transit
TOI-1136 c,2022,6.2574,6.32,,1062.0,Transiting Exoplanet Survey Satellite (TESS),Transit
TOI-1136 f,2022,26.321,9.7,,658.0,Transiting Exoplanet Survey Satellite (TESS),Transit
TOI-1136 e,2022,18.801,6.07,,737.0,Transiting Exoplanet Survey Satellite (TESS),Transit
TOI-1173 b,2024,7.06466,27.4,9.19,868.0,Transiting Exoplanet Survey Satellite (TESS),Transit
TOI-1194 b,2023,2.3106446,120.0,8.71664516,1264.29,Transiting Exoplanet Survey Satellite (TESS),Transit
TOI-1199 b,2024,3.671463,75.96098927,10.5140239,1486.0,Transiting Exoplanet Survey Satellite (TESS),Transit
TOI-1203.01,2021,25.502672,7.39,2.918,743.6,Transiting Exoplanet Survey Satellite (TESS),Transit
Kepler-44 b,2011,3.2467293,317.82,12.22,1544.0,Kepler,Transit
TOI-1221 b,2023,91.68278,1112.3994245,2.91,440.0,Transiting Exoplanet Survey Satellite (TESS),Transit
TOI-1232 b,2026,14.256,220.57291446,10.92875618,,Transiting Exoplanet Survey Satellite (TESS),Transit
TOI-1238 c,2022,3.294736,8.32,2.11,695.0,Transiting Exoplanet Survey Satellite (TESS),Transit
TOI-1238 b,2022,0.764597,3.76,1.21,1133.0,Transiting Exoplanet Survey Satellite (TESS),Transit
TOI-1243 b,2026,4.6594779,7.7,2.33,450.0,Transiting Exoplanet Survey Satellite (TESS),Transit
TOI-1248 b,2024,4.3601561,27.4,6.8084859,952.09,Transiting Exoplanet Survey Satellite (TESS),Transit
TOI-1249 b,2024,13.079151,11.9,3.2710301,726.89,Transiting Exoplanet Survey Satellite (TESS),Transit
TOI-1269 b,2024,4.2529913,6.4,2.40144286,1004.9,Transiting Exoplanet Survey Satellite (TESS),Transit
TOI-1273 b,2024,4.631296,70.55790635,11.09689089,1211.0,Transiting Exoplanet Survey Satellite (TESS),Transit
Kepler-278 b,2014,30.1556,56.0,3.955,586.0,Kepler,Transit
TOI-1279 b,2024,9.61419,10.6,2.66146528,759.0,Transiting Exoplanet Survey Satellite (TESS),Transit
TOI-1288 b,2022,2.6998279,44.1,4.96846551,1203.44,Transiting Exoplanet Survey Satellite (TESS),Transit
TOI-1294 b,2024,3.915292,63.9,10.12369881,1392.74,Transiting Exoplanet Survey Satellite (TESS),Transit
TOI-1295 b,2024,3.1968838,451.31633794,15.69257298,2360.0,Transiting Exoplanet Survey Satellite (TESS),Transit
Kepler-277 b,2013,17.324,87.3,2.92,,Kepler,Transit
TOI-1347 b,2024,0.84742346,11.1,1.8,1400.0,Transiting Exoplanet Survey Satellite (TESS),Transit
TOI-1347 c,2024,4.841962,6.4,1.6,1000.0,Transiting Exoplanet Survey Satellite (TESS),Transit
TOI-1386 b,2024,25.8401,45.8,6.2163865,615.03,Transiting Exoplanet Survey Satellite (TESS),Transit
TOI-1408 b,2023,4.42587,593.0,25.0,,Transiting Exoplanet Survey Satellite (TESS),Transit
TOI-1410.01,2024,1.21687,12.5,3.10083009,1236.7,Transiting Exoplanet Survey Satellite (TESS),Transit
TOI-1416 b,2023,1.0697568,3.48,1.62,1517.0,Transiting Exoplanet Survey Satellite (TESS),Transit
TOI-1420 b,2023,6.9561063,25.1,11.89,957.0,Transiting Exoplanet Survey Satellite (TESS),Transit
HD 235088 b,2023,7.4341325,4.15,1.982,,Transiting Exoplanet Survey Satellite (TESS),Transit
TOI-1437 b,2024,18.840942,9.6,2.24,,Transiting Exoplanet Survey Satellite (TESS),Transit
TOI-1438 b,2025,5.13967,9.4,3.04,971.0,Transiting Exoplanet Survey Satellite (TESS),Transit
TOI-1438 c,2025,9.428089,10.6,2.75,794.0,Transiting Exoplanet Survey Satellite (TESS),Transit
TOI-1439 b,2024,27.644,38.5,4.2427861,748.4,Transiting Exoplanet Survey Satellite (TESS),Transit
TOI-1443 b,2024,23.540678,30.0,2.30381001,520.66,Transiting Exoplanet Survey Satellite (TESS),Transit
Kepler-41 b,2011,1.8555582,177.98,14.46,1790.0,Kepler,Transit
TOI-1448 b,2024,8.112245,19.5,2.749,426.0,Transiting Exoplanet Survey Satellite (TESS),Transit
TOI-1450 A b,2024,2.0439274,1.258,1.13,722.0,Transiting Exoplanet Survey Satellite (TESS),Transit
TOI-1451 b,2024,16.537944,15.2,2.61143902,723.33,Transiting Exoplanet Survey Satellite (TESS),Transit
TOI-1452 b,2022,11.06201,4.82,1.672,326.0,Transiting Exoplanet Survey Satellite (TESS),Transit
TOI-1453 c,2025,6.5886982,2.95,2.224,819.8,Transiting Exoplanet Survey Satellite (TESS),Transit
TOI-1453 b,2025,4.3135225,2.32,1.173,944.2,Transiting Exoplanet Survey Satellite (TESS),Transit
TOI-1468 c,2022,15.532477,4.1,2.126,338.1,Transiting Exoplanet Survey Satellite (TESS),Transit
TOI-1468 b,2022,1.8805201,3.04,1.401,683.5,Transiting Exoplanet Survey Satellite (TESS),Transit
TOI-1470 b,2023,2.527093,7.32,2.18,734.0,Transiting Exoplanet Survey Satellite (TESS),Transit
Kepler-276 c,2013,31.884,16.6,2.9,,Kepler,Transit
HIP 9618 b,2023,20.772858,8.3,3.82838127,640.88,Transiting Exoplanet Survey Satellite (TESS),Transit
HIP 9618 c,2023,52.56363,7.0,3.42855926,470.31,Transiting Exoplanet Survey Satellite (TESS),Transit
TOI-1472 b,2024,6.36338574,18.05,4.058,891.0,Transiting Exoplanet Survey Satellite (TESS),Transit
HD 6061 b,2023,5.2549,10.0,2.42763557,1075.31,Transiting Exoplanet Survey Satellite (TESS),Transit
TOI-1648 b,2025,7.331602,7.4,2.54,799.0,Transiting Exoplanet Survey Satellite (TESS),Transit
TOI-1669 c,2024,2.6800535,13.0,2.2963977,1285.16,Transiting Exoplanet Survey Satellite (TESS),Transit
TOI-1694 b,2023,3.770107,31.3,5.3422266,943.19,Transiting Exoplanet Survey Satellite (TESS),Transit
TOI-1695 b,2022,3.1342791,6.36,1.9,698.0,Transiting Exoplanet Survey Satellite (TESS),Transit
LHS 1903 c,2026,6.226185,4.55,2.046,559.0,Transiting Exoplanet Survey Satellite (TESS),Transit
LHS 1903 b,2026,2.1555098,3.28,1.382,796.0,Transiting Exoplanet Survey Satellite (TESS),Transit
LHS 1903 d,2026,12.566287,5.96,2.5,442.0,Transiting Exoplanet Survey Satellite (TESS),Transit
TOI-1736 b,2023,7.073076,12.3,3.18175535,1099.79,Transiting Exoplanet Survey Satellite (TESS),Transit
TOI-1742 b,2024,21.269084,9.7,2.36507598,694.09,Transiting Exoplanet Survey Satellite (TESS),Transit
TOI-1751 b,2024,37.46852,19.5,2.9507845,651.64,Transiting Exoplanet Survey Satellite (TESS),Transit
TOI-1753 b,2024,5.3846104,16.6,2.47852533,1005.43,Transiting Exoplanet Survey Satellite (TESS),Transit
TOI-1774.01,2021,16.70988,8.5,2.78,824.0,Transiting Exoplanet Survey Satellite (TESS),Transit
TOI-1775 b,2024,10.2405549,96.0,8.04728896,707.89,Transiting Exoplanet Survey Satellite (TESS),Transit
TOI-1776 b,2024,2.799868,1.4,1.21612741,1269.21,Transiting Exoplanet Survey Satellite (TESS),Transit
HD 77946 b,2024,6.527363,10.9,2.89646124,1128.86,Transiting Exoplanet Survey Satellite (TESS),Transit
Kepler-105 b,2013,5.4122034,10.8,2.53,,Kepler,Transit
TOI-1794 b,2024,8.765528,8.7,3.29701268,992.91,Transiting Exoplanet Survey Satellite (TESS),Transit
TOI-1801 b,2023,10.64387,5.738,2.079,493.7,Transiting Exoplanet Survey Satellite (TESS),Transit
TOI-1803 c,2025,12.885779,8.0,4.29,588.0,Transiting Exoplanet Survey Satellite (TESS),Transit
TOI-1803 b,2025,6.293287,10.32,2.99,747.0,Transiting Exoplanet Survey Satellite (TESS),Transit
TOI-1811 b,2023,3.7130765,308.9292116,11.14172682,962.2,Transiting Exoplanet Survey Satellite (TESS),Transit
TOI-1820 b,2022,4.860674,731.0053361,12.778238,1375.0,Transiting Exoplanet Survey Satellite (TESS),Transit
TOI-1823 b,2024,38.8,67.4,7.5406241,423.63,Transiting Exoplanet Survey Satellite (TESS),Transit
TOI-1824 b,2024,22.808533,16.0,2.7438269,528.67,Transiting Exoplanet Survey Satellite (TESS),Transit
TOI-1836 b,2024,20.380799,38.45723725,8.00321222,966.0,Transiting Exoplanet Survey Satellite (TESS),Transit
TOI-1836 c,2024,1.7727471,8.0,2.59987579,2007.6,Transiting Exoplanet Survey Satellite (TESS),Transit
TOI-1853 b,2023,1.2436258,73.2,3.46,1479.0,Transiting Exoplanet Survey Satellite (TESS),Transit
TOI-1855 b,2024,1.36414864,360.09958513,18.49481816,1701.0,Transiting Exoplanet Survey Satellite (TESS),Transit
TOI-1898 b,2024,45.52234,129.0,9.39553231,674.54,Transiting Exoplanet Survey Satellite (TESS),Transit
TOI-1937 A b,2023,0.94667944,638.83509807,13.97759893,2097.0,Transiting Exoplanet Survey Satellite (TESS),Transit
TOI-1994 b,2024,4.0337142,7024.0077947,13.67495645,2290.0,Transiting Exoplanet Survey Satellite (TESS),Transit
TOI-2000 c,2023,9.127055,81.7,8.14,1038.0,Transiting Exoplanet Survey Satellite (TESS),Transit
TOI-2000 b,2023,3.09833,11.0,2.7,1488.0,Transiting Exoplanet Survey Satellite (TESS),Transit
TOI-2005 b,2025,17.305904,2034.1018048,11.99360935,,Transiting Exoplanet Survey Satellite (TESS),Transit
TOI-2010 b,2023,141.834025,408.7273314,11.81426566,400.2,Transiting Exoplanet Survey Satellite (TESS),Transit
TOI-2015 b,2023,3.348237,9.2,3.309,530.9,Transiting Exoplanet Survey Satellite (TESS),Transit
TOI-2019 b,2024,15.3444,34.4,5.33275337,917.46,Transiting Exoplanet Survey Satellite (TESS),Transit
TOI-2025 b,2022,8.8720982,1144.1822652,11.89272852,1166.0,Transiting Exoplanet Survey Satellite (TESS),Transit
TOI-2031 A b,2025,5.71548654,254.2627256,14.20177855,1358.0,Transiting Exoplanet Survey Satellite (TESS),Transit
TOI-2088 b,2024,124.72997,37.0,3.6831179,300.33,Transiting Exoplanet Survey Satellite (TESS),Transit
TOI-2093 c,2025,53.81149,15.8,2.3,329.0,Transiting Exoplanet Survey Satellite (TESS),Transit
TOI-2095 b,2023,17.66484,4.1,1.25,347.0,Transiting Exoplanet Survey Satellite (TESS),Transit
TOI-2095 c,2023,28.17232,7.4,1.33,297.0,Transiting Exoplanet Survey Satellite (TESS),Transit
TOI-2107 b,2024,2.4545467,263.79757781,13.57407563,1397.0,Transiting Exoplanet Survey Satellite (TESS),Transit
TOI-2120 b,2024,5.7998164,6.8,2.122,384.0,Transiting Exoplanet Survey Satellite (TESS),Transit
TOI-2128 b,2024,16.34136,4.5,2.08874836,780.53,Transiting Exoplanet Survey Satellite (TESS),Transit
TOI-2134 b,2023,9.2292005,9.13,2.69,666.0,Transiting Exoplanet Survey Satellite (TESS),Transit
TOI-2134 c,2023,95.5,41.89,7.27,306.0,Transiting Exoplanet Survey Satellite (TESS),Transit
TOI-2141 b,2023,18.261608,20.1,3.147,728.0,Transiting Exoplanet Survey Satellite (TESS),Transit
Kepler-422 b,2014,7.8914483,136.66,12.89,,Kepler,Transit
TOI-2145 b,2023,10.261128,1805.26535176,12.24020692,,Transiting Exoplanet Survey Satellite (TESS),Transit
TOI-2152 A b,2023,3.3773512,899.45439181,14.35870428,1802.0,Transiting Exoplanet Survey Satellite (TESS),Transit
TOI-2154 b,2023,3.8240801,292.40213444,16.28664896,1580.0,Transiting Exoplanet Survey Satellite (TESS),Transit
TOI-2158 b,2022,8.60077,260.61929374,10.76062147,1188.0,Transiting Exoplanet Survey Satellite (TESS),Transit
TOI-2169 A b,2025,8.2148282,329.58805806,12.50922246,1364.0,Transiting Exoplanet Survey Satellite (TESS),Transit
TOI-2193 A b,2022,2.1225735,298.75870258,19.83989584,1763.0,Transiting Exoplanet Survey Satellite (TESS),Transit
TOI-2196 b,2022,1.1947268,26.0,3.51,1860.0,Transiting Exoplanet Survey Satellite (TESS),Transit
TOI-2207 b,2022,8.001968,203.41018048,11.1529358,1259.0,Transiting Exoplanet Survey Satellite (TESS),Transit
TOI-2236 b,2022,3.5315902,502.16888306,14.36991326,1688.0,Transiting Exoplanet Survey Satellite (TESS),Transit
Kepler-423 b,2014,2.6843285,189.101,13.361,1605.0,Kepler,Transit
TOI-2295 b,2024,30.033302,278.09985612,16.47720163,747.0,Transiting Exoplanet Survey Satellite (TESS),Transit
Kepler-289 c,2014,125.8723,157.18,11.23,,Kepler,Transit
TOI-2322 c,2025,20.225528,18.1,1.874,496.8,Transiting Exoplanet Survey Satellite (TESS),Transit
TOI-2322 b,2025,11.30717,2.31,0.994,603.1,Transiting Exoplanet Survey Satellite (TESS),Transit
TOI-2328 b,2025,17.10197,50.85254512,9.97599282,842.0,Transiting Exoplanet Survey Satellite (TESS),Transit
TOI-2338 b,2023,22.65398,1900.61387386,11.2089807,799.0,Transiting Exoplanet Survey Satellite (TESS),Transit
TOI-2345 b,2025,1.0528573,3.49,1.504,1478.0,Transiting Exoplanet Survey Satellite (TESS),Transit
TOI-2345 c,2025,21.064302,7.27,2.451,544.0,Transiting Exoplanet Survey Satellite (TESS),Transit
TOI-2346 b,2025,3.3312029,394.10722468,16.11851425,1689.0,Transiting Exoplanet Survey Satellite (TESS),Transit
TOI-2364 b,2023,4.0197517,71.51139158,8.60849718,1091.0,Transiting Exoplanet Survey Satellite (TESS),Transit
TOI-2368 b,2024,5.1750073,206.58846455,10.83908434,1000.0,Transiting Exoplanet Survey Satellite (TESS),Transit
TOI-2373 b,2023,13.33668,2955.8041851,10.42435205,860.0,Transiting Exoplanet Survey Satellite (TESS),Transit
TOI-2374 b,2024,4.3136193,61.65871096,7.48759911,926.0,Transiting Exoplanet Survey Satellite (TESS),Transit
TOI-2379 b,2024,5.4693827,1830.69162432,11.72459381,624.0,Transiting Exoplanet Survey Satellite (TESS),Transit
TOI-2382 b,2025,4.6612061,235.19302118,12.25141591,1426.0,Transiting Exoplanet Survey Satellite (TESS),Transit
TOI-2384 b,2024,2.13570304,624.85064816,11.48920522,889.7,Transiting Exoplanet Survey Satellite (TESS),Transit
TOI-2416 b,2023,8.275479,953.485221,9.86390302,1080.0,Transiting Exoplanet Survey Satellite (TESS),Transit
TOI-2420 b,2024,5.842641,294.62693329,15.02003414,1571.6,Transiting Exoplanet Survey Satellite (TESS),Transit
TOI-2421 b,2022,4.3474032,105.83685953,10.36830715,1534.0,Transiting Exoplanet Survey Satellite (TESS),Transit
TOI-2431 b,2026,0.22419578,6.2,1.534,2063.0,Transiting Exoplanet Survey Satellite (TESS),Transit
TOI-2447 b,2024,69.33684,124.90656395,9.60609646,414.0,Transiting Exoplanet Survey Satellite (TESS),Transit
TOI-2449 b,2025,106.14468,222.0,11.24,400.0,Transiting Exoplanet Survey Satellite (TESS),Transit
TOI-2458 b,2024,3.73659,13.31,2.83,1509.4,Transiting Exoplanet Survey Satellite (TESS),Transit
Kepler-26 b,2011,12.28,5.12,2.78,,Kepler,Transit
TOI-2485 b,2024,11.23479,766.60211768,12.1393261,1134.0,Transiting Exoplanet Survey Satellite (TESS),Transit
TOI-2497 b,2023,10.655669,1531.93292174,11.14172682,1595.0,Transiting Exoplanet Survey Satellite (TESS),Transit
TOI-2498 b,2023,3.738252,34.62,6.06,1443.0,Transiting Exoplanet Survey Satellite (TESS),Transit
TOI-2524 b,2023,7.18585,203.41018048,11.2089807,1100.0,Transiting Exoplanet Survey Satellite (TESS),Transit
TOI-2525 b,2023,23.2856,26.69758619,8.67575106,,Transiting Exoplanet Survey Satellite (TESS),Transit
TOI-2525 c,2023,49.2519,208.8132634,10.13291855,,Transiting Exoplanet Survey Satellite (TESS),Transit
TOI-2529 b,2024,64.5949,743.71847238,11.54525012,636.0,Transiting Exoplanet Survey Satellite (TESS),Transit
TOI-2537 b,2024,94.1022,415.40172795,11.25381662,338.0,Transiting Exoplanet Survey Satellite (TESS),Transit
Kepler-43 b,2011,3.0240949,1026.5909,13.663771,1620.0,Kepler,Transit
TOI-2567 b,2022,5.983944,63.88350981,10.92875618,1352.0,Transiting Exoplanet Survey Satellite (TESS),Transit
TOI-2570 b,2022,2.9887615,260.61929374,13.64132951,1431.0,Transiting Exoplanet Survey Satellite (TESS),Transit
TOI-2580 b,2024,3.39775,200.23189641,17.37392009,2410.0,Transiting Exoplanet Survey Satellite (TESS),Transit
TOI-2583 A b,2023,4.5207265,79.45710175,14.4595851,1456.0,Transiting Exoplanet Survey Satellite (TESS),Transit
TOI-2587 A b,2023,5.45664,69.28659273,12.07207221,1445.0,Transiting Exoplanet Survey Satellite (TESS),Transit
TOI-2589 b,2023,61.6277,1112.3994245,12.10569916,592.0,Transiting Exoplanet Survey Satellite (TESS),Transit
TOI-2641 b,2023,4.880974,122.6817651,18.10250383,1387.0,Transiting Exoplanet Survey Satellite (TESS),Transit
TOI-2714 b,2024,2.499387,228.0,13.72,1603.0,Transiting Exoplanet Survey Satellite (TESS),Transit
NGTS-31 b,2025,4.162734,355.96781584,18.04645893,1410.0,Transiting Exoplanet Survey Satellite (TESS),Transit
KOI-13 b,2011,1.763588,2949.4624,16.948008,2550.0,Kepler,Transit
TOI-2796 b,2023,4.8084983,139.84449908,17.26183028,1205.0,Transiting Exoplanet Survey Satellite (TESS),Transit
TOI-2803 A b,2023,1.96229325,309.88269682,18.11371281,1893.0,Transiting Exoplanet Survey Satellite (TESS),Transit
TOI-2818 b,2023,4.039709,225.65816897,15.27784069,1376.0,Transiting Exoplanet Survey Satellite (TESS),Transit
TOI-2842 b,2023,3.5514058,117.59651059,12.84549188,1471.0,Transiting Exoplanet Survey Satellite (TESS),Transit
TOI-2876 b,2025,6.2996431,54.03082919,9.6397234,929.0,Transiting Exoplanet Survey Satellite (TESS),Transit
TOI-2886 b,2025,1.60200105,444.9597698,18.6405349,1978.0,Transiting Exoplanet Survey Satellite (TESS),Transit
TOI-2969 b,2025,1.8237146,368.68095212,12.32987877,1186.0,Transiting Exoplanet Survey Satellite (TESS),Transit
Kepler-102 e,2013,16.1456994,4.7,2.17,590.0,Kepler,Transit
TOI-2977 b,2023,2.3505614,533.95172376,13.15934334,1544.0,Transiting Exoplanet Survey Satellite (TESS),Transit
TOI-2981 b,2024,3.601501,638.0,13.4,1358.0,Transiting Exoplanet Survey Satellite (TESS),Transit
TOI-2986 b,2025,3.2783662,96.61983573,9.292245,1622.0,Transiting Exoplanet Survey Satellite (TESS),Transit
TOI-2989 b,2025,3.122832,953.485221,12.55405838,1001.0,Transiting Exoplanet Survey Satellite (TESS),Transit
TOI-2992 b,2025,3.007812,1058.36859531,13.75341932,1726.0,Transiting Exoplanet Survey Satellite (TESS),Transit
TOI-3023 b,2023,3.9014971,197.05361234,16.43236571,1596.0,Transiting Exoplanet Survey Satellite (TESS),Transit
Kepler-419 b,2014,69.7546,794.5,10.8,,Kepler,Transit
TOI-3071 b,2024,1.266938,68.2,7.16,2155.0,Transiting Exoplanet Survey Satellite (TESS),Transit
Kepler-14 b,2011,6.790123,2669.66,12.733,,Kepler,Transit
TOI-3135 b,2025,3.7065585,327.36325921,13.65253849,1292.0,Transiting Exoplanet Survey Satellite (TESS),Transit
TOI-3160 A b,2025,3.971281,378.21580433,13.7646283,1539.0,Transiting Exoplanet Survey Satellite (TESS),Transit
Kepler-94 b,2014,2.50806,10.84,3.51,,Kepler,Transit
NGTS-27 b,2024,3.3704181,188.47224535,15.64773706,1783.0,Transiting Exoplanet Survey Satellite (TESS),Transit
TOI-3235 b,2023,2.59261842,211.35589065,11.39953337,604.0,Transiting Exoplanet Survey Satellite (TESS),Transit
TOI-3261 b,2024,0.8831331,30.3,3.82,1722.0,Transiting Exoplanet Survey Satellite (TESS),Transit
TOI-3288 b,2025,1.4338647,536.17652261,12.24020692,973.0,Transiting Exoplanet Survey Satellite (TESS),Transit
TOI-3321 b,2024,3.6525145,176.07693748,15.55806521,1616.0,Transiting Exoplanet Survey Satellite (TESS),Transit
TOI-3331 A b,2022,2.0180231,721.47048389,12.97999965,1488.0,Transiting Exoplanet Survey Satellite (TESS),Transit
TOI-3364 b,2023,5.8768918,530.77343969,12.22899794,1264.0,Transiting Exoplanet Survey Satellite (TESS),Transit
TOI-3457 b,2026,32.600268,797.74930157,10.64,824.2,Transiting Exoplanet Survey Satellite (TESS),Transit
TOI-3464 b,2025,3.6515568,397.28550875,13.7646283,1693.0,Transiting Exoplanet Survey Satellite (TESS),Transit
TOI-3474 b,2025,3.8795105,193.87532827,14.67255574,1451.0,Transiting Exoplanet Survey Satellite (TESS),Transit
TOI-3486 b,2025,2.21778105,99.16246298,10.5700688,1190.0,Transiting Exoplanet Survey Satellite (TESS),Transit
TOI-3493 b,2025,8.1594667,8.97,3.22,1102.0,Transiting Exoplanet Survey Satellite (TESS),Transit
TOI-3523 A b,2025,2.30458952,435.42491759,15.9727975,1984.0,Transiting Exoplanet Survey Satellite (TESS),Transit
TOI-3540 A b,2022,3.119999,375.03752026,23.53885947,1498.0,Transiting Exoplanet Survey Satellite (TESS),Transit
TOI-3568 b,2024,4.417965,26.4,5.3,899.0,Transiting Exoplanet Survey Satellite (TESS),Transit
Kepler-305 b,2013,5.487,10.5,3.6,,Kepler,Transit
TOI-3593 b,2025,3.8212867,565.73456446,11.02963701,1170.0,Transiting Exoplanet Survey Satellite (TESS),Transit
TOI-3682 b,2025,3.3462406,69.28659273,12.80065596,1657.0,Transiting Exoplanet Survey Satellite (TESS),Transit
Kepler-17 b,2011,1.4857108,778.65,14.68,1570.0,Kepler,Transit
TOI-3688 A b,2023,3.246075,311.47183886,13.08088048,1534.0,Transiting Exoplanet Survey Satellite (TESS),Transit
TOI-3693 b,2022,9.088516,324.18497514,12.59889431,801.0,Transiting Exoplanet Survey Satellite (TESS),Transit
Kepler-87 b,2013,114.73635,324.2,13.49,478.0,Kepler,Transit
Kepler-307 b,2013,10.4208,7.44,2.43,,Kepler,Transit
TOI-3757 b,2022,3.438753,85.3,12.0,759.0,Transiting Exoplanet Survey Satellite (TESS),Transit
TOI-3785 b,2023,4.6747373,14.95,5.14,582.0,Transiting Exoplanet Survey Satellite (TESS),Transit
Kepler-107 e,2014,14.749143,14.1,2.903,955.0,Kepler,Transit
WASP-194 b,2025,3.183387,373.13054982,15.47960235,1693.0,SuperWASP,Transit
TOI-3807 b,2023,2.8989727,330.54154328,18.49481816,1646.0,Transiting Exoplanet Survey Satellite (TESS),Transit
TOI-3819 b,2023,3.2443141,352.78953177,13.13692538,1633.0,Transiting Exoplanet Survey Satellite (TESS),Transit
TOI-3837 b,2025,11.88865,187.51876013,10.87271128,1178.0,Transiting Exoplanet Survey Satellite (TESS),Transit
TOI-3856 b,2025,2.04360352,171.62733978,13.59649359,1544.0,Transiting Exoplanet Survey Satellite (TESS),Transit
TOI-3862 b,2026,1.55745774,53.7,5.53,1539.0,Transiting Exoplanet Survey Satellite (TESS),Transit
TOI-3877 b,2025,4.123596,99.7981198,11.67975789,1445.0,Transiting Exoplanet Survey Satellite (TESS),Transit
TOI-3884 b,2022,4.5445828,32.59,6.43,441.0,Transiting Exoplanet Survey Satellite (TESS),Transit
TOI-3894 b,2024,4.33454,260.61929374,15.27784069,1531.0,Transiting Exoplanet Survey Satellite (TESS),Transit
TOI-3912 b,2023,3.4936264,129.03833324,14.28024141,1512.0,Transiting Exoplanet Survey Satellite (TESS),Transit
TOI-3919 b,2024,7.433234,1233.17421916,12.31866979,1198.0,Transiting Exoplanet Survey Satellite (TESS),Transit
KOI-1599.01,2019,20.4415,4.6,1.9,,Kepler,Transit
TOI-3976 A b,2023,6.607662,55.61997123,12.27383387,1295.0,Transiting Exoplanet Survey Satellite (TESS),Transit
TOI-3980 b,2025,3.6089254,187.51876013,14.4595851,1621.0,Transiting Exoplanet Survey Satellite (TESS),Transit
TOI-3984 A b,2023,4.353326,44.0,7.9,563.0,Transiting Exoplanet Survey Satellite (TESS),Transit
TOI-4010 c,2023,5.414654,20.31,5.93,907.0,Transiting Exoplanet Survey Satellite (TESS),Transit
TOI-4010 d,2023,14.70886,38.15,6.18,650.0,Transiting Exoplanet Survey Satellite (TESS),Transit
TOI-4010 b,2023,1.348335,11.0,3.02,1441.0,Transiting Exoplanet Survey Satellite (TESS),Transit
WASP-195 b,2025,5.051928,33.05415433,10.31226224,1522.0,SuperWASP,Transit
TOI-4087 b,2023,3.1774835,232.01473711,13.04725353,1458.0,Transiting Exoplanet Survey Satellite (TESS),Transit
Kepler-424 b,2014,3.3118644,327.35,9.98,,Kepler,Transit
Kepler-277 c,2013,33.006,64.2,3.36,,Kepler,Transit
Kepler-278 c,2014,51.111,34.9,3.268,492.0,Kepler,Transit
TOI-4127 b,2023,56.3987,743.71847238,12.07,556.0,Transiting Exoplanet Survey Satellite (TESS),Transit
TOI-4137 b,2022,3.8016122,457.67290608,13.57407563,1570.0,Transiting Exoplanet Survey Satellite (TESS),Transit
Kepler-56 b,2012,10.5016,22.1,6.51,,Kepler,Transit
TOI-4145 A b,2023,4.0664428,136.66621501,13.30506009,1074.0,Transiting Exoplanet Survey Satellite (TESS),Transit
Kepler-282 e,2013,44.347,56.2,3.1,,Kepler,Transit
TOI-4153 b,2024,4.6174141,365.50266805,16.11851425,1669.0,Transiting Exoplanet Survey Satellite (TESS),Transit
HD 35843 c,2025,46.9622,11.32,2.54,479.0,Transiting Exoplanet Survey Satellite (TESS),Transit
TOI-4201 b,2023,3.5819194,788.21444936,13.67495645,725.0,Transiting Exoplanet Survey Satellite (TESS),Transit
TOI-4214 b,2025,3.4913885,165.27077164,10.68215861,1642.0,Transiting Exoplanet Survey Satellite (TESS),Transit
NGTS-24 b,2022,3.4678796,165.27077164,13.60770257,1499.0,Next-Generation Transit Survey (NGTS),Transit
LP 890-9 b,2022,2.7299025,13.2,1.32,396.0,Transiting Exoplanet Survey Satellite (TESS),Transit
TOI-4311 c,2026,15.070425,13.58,2.47,671.0,Transiting Exoplanet Survey Satellite (TESS),Transit
TOI-4311 b,2026,0.9902738,4.5,1.376,1664.0,Transiting Exoplanet Survey Satellite (TESS),Transit
Kepler-23 d,2014,15.27,4.44,2.206,,Kepler,Transit
TOI-4336 A b,2024,16.336351,3.33,2.137,309.4,Transiting Exoplanet Survey Satellite (TESS),Transit
TOI-4342 b,2023,5.5382592,7.3,2.329,639.0,Transiting Exoplanet Survey Satellite (TESS),Transit
TOI-4342 c,2023,10.688662,4.8,2.349,514.0,Transiting Exoplanet Survey Satellite (TESS),Transit
TOI-4377 b,2023,4.378081,304.1617855,15.10970598,,Transiting Exoplanet Survey Satellite (TESS),Transit
TOI-4379 b,2024,3.25352,353.74301699,16.69017226,,Transiting Exoplanet Survey Satellite (TESS),Transit
TOI-4406 b,2023,30.08364,95.3485221,11.2089807,904.0,Transiting Exoplanet Survey Satellite (TESS),Transit
TOI-4438 b,2024,7.44628,5.4,2.52,435.0,Transiting Exoplanet Survey Satellite (TESS),Transit
Kepler-553 c,2016,328.24017,2129.4503269,11.57887706,251.0,Kepler,Transit
TOI-4463 A b,2023,2.8807198,252.35575516,13.26022417,1395.0,Transiting Exoplanet Survey Satellite (TESS),Transit
TOI-4465 b,2025,101.94054,1872.00931723,14.01122587,427.0,Transiting Exoplanet Survey Satellite (TESS),Transit
TOI-4487 A b,2025,3.9540709,397.28550875,14.60530185,1639.0,Transiting Exoplanet Survey Satellite (TESS),Transit
Ross 176 b,2025,5.0066338,4.57,1.84,682.0,Transiting Exoplanet Survey Satellite (TESS),Transit
TOI-4495 c,2024,5.18553,23.2,4.03,1365.0,Transiting Exoplanet Survey Satellite (TESS),Transit
TOI-4495 b,2026,2.56699,7.7,2.483,1735.0,Transiting Exoplanet Survey Satellite (TESS),Transit
TOI-4504 c,2024,82.97213,1197.32317485,11.09689089,,Transiting Exoplanet Survey Satellite (TESS),Transit
TOI-4507 b,2025,104.61611,20.0,8.2,,Transiting Exoplanet Survey Satellite (TESS),Transit
TOI-4515 b,2024,15.266446,637.0,12.17,705.0,Transiting Exoplanet Survey Satellite (TESS),Transit
HD 20329 b,2022,0.926118,7.42,1.72,2141.0,Transiting Exoplanet Survey Satellite (TESS),Transit
TOI-4529 b,2026,5.879577,4.9,1.77,511.0,Transiting Exoplanet Survey Satellite (TESS),Transit
Kepler-167 e,2016,1071.23205,321.00669107,10.16,134.4,Kepler,Transit
TOI-4551 b,2023,9.95581,473.56432643,11.85910158,,Transiting Exoplanet Survey Satellite (TESS),Transit
TOI-4552 b,2026,0.30110032,1.83,1.11,1122.0,Transiting Exoplanet Survey Satellite (TESS),Transit
Kepler-177 b,2013,36.8601,5.84,3.5,,Kepler,Transit
TOI-4582 b,2023,31.034,168.44905571,10.53644186,,Transiting Exoplanet Survey Satellite (TESS),Transit
TOI-4600 b,2023,82.6869,959.84178914,6.8,347.0,Transiting Exoplanet Survey Satellite (TESS),Transit
TOI-4603 b,2023,7.24599,4096.80816623,11.67975789,1677.0,Transiting Exoplanet Survey Satellite (TESS),Transit
TOI-4633 c,2024,271.9445,123.0,3.2,,Transiting Exoplanet Survey Satellite (TESS),Transit
TOI-4641 b,2023,22.09341,1229.99593509,8.18255591,,Transiting Exoplanet Survey Satellite (TESS),Transit
TOI-4666 b,2025,2.9089165,155.41809102,12.53164042,695.0,Transiting Exoplanet Survey Satellite (TESS),Transit
WASP-116 b,2025,6.6132,203.41018048,13.67495645,1414.0,SuperWASP,Transit
TOI-4734 b,2025,6.235633,61.65871096,10.9175472,1468.0,Transiting Exoplanet Survey Satellite (TESS),Transit
Kepler-223 c,2014,9.84564,5.1,3.44,,Kepler,Transit
TOI-4773 b,2025,1.7452851,1687.66884117,15.22179579,2255.0,Transiting Exoplanet Survey Satellite (TESS),Transit
TOI-4791 b,2023,4.28088,734.18362017,12.44196858,1472.0,Transiting Exoplanet Survey Satellite (TESS),Transit
TOI-4794 b,2025,3.5658116,308.29355479,14.35870428,1673.0,Transiting Exoplanet Survey Satellite (TESS),Transit
TOI-4860 b,2023,1.5227591,86.7,8.7,694.0,Transiting Exoplanet Survey Satellite (TESS),Transit
NGTS-30 b,2024,98.29838,305.11527072,10.40193409,500.0,Transiting Exoplanet Survey Satellite (TESS),Transit
Kepler-68 b,2013,5.39875259,8.03,2.357,1275.0,Kepler,Transit
Kepler-31 c,2011,42.6318,1493.7,5.3,,Kepler,Transit
TOI-4914 b,2024,10.60057,227.0,12.87,894.0,Transiting Exoplanet Survey Satellite (TESS),Transit
TOI-4940 b,2025,25.867811,89.0,6.61,643.0,Transiting Exoplanet Survey Satellite (TESS),Transit
TOI-4961 b,2025,7.479182,572.0911326,12.34108775,919.0,Transiting Exoplanet Survey Satellite (TESS),Transit
Kepler-24 b,2011,8.14,11.14,2.348,,Kepler,Transit
Kepler-15 b,2011,4.942782,209.76,10.76,,Kepler,Transit
BD-14 3065 b,2024,4.2889731,3932.0,21.59,2001.0,Transiting Exoplanet Survey Satellite (TESS),Transit
TOI-4994 b,2024,21.491984,88.99195396,8.54124329,717.6,Transiting Exoplanet Survey Satellite (TESS),Transit
TOI-5005 b,2024,6.3085044,32.7,6.25,1040.0,Transiting Exoplanet Survey Satellite (TESS),Transit
TOI-5007 b,2026,2.543371,211.03806225,11.07447293,774.0,Transiting Exoplanet Survey Satellite (TESS),Transit
Kepler-80 e,2014,4.64489,4.13,1.6,,Kepler,Transit
TOI-5027 b,2025,10.24368,642.01338214,10.76062147,1056.0,Transiting Exoplanet Survey Satellite (TESS),Transit
TOI-5076 b,2024,23.443162,16.14568308,3.48935569,550.0,Transiting Exoplanet Survey Satellite (TESS),Transit
Kepler-223 b,2014,7.38449,7.4,2.99,,Kepler,Transit
Kepler-107 d,2014,7.95839,7.7,0.86,1173.0,Kepler,Transit
TOI-5108 b,2025,6.753581,32.0,6.6,1180.0,Transiting Exoplanet Survey Satellite (TESS),Transit
TOI-5110 b,2024,30.158577,921.7023803,11.98240037,976.0,Transiting Exoplanet Survey Satellite (TESS),Transit
Kepler-23 b,2011,7.1,2.56,1.638,,Kepler,Transit
TOI-5181 A b,2025,3.8922295,330.54154328,13.34989601,1585.0,Transiting Exoplanet Survey Satellite (TESS),Transit
WASP-188 b,2025,5.748916,458.6263913,14.81827249,1666.0,SuperWASP,Transit
TOI-5205 b,2023,1.630757,343.0,11.6,737.0,Transiting Exoplanet Survey Satellite (TESS),Transit
TOI-5210 b,2025,4.5661061,81.99972901,10.72699453,1286.0,Transiting Exoplanet Survey Satellite (TESS),Transit
TOI-5218 b,2024,4.291452,657.0,9.86,783.0,Transiting Exoplanet Survey Satellite (TESS),Transit
Kepler-426 b,2014,3.21751883,108.06,12.22,1300.0,Kepler,Transit
Kepler-80 d,2014,3.07222,6.75,1.53,,Kepler,Transit
TOI-5232 b,2024,4.0966692,743.71847238,12.778238,1772.0,Transiting Exoplanet Survey Satellite (TESS),Transit
TOI-5261 b,2025,4.1509768,3651.84839643,11.60129502,1244.0,Transiting Exoplanet Survey Satellite (TESS),Transit
Kepler-62 e,2013,122.3874,36.0,1.61,270.0,Kepler,Transit
WASP-154 b,2025,3.811678,198.96058278,10.76062147,994.0,SuperWASP,Transit
TOI-5292 A b,2026,2.02191,412.85910069,12.64373023,809.0,Transiting Exoplanet Survey Satellite (TESS),Transit
TOI-5293 A b,2023,2.930289,170.4,11.9,675.0,Transiting Exoplanet Survey Satellite (TESS),Transit
TOI-5300 b,2025,2.262196,190.6970442,9.86390302,1043.0,Transiting Exoplanet Survey Satellite (TESS),Transit
TOI-5301 b,2024,5.858858,1182.32167404,13.09208946,1648.0,Transiting Exoplanet Survey Satellite (TESS),Transit
Kepler-223 e,2014,19.72567,4.8,4.6,,Kepler,Transit
TOI-5322 b,2025,5.4233207,184.02264765,16.6117094,1350.0,Transiting Exoplanet Survey Satellite (TESS),Transit
TOI-5340 b,2025,4.9394392,270.15414595,15.07607904,1566.0,Transiting Exoplanet Survey Satellite (TESS),Transit
TOI-5344 b,2023,3.792622,130.94530368,10.60369574,689.0,Transiting Exoplanet Survey Satellite (TESS),Transit
TOI-5349 b,2026,3.317921,127.4,10.2,719.0,Transiting Exoplanet Survey Satellite (TESS),Transit
TOI-5350 b,2025,7.581367,2094.48920213,12.41955062,1195.0,Transiting Exoplanet Survey Satellite (TESS),Transit
Kepler-53 c,2012,38.5583038,36.0,3.17,,Kepler,Transit
WASP-197 b,2025,5.167228,403.32424848,14.44837612,1665.0,SuperWASP,Transit
TOI-5386 A b,2025,3.62156552,155.10026262,14.70618268,1488.0,Transiting Exoplanet Survey Satellite (TESS),Transit
TOI-5388.01,2024,2.5946748,2.2,0.99,488.0,Transiting Exoplanet Survey Satellite (TESS),Transit
TOI-5398 b,2022,10.590547,58.7,10.3,947.0,Transiting Exoplanet Survey Satellite (TESS),Transit
TOI-5398 c,2023,4.77271,11.8,3.52,1242.0,Transiting Exoplanet Survey Satellite (TESS),Transit
TOI-5422 b,2026,5.377219,8899.195396,9.10169233,1369.0,Transiting Exoplanet Survey Satellite (TESS),Transit
KOI-94 d,2013,22.342989,106.0,11.27,806.0,Kepler,Transit
Kepler-31 d,2014,87.6451,2161.244,3.9,,Kepler,Transit
Kepler-63 b,2013,9.4341505,120.0,6.11,,Kepler,Transit
TOI-5542 b,2022,75.12375,419.53349724,11.30986153,441.0,Transiting Exoplanet Survey Satellite (TESS),Transit
TOI-5573 b,2025,8.79758977,112.0,9.75,528.0,Transiting Exoplanet Survey Satellite (TESS),Transit
KOI-351 g,2013,210.73514,15.0,,,Kepler,Transit
Kepler-11 b,2010,10.3039,1.9,1.8,,Kepler,Transit
TOI-5592 b,2025,2.6085846,285.72773789,17.14974047,1789.0,Transiting Exoplanet Survey Satellite (TESS),Transit
Kepler-18 b,2011,3.504725,6.9,2.0,,Kepler,Transit
TOI-5616 b,2024,2.002849,624.0,10.78,939.0,Transiting Exoplanet Survey Satellite (TESS),Transit
Kepler-20 e,2011,6.0984882,0.76,0.821,1004.0,Kepler,Transit
TOI-5624 d,2026,13.731468,4.9,3.584,712.6,Transiting Exoplanet Survey Satellite (TESS),Transit
TOI-5634 A b,2024,2.2035373,588.0,10.42,837.0,Transiting Exoplanet Survey Satellite (TESS),Transit
Kepler-16 b,2011,228.776,105.833,8.4493,,Kepler,Transit
TOI-5678 b,2023,47.73022,20.0,4.91,513.0,Transiting Exoplanet Survey Satellite (TESS),Transit
TOI-5688 A b,2024,2.94815527,124.0,10.3,742.0,Transiting Exoplanet Survey Satellite (TESS),Transit
HD 23472 f,2022,12.1621839,0.77,1.137,630.0,Transiting Exoplanet Survey Satellite (TESS),Transit
HD 23472 d,2022,3.97664,0.55,0.75,909.0,Transiting Exoplanet Survey Satellite (TESS),Transit
HD 23472 e,2022,7.90754,0.72,0.818,723.0,Transiting Exoplanet Survey Satellite (TESS),Transit
TOI-201 d,2026,5.84889,5.8,1.39,,Transiting Exoplanet Survey Satellite (TESS),Transit
TOI-1260 d,2022,16.608164,11.84,3.12,499.0,Transiting Exoplanet Survey Satellite (TESS),Transit
TOI-5720 b,2024,1.4344555,4.3,1.09,708.0,Transiting Exoplanet Survey Satellite (TESS),Transit
TOI-5734 b,2026,6.1841876,9.1,2.1,688.0,Transiting Exoplanet Survey Satellite (TESS),Transit
GJ 896 A b,2022,284.39,718.29219982,,,Very Long Baseline Array,Astrometry
LP 890-9 c,2022,8.457463,25.3,1.367,272.0,SPECULOOS Southern Observatory,Transit
Wolf 327 b,2024,0.5734745,2.53,1.24,996.0,Transiting Exoplanet Survey Satellite (TESS),Transit
HD 105618 b,2022,10.02245,25.42627256,,,Multiple Observatories,Radial Velocity
HD 105618 c,2022,77114.07158,8419.59232984,,,Multiple Observatories,Radial Velocity
HD 109988 b,2022,17132.15854,6935.33366915,,,Multiple Observatories,Radial Velocity
HD 110537 b,2022,24469.67342,8612.83200129,,,Multiple Observatories,Radial Velocity
HD 11112 b,2022,17244.90764,2598.56505563,,,Multiple Observatories,Radial Velocity
HD 111232 c,2022,26472.44623,5740.93451564,,,Multiple Observatories,Radial Velocity
HD 113337 c,2020,5429.93477,6299.67685515,,,Haute-Provence Observatory,Radial Velocity
HD 11343 c,2022,228.53731,255.53403923,,,Multiple Observatories,Radial Velocity
HD 11505 b,2022,32669.22247,2510.52658689,,,Multiple Observatories,Radial Velocity
HD 11506 d,2022,26500.0,4068.2036096,,,Multiple Observatories,Radial Velocity
HD 122562 c,2022,84.96276,73.10053361,,,Multiple Observatories,Radial Velocity
HD 125271 b,2022,14901.99295,3465.60094993,,,Multiple Observatories,Radial Velocity
HD 127506 b,2022,65.78395,27.333243,,,Multiple Observatories,Radial Velocity
HD 135872 b,2022,2422.32597,1744.56012602,,,Multiple Observatories,Radial Velocity
HD 136118 b,2022,1187.59765,4164.18778851,,,Multiple Observatories,Radial Velocity
HD 13724 c,2022,142.22895,50.85254512,,,Multiple Observatories,Radial Velocity
HD 140901 b,2022,9.02378,15.57359194,,,Multiple Observatories,Radial Velocity
HD 140901 c,2022,14386.0,572.0911326,,,Multiple Observatories,Radial Velocity
HD 142 A d,2022,108.45299,82.63538582,,,Multiple Observatories,Radial Velocity
HD 144899 b,2022,40.43914,20.34101805,,,Multiple Observatories,Radial Velocity
HD 149806 b,2022,16521.52778,4003.68444298,,,Multiple Observatories,Radial Velocity
HD 151450 b,2022,21.89288,38.45723725,,,Multiple Observatories,Radial Velocity
HD 151450 c,2022,18144.76236,1636.18063924,,,Multiple Observatories,Radial Velocity
HD 153557 b,2022,7.29903,20.34101805,,,Multiple Observatories,Radial Velocity
HD 153557 c,2022,15.27018,17.48056238,,,Multiple Observatories,Radial Velocity
HD 153557 d,2022,40654.64809,8725.66108578,,,Multiple Observatories,Radial Velocity
HD 155918 b,2022,1.87567,7.62788177,,,Multiple Observatories,Radial Velocity
HD 155918 c,2022,17202.19446,1878.04805696,,,Multiple Observatories,Radial Velocity
HD 156098 b,2022,21.85849,15.89142035,,,Multiple Observatories,Radial Velocity
HD 156098 c,2022,7841.5839,1661.6069118,,,Multiple Observatories,Radial Velocity
HD 168863 b,2022,14773.93272,2154.87659946,,,Multiple Observatories,Radial Velocity
HD 16905 b,2022,10256.0,3591.4609991,,,Multiple Observatories,Radial Velocity
HD 18143 b,2022,10.2851,10.80616584,,,Multiple Observatories,Radial Velocity
HD 18143 c,2022,28982.41764,3177.64841319,,,Multiple Observatories,Radial Velocity
HD 188641 b,2022,14583.81038,9333.03117155,,,Multiple Observatories,Radial Velocity
HD 190228 b,2022,1143.59858,1598.67688721,,,Multiple Observatories,Radial Velocity
HD 194490 b,2022,13092.18348,3561.90295725,,,Multiple Observatories,Radial Velocity
HD 199509 b,2022,99.62167,43.22466335,,,Multiple Observatories,Radial Velocity
HD 204313 e,2022,7325.64666,4868.17771002,,,Multiple Observatories,Radial Velocity
HD 205158 b,2022,25.33798,124.58873554,,,Multiple Observatories,Radial Velocity
HD 213519 b,2022,11.12214,9.2170238,,,Multiple Observatories,Radial Velocity
HD 217786 c,2022,2.52221,7.31005336,,,Multiple Observatories,Radial Velocity
HD 217958 b,2022,2560.19774,166.54208527,,,Multiple Observatories,Radial Velocity
HD 25912 b,2022,41.83156,38.13940884,,,Multiple Observatories,Radial Velocity
HD 25912 c,2022,26308.65619,5252.75008249,,,Multiple Observatories,Radial Velocity
HD 28185 c,2022,9090.0,1906.970442,,,Multiple Observatories,Radial Velocity
HD 28192 b,2022,14.23283,99.7981198,,,Multiple Observatories,Radial Velocity
HD 29985 b,2022,20608.14049,1739.47487151,,,Multiple Observatories,Radial Velocity
HD 43197 c,2022,9295.9735,2500.67390628,,,Multiple Observatories,Radial Velocity
HD 457 b,2022,20324.58153,8445.3364308,,,Multiple Observatories,Radial Velocity
HD 56957 b,2022,5859.08992,1880.90851263,,,Multiple Observatories,Radial Velocity
HD 62364 b,2022,5138.0,5965.63919939,,,Multiple Observatories,Radial Velocity
HD 62364 c,2022,74839.94555,7923.46218651,,,Multiple Observatories,Radial Velocity
HD 62549 b,2022,14306.88519,2707.58019923,,,Multiple Observatories,Radial Velocity
HD 72659 c,2022,35500.0,6165.8710958,,,Multiple Observatories,Radial Velocity
HD 73267 c,2022,17071.78045,1630.77755632,,,Multiple Observatories,Radial Velocity
HD 80883 b,2022,6383.78352,1748.0562385,,,Multiple Observatories,Radial Velocity
HD 80913 b,2022,10839.83341,7505.2000029,,,Multiple Observatories,Radial Velocity
HD 81817 c,2022,622.97802,7185.78245386,,,Multiple Observatories,Radial Velocity
HD 86065 b,2022,25775.78859,2877.30056857,,,Multiple Observatories,Radial Velocity
HD 88072 b,2022,18538.79293,2511.79790052,,,Multiple Observatories,Radial Velocity
HD 93351 b,2022,2.45946,3.49611248,,,Multiple Observatories,Radial Velocity
HD 93351 c,2022,14010.2941,4154.01727949,,,Multiple Observatories,Radial Velocity
HD 97037 b,2022,6449.08337,6707.76852973,,,Multiple Observatories,Radial Velocity
GJ 2030 b,2022,2.38129,4.76742611,,,Multiple Observatories,Radial Velocity
GJ 2030 c,2022,25533.11353,4069.15709482,,,Multiple Observatories,Radial Velocity
GJ 3222 b,2022,10.66669,11.44182265,,,Multiple Observatories,Radial Velocity
GJ 680 b,2022,17281.66514,7977.4930157,,,Multiple Observatories,Radial Velocity
GJ 9714 b,2022,19240.75467,2988.54051102,,,Multiple Observatories,Radial Velocity
HD 115404 A b,2022,10.49488,30.82935548,,,Multiple Observatories,Radial Velocity
HD 115404 A c,2022,15319.22517,3279.67133183,,,Multiple Observatories,Radial Velocity
HD 12235 b,2022,4.36305,10.48833743,,,Multiple Observatories,Radial Velocity
HD 12235 c,2022,36336.70679,3135.69506346,,,Multiple Observatories,Radial Velocity
HD 203387 b,2022,512.5352,1106.04285636,,,Multiple Observatories,Radial Velocity
Kepler-408 b,2014,2.46502,5.0,0.82,,Kepler,Transit
HD 203387 c,2022,2481.07227,2378.9456264,,,Multiple Observatories,Radial Velocity
HIP 19976 b,2022,50.65905,21.61233168,,,Multiple Observatories,Radial Velocity
HIP 35965 b,2022,26125.56497,2589.98368864,,,Multiple Observatories,Radial Velocity
HIP 55507 b,2022,5138.43727,2585.53409095,,,Multiple Observatories,Radial Velocity
HIP 948 b,2022,24955.45756,6547.2651842,,,Multiple Observatories,Radial Velocity
TOI-5786 b,2025,12.779107,73.0,8.54,1040.0,Transiting Exoplanet Survey Satellite (TESS),Transit
TOI-5788 c,2026,16.213362,6.4,2.272,667.0,Transiting Exoplanet Survey Satellite (TESS),Transit
TOI-5788 b,2026,6.340758,3.72,1.528,910.0,Transiting Exoplanet Survey Satellite (TESS),Transit
TOI-5795 b,2025,6.1406325,23.66,5.62,1136.78,Transiting Exoplanet Survey Satellite (TESS),Transit
TOI-5800 b,2025,2.6278838,9.5,2.46,1108.0,Transiting Exoplanet Survey Satellite (TESS),Transit
HD 184010 b,2022,286.6,98.52680617,,,Okayama Astrophysical Observatory,Radial Velocity
HD 184010 c,2022,484.3,95.3485221,,,Okayama Astrophysical Observatory,Radial Velocity
HD 184010 d,2022,836.4,143.02278315,,,Okayama Astrophysical Observatory,Radial Velocity
KIC 3526061 b,2022,3552.0,5768.58558705,,,McDonald Observatory,Radial Velocity
NGTS-21 b,2022,1.5433897,750.07504052,14.90794433,1357.0,Next-Generation Transit Survey (NGTS),Transit
HD 3167 e,2022,96.63,8.41,,,CHaracterising ExOPlanets Satellite (CHEOPS),Radial Velocity
Kepler-76 b,2013,1.5449298,638.8383,15.24424,2140.0,Kepler,Orbital Brightness Modulation
TOI-5817 b,2025,15.61031,10.3,3.08,950.0,Transiting Exoplanet Survey Satellite (TESS),Transit
TOI-969 c,2022,1700.0,3591.4609991,,96.4,Multiple Observatories,Radial Velocity
HD 206893 b,2021,11100.0,6197.6539365,,,Gemini Observatory,Imaging
NGTS-23 b,2022,4.0764326,194.82881349,14.20177855,1327.0,Next-Generation Transit Survey (NGTS),Transit
NGTS-25 b,2022,2.823093,203.09235207,11.46678726,1101.0,Next-Generation Transit Survey (NGTS),Transit
HD 191939 g,2022,284.0,13.5,,278.0,Multiple Observatories,Radial Velocity
TOI-5882 b,2025,7.148972,6995.40323807,11.46678726,1515.0,Transiting Exoplanet Survey Satellite (TESS),Transit
TOI-5916 b,2026,2.367128,226.61165419,11.35469745,683.0,Transiting Exoplanet Survey Satellite (TESS),Transit
Kepler-4 b,2009,3.21346,24.472,4.002,1650.0,Kepler,Transit
HD 167768 b,2022,20.6532,270.15414595,,,Okayama Astrophysical Observatory,Radial Velocity
HD 114082 b,2022,109.75,2542.627256,11.2089807,,La Silla Observatory,Radial Velocity
HD 206893 c,2022,2290.0,3527.8953177,,,European Southern Observatory,Imaging
TOI-1136 b,2022,4.1727,3.5,,1216.0,Transiting Exoplanet Survey Satellite (TESS),Transit
TOI-1136 g,2022,39.545,5.6,,574.0,Transiting Exoplanet Survey Satellite (TESS),Transit
TOI-6008 b,2024,0.8574347,4.0,1.03,707.0,Transiting Exoplanet Survey Satellite (TESS),Transit
GJ 1002 b,2022,10.3465,1.08,,230.9,Multiple Observatories,Radial Velocity
GJ 1002 c,2022,21.202,1.36,,181.7,Multiple Observatories,Radial Velocity
TOI-6016 b,2024,4.023687,371.85923619,13.67495645,1890.0,Transiting Exoplanet Survey Satellite (TESS),Transit
Kepler-138 e,2022,38.23,0.43,,292.0,Multiple Observatories,Transit Timing Variations
TOI-1288 c,2022,416.0,85.7,,,Multiple Observatories,Radial Velocity
nu Oct A b,2016,402.4,696.04421133,,,University of Canterbury Mt John Observatory,Radial Velocity
GJ 1151 c,2023,389.7,10.62,,,Multiple Facilities,Radial Velocity
Proxima Cen d,2025,5.12338,0.26,,282.0,La Silla Observatory,Radial Velocity
TOI-6029 b,2024,5.7987,519.64944544,14.39233122,,Transiting Exoplanet Survey Satellite (TESS),Transit
TOI-6034 b,2024,2.576184,254.0,11.92,714.0,Transiting Exoplanet Survey Satellite (TESS),Transit
TOI-6038 A b,2025,5.8267311,78.5,6.41,1439.0,Transiting Exoplanet Survey Satellite (TESS),Transit
TOI-6041 b,2025,26.04945,28.9,4.55,605.6,Transiting Exoplanet Survey Satellite (TESS),Transit
TOI-1669 b,2023,500.0,191.0,,,W. M. Keck Observatory,Radial Velocity
TOI-1694 c,2023,393.1,297.0,,,W. M. Keck Observatory,Radial Velocity
TOI-6054.01,2024,7.501428,12.5,2.64,1360.0,Transiting Exoplanet Survey Satellite (TESS),Transit
TOI-6054.02,2024,12.563636,9.3,2.82,1143.0,Transiting Exoplanet Survey Satellite (TESS),Transit
Wolf 1069 b,2023,15.564,1.26,,250.1,Calar Alto Observatory,Radial Velocity
L 363-38 b,2023,8.781,4.67,,330.0,Paranal Observatory,Radial Velocity
AF Lep b,2023,8905.0,1147.36054927,,,Paranal Observatory,Imaging
GJ 463 b,2022,3459.0,524.09904314,,,Multiple Observatories,Radial Velocity
TIC 279401253 b,2023,76.8,1951.46641898,11.2089807,,Transiting Exoplanet Survey Satellite (TESS),Transit
TIC 279401253 c,2023,155.3,2548.98382414,,,Multiple Observatories,Transit
HD 18438 b,2023,803.0,6674.396547,,,Bohyunsan Optical Astronomical Observatory,Radial Velocity
TOI-1338 c,2023,215.79,75.4,,,Multiple Observatories,Radial Velocity
K2-415 b,2023,4.0179694,7.5,1.015,412.4,K2,Transit
WASP-84 c,2023,1.4468849,15.2,1.95,1329.0,Transiting Exoplanet Survey Satellite (TESS),Transit
PZ Tel b,2023,44000.0,8581.366989,,,W. M. Keck Observatory,Imaging
WASP-149 b,2025,1.332813,314.96795134,15.24421375,1855.0,SuperWASP,Transit
TOI-6130 b,2024,2.392679,333.71982735,14.3474953,1750.0,Transiting Exoplanet Survey Satellite (TESS),Transit
WASP-155 b,2025,3.110413,276.8285425,13.45077684,1468.0,SuperWASP,Transit
WASP-102 b,2025,2.709813,197.68926915,14.90794433,1671.0,SuperWASP,Transit
Gliese 12 b,2024,12.761418,0.95,0.93,,Transiting Exoplanet Survey Satellite (TESS),Transit
TOI-6255 b,2024,0.23818244,1.44,1.079,,Transiting Exoplanet Survey Satellite (TESS),Transit
Kepler-68 e,2023,3455.0,86.4493267,,,Roque de los Muchachos Observatory,Radial Velocity
Kepler-454 d,2023,4073.0,734.18362017,,,Roque de los Muchachos Observatory,Radial Velocity
K2-312 c,2023,921.2,1719.45168187,,,Roque de los Muchachos Observatory,Radial Velocity
Kepler-10 d,2023,151.06,12.0,,387.0,Roque de los Muchachos Observatory,Radial Velocity
K2-2016-BLG-0005L b,2023,4700.0,349.6112477,,,K2,Microlensing
WISE J033605.05-014350.4 b,2023,2560.0,2622.08435775,,325.0,James Webb Space Telescope (JWST),Imaging
TOI-815 c,2024,34.976145,23.5,2.62,469.0,Transiting Exoplanet Survey Satellite (TESS),Transit
WASP-193 b,2023,6.2463475,35.59678158,14.78464554,1250.0,WASP-South,Transit
LP 791-18 d,2023,2.75485,0.91,1.032,,Spitzer Space Telescope,Transit
TOI-6303 b,2025,9.485236,2493.0,11.59,541.0,Transiting Exoplanet Survey Satellite (TESS),Transit
TOI-6324 b,2025,0.279221,1.17,1.059,1216.0,Transiting Exoplanet Survey Satellite (TESS),Transit
TOI-6330 b,2025,6.8500246,3179.0,10.89,495.0,Transiting Exoplanet Survey Satellite (TESS),Transit
TOI-6383 A b,2024,1.79058695,331.0,11.29,745.0,Transiting Exoplanet Survey Satellite (TESS),Transit
TOI-6420 b,2025,6.961508,2606.1929374,11.93756445,1213.0,Transiting Exoplanet Survey Satellite (TESS),Transit
NGTS-33 b,2024,2.827972,1153.71711741,18.38272835,1991.0,Transiting Exoplanet Survey Satellite (TESS),Transit
HD 207496 b,2023,6.441008,6.1,2.25,743.0,Transiting Exoplanet Survey Satellite (TESS),Transit
K2-416 b,2023,13.102,1652.7077164,2.66,447.0,K2,Transit
K2-417 b,2023,6.535,699.2224954,3.31,558.0,K2,Transit
HD 167677 b,2023,1820.0,905.81095995,,,Multiple Facilities,Radial Velocity
HD 89839 b,2023,3391.2,1196.9,,,Multiple Facilities,Radial Velocity
HD 165131 b,2023,2342.6,5943.3912109,,,Multiple Facilities,Radial Velocity
TOI-4010 e,2023,762.0,692.0,,174.0,Roque de los Muchachos Observatory,Radial Velocity
GJ 328 c,2023,241.8,21.4,,,Roque de los Muchachos Observatory,Radial Velocity
HIP 54597 b,2023,3274.0,762.7881768,,,La Silla Observatory,Radial Velocity
BD-210397 b,2023,1891.0,214.0,,,La Silla Observatory,Radial Velocity
BD-210397 c,2023,6240.0,1525.5763536,,,La Silla Observatory,Radial Velocity
HD 74698 b,2023,15.017,23.0,,,La Silla Observatory,Radial Velocity
HD 74698 c,2023,3449.0,126.0,,,La Silla Observatory,Radial Velocity
HD 94771 b,2023,2164.0,169.0,,,La Silla Observatory,Radial Velocity
TOI-2018 b,2023,7.435583,9.2,2.268,,Transiting Exoplanet Survey Satellite (TESS),Transit
rho CrB e,2023,12.904,3.71,,,Lowell Observatory,Radial Velocity
HD 22946 d,2023,47.42489,26.57,2.607,546.0,Transiting Exoplanet Survey Satellite (TESS),Transit
HIP 81208 C b,2023,104100.0,4703.8604236,,2050.0,Paranal Observatory,Imaging
DMPP-4 b,2023,3.4982,12.2,,,Multiple Observatories,Radial Velocity
TOI-1470 c,2023,18.08816,7.24,2.47,373.0,Transiting Exoplanet Survey Satellite (TESS),Transit
GJ 367 c,2023,11.5301,4.13,,,La Silla Observatory,Radial Velocity
GJ 367 d,2023,34.369,6.03,,,La Silla Observatory,Radial Velocity
HN Lib b,2023,36.116,5.46,,234.4,Calar Alto Observatory,Radial Velocity
TOI-1052 c,2023,35.806,34.3,,719.0,Multiple Observatories,Radial Velocity
HD 6860 b,2023,663.87,8981.83078182,,,Bohyunsan Optical Astronomical Observatory,Radial Velocity
HD 112300 b,2023,466.63,5031.22368281,,,Bohyunsan Optical Astronomical Observatory,Radial Velocity
HD 36384 b,2023,490.0,2097.6674862,,,Bohyunsan Optical Astronomical Observatory,Radial Velocity
TOI-4600 c,2023,482.8191,2946.26933289,9.42,191.0,Transiting Exoplanet Survey Satellite (TESS),Transit
TOI-6628 b,2025,18.18424,235.19302118,10.98480109,833.0,Transiting Exoplanet Survey Satellite (TESS),Transit
TOI-198 b,2023,10.215213,3.17,1.36,456.0,Transiting Exoplanet Survey Satellite (TESS),Transit
HD 73256 c,2023,2690.0,5085.254512,,,La Silla Observatory,Radial Velocity
HD 75302 b,2023,4356.0,1716.2733978,,,La Silla Observatory,Radial Velocity
HD 108202 b,2023,2990.0,953.485221,,,La Silla Observatory,Radial Velocity
HD 135625 b,2023,4055.0,731.0053361,,,La Silla Observatory,Radial Velocity
HD 185283 b,2023,4060.0,413.1769291,,,La Silla Observatory,Radial Velocity
GJ 9404 b,2023,13.4586,11.9,,,Roque de los Muchachos Observatory,Radial Velocity
HIP 29442 c,2023,3.5379559,4.5,1.551,1123.0,Paranal Observatory,Radial Velocity
HIP 29442 d,2023,6.429575,5.14,1.538,920.0,Paranal Observatory,Radial Velocity
HD 99492 c,2023,95.233,17.9,,,Roque de los Muchachos Observatory,Radial Velocity
75 Cet c,2023,2051.62,289.85950718,,,Okayama Astrophysical Observatory,Radial Velocity
HAT-P-2 c,2023,8500.0,3400.7639549,,,Multiple Observatories,Radial Velocity
TOI-199 c,2023,273.69,88.99195396,,,Multiple Observatories,Transit Timing Variations
TOI-6651 b,2024,5.056973,61.0,5.09,1493.0,Transiting Exoplanet Survey Satellite (TESS),Transit
NGTS-35 b,2025,25.241192,152.0,10.9,451.0,Transiting Exoplanet Survey Satellite (TESS),Transit
TOI-6692 b,2026,131.125,197.05361234,11.67975789,467.0,Transiting Exoplanet Survey Satellite (TESS),Transit
TOI-6695 b,2025,80.389,66.74396547,9.52763359,599.0,Transiting Exoplanet Survey Satellite (TESS),Transit
Kepler-109 c,2014,21.22265,8.2,2.65,859.0,Kepler,Transit
Kepler-323 c,2014,3.5538229,6.8,1.57,1431.0,Kepler,Transit
HIP 66074 b,2023,310.9,1589.142035,,,European Space Agency (ESA) Gaia Satellite,Astrometry
Kepler-1513 c,2023,841.4,84.54235626,,,Multiple Observatories,Transit Timing Variations
GJ 724 b,2023,5.101284,10.75,,611.0,Calar Alto Observatory,Radial Velocity
GJ 3988 b,2023,6.9442,3.69,,348.0,Calar Alto Observatory,Radial Velocity
AU Mic e,2025,33.11,21.1,,,Mauna Kea Observatory,Radial Velocity
TIC 87422071 b,2026,11.364929,409.99864503,10.8615023,1110.0,Transiting Exoplanet Survey Satellite (TESS),Transit
Kepler-49 c,2012,10.91,8.38,2.444,,Kepler,Transit
TOI-1736 c,2023,571.25,2441.0,,,Haute-Provence Observatory,Radial Velocity
AU Mic d,2023,12.73596,1.053,,,Multiple Observatories,Transit Timing Variations
GJ 806 b,2023,0.9263237,1.9,1.331,940.0,Transiting Exoplanet Survey Satellite (TESS),Transit
GJ 806 c,2023,6.64064,5.8,,490.0,Multiple Observatories,Radial Velocity
HD 110067 b,2023,9.113678,5.69,2.2,800.0,Multiple Observatories,Transit
HD 110067 c,2023,13.673694,6.3,2.388,699.0,Multiple Observatories,Transit
HD 110067 d,2023,20.519617,8.52,2.852,602.0,Multiple Observatories,Transit
HD 110067 e,2023,30.793091,3.9,1.94,533.0,Multiple Observatories,Transit
HD 110067 f,2023,41.05854,5.04,2.601,489.0,Multiple Observatories,Transit
HD 110067 g,2023,54.76992,8.4,2.607,440.0,Multiple Observatories,Transit
HD 88986 b,2023,146.05,17.2,2.49,460.0,Haute-Provence Observatory,Radial Velocity
HD 112570 b,2023,2615.0,1086.97315194,,,Multiple Observatories,Radial Velocity
HD 154391 b,2023,5163.0,2892.2385037,,,Multiple Observatories,Radial Velocity
LHS 3154 b,2023,3.71778,13.15,,,McDonald Observatory,Radial Velocity
TOI-544 c,2023,50.089,21.5,,,La Silla Observatory,Radial Velocity
GJ 341 b,2025,7.57686,4.0,0.88,,Transiting Exoplanet Survey Satellite (TESS),Transit
Kepler-48 c,2012,9.67395,14.61,2.71,,Kepler,Transit
TIC 393818343 b,2024,16.24921,1379.37528638,12.18416202,805.5,Transiting Exoplanet Survey Satellite (TESS),Transit
TOI-6894 b,2025,3.37077196,53.39517238,9.5836785,417.9,Transiting Exoplanet Survey Satellite (TESS),Transit
TOI-1386 c,2024,232.0,75.2,,,W. M. Keck Observatory,Radial Velocity
TOI-238 c,2024,8.465651,6.7,2.18,696.0,Multiple Observatories,Radial Velocity
Kepler-48 f,2023,5219.681854,298.5809968,,,W. M. Keck Observatory,Radial Velocity
Kepler-100 e,2023,60.888588,24.14271827,,,W. M. Keck Observatory,Radial Velocity
Kepler-139 e,2023,2047.635373,426.1158152,,,W. M. Keck Observatory,Radial Velocity
HD 134606 b,2024,12.089,9.09,,,Multiple Observatories,Radial Velocity
HD 134606 c,2024,58.883,11.31,,,Multiple Observatories,Radial Velocity
HD 134606 d,2024,966.5,44.8,,,Multiple Observatories,Radial Velocity
HD 134606 e,2024,4.3203,2.34,,,Multiple Observatories,Radial Velocity
HD 134606 f,2024,26.915,5.63,,,Multiple Observatories,Radial Velocity
Teegarden's Star d,2024,26.13,0.82,,159.0,Multiple Observatories,Radial Velocity
Kepler-416 b,2014,6.319,58.2,2.48,,Kepler,Transit Timing Variations
HS Psc b,2024,3.986,464.02947422,,,McDonald Observatory,Radial Velocity
NGC 2682 Sand 1429 b,2024,77.48,572.0911326,,683.0,Multiple Observatories,Radial Velocity
CI Tau c,2024,25.2,1144.1822652,,,Multiple Observatories,Radial Velocity
HD 104067 c,2024,13.8992,13.2,,,Multiple Observatories,Radial Velocity
Luhman 16 b,2017,9697.0,9344.1551658,,,Multiple Observatories,Imaging
M62H b,2024,0.132935028,785.03616529,,,South African Radio Astronomy Observatory (SARAO),Pulsar Timing
Kepler-350 c,2013,17.849,6.1,3.1,,Kepler,Transit
HIP 39017 b,2024,31000.0,7500.7504052,,,Multiple Observatories,Imaging
TOI-5624 b,2026,3.3903473,9.4,2.314,1136.0,Transiting Exoplanet Survey Satellite (TESS),Transit
TOI-5624 c,2026,7.885385,4.8,2.474,857.0,Transiting Exoplanet Survey Satellite (TESS),Transit
TOI-5624 e,2026,21.489936,8.9,3.247,613.8,Transiting Exoplanet Survey Satellite (TESS),Transit
TIC 139270665 b,2024,23.624,147.15455244,7.22979255,703.0,Transiting Exoplanet Survey Satellite (TESS),Transit
TIC 139270665 c,2024,1010.0,1554.18091023,,200.0,Lick Observatory,Radial Velocity
NGTS-26 b,2024,4.5199279,92.80589484,14.88552637,1331.0,Next-Generation Transit Survey (NGTS),Transit
TOI-1450 A c,2024,5.0688,1.527,,533.0,Gemini Observatory,Transit
Kepler-328 c,2013,71.312,39.4,5.4,,Kepler,Transit
Kepler-11 d,2010,22.6845,7.3,3.12,,Kepler,Transit
TIC 365102760 b,2024,4.21285367,19.2,6.21,,Transiting Exoplanet Survey Satellite (TESS),Transit
HD 48948 b,2024,7.34013,4.88,,957.0,Roque de los Muchachos Observatory,Radial Velocity
HD 48948 c,2024,38.06,7.27,,553.0,Roque de los Muchachos Observatory,Radial Velocity
HD 48948 d,2024,151.92,10.59,,349.0,Roque de los Muchachos Observatory,Radial Velocity
TIC 241249530 b,2024,165.7719,1582.78546686,13.29385111,,Transiting Exoplanet Survey Satellite (TESS),Transit
TIC 46432937 b,2024,1.44044527,1017.0509024,13.31626907,872.0,Transiting Exoplanet Survey Satellite (TESS),Transit
TOI-1294 c,2024,159.9,147.0,,,W. M. Keck Observatory,Radial Velocity
TOI-1410 c,2024,47.56,27.0,,,W. M. Keck Observatory,Radial Velocity
TOI-1408 c,2024,2.1664,7.6,2.22,,Transiting Exoplanet Survey Satellite (TESS),Transit Timing Variations
HD 118203 c,2024,5103.0,3747.19691853,,,Multiple Observatories,Radial Velocity
TIC 4672985 b,2024,69.048,4049.13390518,11.5004142,517.2,Transiting Exoplanet Survey Satellite (TESS),Transit
TOI-7041 b,2025,9.691,114.41822652,11.43316031,,Transiting Exoplanet Survey Satellite (TESS),Transit
HD 21520 b,2024,25.1292,17.7,2.697,637.0,Transiting Exoplanet Survey Satellite (TESS),Transit
HD 222237 b,2024,14892.0,1649.52943233,,,Multiple Observatories,Radial Velocity
TOI-4562 c,2024,3990.0,1833.86990839,,,Multiple Observatories,Transit Timing Variations
Barnard b,2024,3.1542,0.299,,438.0,Paranal Observatory,Radial Velocity
HD 75898 c,2024,6717.0,2698.36317543,,,Multiple Observatories,Radial Velocity
Kepler-51 e,2024,264.284,5.4,,,Multiple Observatories,Transit Timing Variations
Kepler-20 d,2011,77.611455,13.4,2.606,430.0,Kepler,Transit
Kepler-20 b,2011,3.6961049,9.7,1.773,1187.0,Kepler,Transit
TOI-7149 b,2025,2.65206166,224.0,13.2,593.0,Transiting Exoplanet Survey Satellite (TESS),Transit
TOI-2458 c,2024,16.553,10.22,,,La Silla Observatory,Radial Velocity
HD 86728 b,2025,31.1515,9.43,,,Multiple Observatories,Radial Velocity
TOI-4504 d,2024,40.5634,450.23572136,,,Multiple Observatories,Transit Timing Variations
HD 73344 c,2025,65.94,118.54999581,,,Multiple Observatories,Radial Velocity
HD 73344 d,2025,5823.0,810.46243785,,,Multiple Observatories,Radial Velocity
WASP-132 d,2024,1816.6,1639.99458012,,107.0,Multiple Observatories,Radial Velocity
K2-360 c,2024,9.79692,15.23,,912.0,Multiple Observatories,Radial Velocity
HD 20794 f,2025,647.6,5.82,,,Multiple Observatories,Radial Velocity
Gaia-4 b,2025,571.3,3750.3752026,,,European Space Agency (ESA) Gaia Satellite,Astrometry
Gaia-5 b,2025,358.62,6633.07885409,,,European Space Agency (ESA) Gaia Satellite,Astrometry
K2-99 c,2022,522.2,2669.7586188,,390.0,Multiple Observatories,Radial Velocity
Gl 725 A b,2025,11.2201,2.78,,,Multiple Observatories,Radial Velocity
KOBE-1 b,2025,8.5399,8.8,,594.4,Calar Alto Observatory,Radial Velocity
KOBE-1 c,2025,29.671,12.4,,392.5,Calar Alto Observatory,Radial Velocity
TOI-2295 c,2024,966.5,1783.01736327,,234.9,Haute-Provence Observatory,Radial Velocity
TOI-2537 c,2024,1920.0,2297.89938261,,123.1,Multiple Observatories,Radial Velocity
GJ 2126 b,2025,272.7,413.1769291,,,La Silla Observatory,Radial Velocity
KOI-1843.03,2013,0.1768913,8.0,0.61,,Kepler,Transit
TOI-2015 c,2025,5.582796,8.91,,448.0,Multiple Observatories,Transit Timing Variations
TOI-2443 b,2023,15.66858,4.8,2.363,519.0,Transiting Exoplanet Survey Satellite (TESS),Transit
Kepler-105 c,2014,7.12592,5.6,1.44,,Kepler,Transit
Barnard c,2025,4.1244,0.335,,400.0,Gemini Observatory,Radial Velocity
Barnard d,2025,2.3402,0.263,,483.0,Gemini Observatory,Radial Velocity
Barnard e,2025,6.7392,0.193,,340.0,Gemini Observatory,Radial Velocity
GJ 3998 d,2025,41.78,6.07,,,Multiple Observatories,Radial Velocity
GJ 1289 b,2024,111.74,6.27,,150.0,Multiple Observatories,Radial Velocity
TOI-1266 d,2025,32.509,3.68,,288.0,Transiting Exoplanet Survey Satellite (TESS),Transit Timing Variations
BD+05 4868 A b,2025,1.271869,6.2,,1820.0,Transiting Exoplanet Survey Satellite (TESS),Transit
ZTF J1230-2655 b,2025,0.23597766,7024.0077947,13.78704626,,Zwicky Transient Facility,Transit
ZTF J1828+2308 b,2025,0.1120067,6356.56814,11.13051784,,Zwicky Transient Facility,Transit
G 268-110 b,2025,1.43263,1.52,,534.0,Calar Alto Observatory,Radial Velocity
G 192-15 b,2025,2.27476,1.03,,453.6,Calar Alto Observatory,Radial Velocity
G 192-15 c,2025,1219.0,14.3,,55.9,Calar Alto Observatory,Radial Velocity
G 261-6 b,2025,5.4536,1.37,,322.3,Calar Alto Observatory,Radial Velocity
Gl 410 b,2025,6.02,8.4,,,Mauna Kea Observatory,Radial Velocity
Kepler-26 c,2011,17.2559,6.2,2.72,,Kepler,Transit
Kepler-139 f,2025,355.0,36.0,,,Multiple Observatories,Transit Timing Variations
TOI-771 c,2025,7.61,2.87,,365.0,Paranal Observatory,Radial Velocity
OGLE-2016-BLG-0007L b,2025,14200.0,1.32,,,OGLE,Microlensing
AT2021ueyL b,2025,4168.69,425.89006538,,,Multiple Observatories,Microlensing
Kepler-102 d,2014,10.311767,3.0,1.154,686.0,Kepler,Transit
K2-157 c,2025,25.942,30.8,,587.0,Paranal Observatory,Radial Velocity
K2-157 d,2025,66.5,23.3,,429.1,Paranal Observatory,Radial Velocity
HD 35843 b,2025,9.8991,5.84,,,Paranal Observatory,Radial Velocity
TOI-2076 e,2025,3.0223753,4.7,1.301,1110.0,Transiting Exoplanet Survey Satellite (TESS),Transit
HD 87816 b,2025,484.17,2142.16346318,,,La Silla Observatory,Radial Velocity
HD 87816 c,2025,7596.0,3877.5065654,,,La Silla Observatory,Radial Velocity
HD 94890 b,2025,824.61,676.97450691,,,La Silla Observatory,Radial Velocity
HD 94890 c,2025,2492.19,2831.85110637,,,La Silla Observatory,Radial Velocity
HD 102888 b,2025,252.06,1808.44363583,,,La Silla Observatory,Radial Velocity
TOI-6695 c,2025,242.4,460.85119015,,415.0,Multiple Observatories,Radial Velocity
TOI-1117 c,2025,4.579,8.78,,1210.0,La Silla Observatory,Radial Velocity
TOI-1117 d,2025,8.665,10.71,,978.0,La Silla Observatory,Radial Velocity
Kepler-725 c,2025,207.541,9.7,,268.0,Kepler,Transit Timing Variations
KOI-134 c,2025,33.95,69.92224954,,,Kepler,Transit Timing Variations
L 98-59 f,2025,23.064,2.8,,285.0,Multiple Facilities,Radial Velocity
TOI-201 c,2025,2890.0,4990.0,10.4,,Transiting Exoplanet Survey Satellite (TESS),Transit Timing Variations
BEBOP-3 b,2025,547.0,177.34825111,,,Haute-Provence Observatory,Radial Velocity
GJ 9773 b,2025,2965.0,172.580825,,,Calar Alto Observatory,Radial Velocity
GJ 508.2 b,2025,5300.0,587.98255295,,,Calar Alto Observatory,Radial Velocity
HD 224018 b,2025,10.6413,4.1,0.91,968.0,Roque de los Muchachos Observatory,Radial Velocity
HD 224018 c,2025,36.57669,10.4,2.42,641.0,K2,Transit
HD 224018 d,2025,138.0731,4.2,2.4,411.0,K2,Transit
K2-73 c,2025,1000.0,1142.0,,186.1,W. M. Keck Observatory,Radial Velocity
HIP 41378 g,2025,64.067,6.81,,,W. M. Keck Observatory,Radial Velocity
HD 28471 b,2025,3.1649,3.72,,1377.0,La Silla Observatory,Radial Velocity
HD 28471 c,2025,6.1245,5.72,,1066.0,La Silla Observatory,Radial Velocity
HD 28471 d,2025,11.681,4.91,,945.0,La Silla Observatory,Radial Velocity
GJ 536 c,2025,32.761,5.89,,290.5,Multiple Facilities,Radial Velocity
TOI-2141 c,2025,5.4624,6.14,,1095.0,Roque de los Muchachos Observatory,Radial Velocity
TOI-2141 d,2025,60.45,14.9,,491.4,Roque de los Muchachos Observatory,Radial Velocity
TOI-1203 b,2025,4.1572888,3.51,1.52,1361.2,La Silla Observatory,Radial Velocity
TOI-1203 c,2025,13.0766,5.46,,,La Silla Observatory,Radial Velocity
TOI-1203 e,2025,204.59,42.1,,,La Silla Observatory,Radial Velocity
NGTS-32 b,2025,3.31211,181.16219199,15.91675259,1750.0,Next-Generation Transit Survey (NGTS),Transit
HD 143811 AB b,2025,117000.0,1938.7532827,15.69257298,,Paranal Observatory,Imaging
Kepler-107 c,2014,4.901452,10.0,1.597,1378.0,Kepler,Transit
HD 23079 c,2025,5.748913,8.26,,,La Silla Observatory,Radial Velocity
HD 196067 c,2025,4.601088,10.4,,,La Silla Observatory,Radial Velocity
TOI-2093 b,2025,12.836,10.6,,535.0,Calar Alto Observatory,Radial Velocity
HIP 18606 b,2025,674.94,244.72787339,,,Multiple Observatories,Radial Velocity
HIP 111909 b,2025,487.08,384.57237247,,,Multiple Observatories,Radial Velocity
HIP 111909 c,2025,893.63,257.44100967,,,Multiple Observatories,Radial Velocity
BD+37 3172 b,2023,1887.76,3368.9811142,,,McDonald Observatory,Radial Velocity
BD+42 2315 b,2023,123.05,174.80562385,,,McDonald Observatory,Radial Velocity
55 Cnc B b,2025,6.7994,3.5,,,Mauna Kea Observatory,Radial Velocity
55 Cnc B c,2025,33.747,5.3,,,Mauna Kea Observatory,Radial Velocity
GJ 251 c,2025,53.647,3.88,,216.0,Multiple Observatories,Radial Velocity
TOI-7510 b,2025,11.530869,18.1,7.31,878.0,Transiting Exoplanet Survey Satellite (TESS),Transit
TOI-7510 c,2025,22.5687423,131.0,10.81,702.0,Transiting Exoplanet Survey Satellite (TESS),Transit
TOI-7510 d,2025,48.864468,190.0,10.52,542.4,Transiting Exoplanet Survey Satellite (TESS),Transit
TOI-756 c,2025,149.4,1287.20504835,,194.0,La Silla Observatory,Radial Velocity
BEBOP-4 AB b,2025,1823.5,8358.8871041,,,Haute-Provence Observatory,Radial Velocity
TOI-1422 c,2025,34.5633,14.0,2.61,628.0,Roque de los Muchachos Observatory,Radial Velocity
TOI-1472 c,2025,15.5381747,21.13,3.334,662.0,Multiple Observatories,Radial Velocity
HIP 54515 b,2026,33000.0,5625.5628039,,,Subaru Telescope,Imaging
TOI-6041 c,2025,88.0,77.9,,403.5,Multiple Observatories,Radial Velocity
HD 128717 b,2025,3420.0,6293.0024586,,,European Space Agency (ESA) Gaia Satellite,Astrometry
NGTS-34 b,2025,43.12655,19.1,3.65,624.0,Transiting Exoplanet Survey Satellite (TESS),Transit
Kepler-11 e,2010,31.9996,8.0,4.19,,Kepler,Transit
TOI-5789 b,2026,2.76369,2.12,,1201.0,Multiple Observatories,Radial Velocity
TOI-5789 d,2026,29.65,4.29,,545.0,Multiple Observatories,Radial Velocity
TOI-5789 e,2026,62.98,11.61,,424.0,Multiple Observatories,Radial Velocity
GJ 3090 c,2026,15.9407,10.0,,407.2,Multiple Facilities,Radial Velocity
HD 176986 d,2026,61.376,6.76,,363.0,Multiple Observatories,Radial Velocity
HD 85426 c,2026,35.73,10.3,,640.0,Multiple Observatories,Radial Velocity
GJ 4274 b,2026,1.6339,2.97,,,Mauna Kea Observatory,Radial Velocity
GJ 4274 c,2026,69.57,8.39,,,Mauna Kea Observatory,Radial Velocity
TOI-375 c,2026,115.5,669.34662514,,596.0,Multiple Observatories,Radial Velocity
TOI-375 d,2026,297.9,445.59542661,,434.0,Multiple Observatories,Radial Velocity
GJ 887 d,2026,50.77,6.1,,241.0,Multiple Observatories,Radial Velocity
GJ 887 e,2026,4.4249,1.46,,544.0,Multiple Observatories,Radial Velocity
HD 164604 c,2026,5387.0,3019.3698665,,,Las Campanas Observatory,Radial Velocity
LHS 1903 e,2026,29.31773,5.79,1.732,333.0,CHaracterising ExOPlanets Satellite (CHEOPS),Transit
TOI-4336 A c,2026,7.587266,1.55,1.251,399.5,Multiple Observatories,Transit
DMPP-2 c,2026,3.168,51.79,,,Multiple Observatories,Radial Velocity
DMPP-2 d,2026,16.491,91.79,,,Multiple Observatories,Radial Velocity
DMPP-6 b,2026,7.6027,5.8,,,Multiple Observatories,Radial Velocity
DMPP-6 c,2026,36.441,13.47,,,Multiple Observatories,Radial Velocity
DMPP-7 b,2026,4.984,61.39,,,Multiple Observatories,Radial Velocity
DMPP-8 b,2026,62.915,81.09,,,Multiple Observatories,Radial Velocity
DMPP-9 b,2026,12.733,14.43,,,Multiple Observatories,Radial Velocity
HD 68475 b,2026,7832.0,1639.99458012,,,Las Campanas Observatory,Radial Velocity
HD 100508 b,2026,5681.0,381.3940884,,,Las Campanas Observatory,Radial Velocity
HD 48265 c,2026,10418.0,1414.33641115,,,Las Campanas Observatory,Radial Velocity
HD 114386 c,2026,444.0,117.59651059,,,Las Campanas Observatory,Radial Velocity
TOI-1232 c,2026,30.356,58.48042689,,,Transiting Exoplanet Survey Satellite (TESS),Transit Timing Variations
Kepler-107 b,2014,3.1800218,3.8,1.536,1592.0,Kepler,Transit
GJ 1137 c,2026,9.6412,5.12,,,La Silla Observatory,Radial Velocity
TIC 147027702 b,2026,44.40523,346.43296363,10.92875618,863.0,Transiting Exoplanet Survey Satellite (TESS),Transit
TIC 245076932 b,2026,21.61389,162.09248757,10.87271128,845.0,Transiting Exoplanet Survey Satellite (TESS),Transit
TOI-5624 f,2026,45.37,13.0,,478.5,Multiple Observatories,Transit Timing Variations
TIC 183374187 b,2026,5.05907,177.98390792,14.03364384,1379.0,Transiting Exoplanet Survey Satellite (TESS),Transit
XO-2 S d,2024,4696.0,1179.14338997,,,Multiple Observatories,Radial Velocity
HD 5388 b,2010,772.5,1017.0509024,,,La Silla Observatory,Radial Velocity
HD 16760 b,2009,466.08,6833.3107505,,,Multiple Facilities,Radial Velocity
GJ 3378 b,2026,21.45,2.3,,272.0,Mauna Kea Observatory,Radial Velocity
Kepler-25 c,2011,12.7207,15.2,5.217,,Kepler,Transit
Kepler-37 d,2013,39.7922622,2.0,2.03,499.0,Kepler,Transit
Kepler-25 b,2011,6.238297,8.7,2.748,,Kepler,Transit
Kepler-93 b,2014,4.72673978,4.66,1.478,1133.0,Kepler,Transit
Kepler-409 b,2014,68.9583216,6.0,1.199,438.0,Kepler,Transit
KOI-1783.01,2020,134.4628,71.0,8.86,,Kepler,Transit
Kepler-447 b,2015,7.79430132,435.41,18.49,,Kepler,Transit
Kepler-411 c,2016,7.834435,26.4,4.421,838.0,Kepler,Transit
Kepler-45 b,2011,2.455239,160.497,10.76,1000.0,Kepler,Transit
Kepler-91 b,2013,6.24658,257.4423,15.322703,2040.0,Kepler,Transit
Kepler-427 b,2014,10.290994,92.17,13.79,1100.0,Kepler,Transit
Kepler-462 b,2016,84.6866,53.9,3.0,,Kepler,Transit
Kepler-114 c,2013,8.041,2.8,1.6,,Kepler,Transit
TrES-2 b,2006,2.47063,473.5667,15.24424,,TrES,Transit
Kepler-23 c,2011,10.74,7.81,3.005,,Kepler,Transit
Kepler-79 d,2014,52.0902,6.0,7.16,,Kepler,Transit
Kepler-12 b,2011,4.4379629,137.30256,19.660586,1480.0,Kepler,Transit
Kepler-113 c,2014,8.92507,8.7,2.18,,Kepler,Transit
Kepler-18 d,2011,14.85888,16.4,6.98,,Kepler,Transit
Kepler-60 b,2012,7.1334,4.19,1.71,,Kepler,Transit
Kepler-113 b,2014,4.754,11.7,1.82,,Kepler,Transit
Kepler-85 b,2012,8.3,1.84,1.778,,Kepler,Transit
Kepler-48 d,2014,42.8961,7.93,2.04,,Kepler,Transit
Kepler-106 e,2014,43.8445,11.17,2.56,,Kepler,Transit
Kepler-114 d,2013,11.776,3.9,2.53,,Kepler,Transit
Kepler-103 c,2014,179.60978,58.47,5.4539,,Kepler,Transit
Kepler-106 b,2014,6.16486,5.3,0.82,,Kepler,Transit
Kepler-100 b,2014,6.88734,4.01,1.34,,Kepler,Transit
Kepler-100 d,2014,35.3331,3.0,1.61,,Kepler,Transit
Kepler-101 c,2014,6.02976,3.78,1.25,1413.0,Kepler,Transit
Kepler-20 f,2011,19.578328,1.4,0.952,681.0,Kepler,Transit
Kepler-102 f,2014,27.453592,4.3,0.861,495.0,Kepler,Transit
Kepler-102 c,2014,7.071392,1.7,0.567,777.0,Kepler,Transit
Kepler-102 b,2014,5.286965,1.1,0.46,857.0,Kepler,Transit
KOI-94 b,2013,3.743208,10.5,1.71,1486.0,Kepler,Transit
Kepler-37 c,2013,21.301848,1.3,0.755,615.0,Kepler,Transit
Kepler-37 b,2013,13.36702,0.79,0.3098,718.0,Kepler,Transit
Kepler-68 c,2013,9.605027,1.3,0.979,1052.0,Kepler,Transit
Kepler-34 b,2011,288.822,69.92,8.564,,Kepler,Transit
Kepler-276 d,2013,48.648,16.3,2.8,,Kepler,Transit
Kepler-57 c,2012,11.6,6.86,2.196,,Kepler,Transit
Kepler-128 c,2013,22.8,3.38,1.521,,Kepler,Transit
Kepler-58 c,2012,15.5741568,53.0,2.86,,Kepler,Transit
Kepler-289 b,2014,34.5383,3.7,2.49,,Kepler,Transit
Kepler-129 c,2014,82.2,43.0,2.52,,Kepler,Transit
Kepler-129 b,2014,15.79,20.0,2.4,,Kepler,Transit
Kepler-36 c,2012,16.21865,7.13,3.679,,Kepler,Transit
Kepler-138 b,2014,10.3134,0.07,0.64,452.0,Kepler,Transit
Kepler-98 b,2014,1.54168,3.55,1.99,,Kepler,Transit
Kepler-145 b,2013,22.951,37.1,2.65,,Kepler,Transit
Kepler-1655 b,2018,11.8728787,5.4,2.213,938.0,Kepler,Transit
Kepler-131 b,2014,16.092,16.13,2.41,,Kepler,Transit
Kepler-99 b,2014,4.60358,6.15,1.48,,Kepler,Transit
KOI-2513.01,2023,19.00547,7310.053361,2.80224517,,Kepler,Transit
Kepler-111 c,2014,224.77833,222.4798849,7.0840758,352.2,Kepler,Transit
Kepler-391 b,2014,7.4175,1100.0,2.5,930.0,Kepler,Transit
Kepler-406 b,2014,2.42629,6.35,1.43,,Kepler,Transit
Kepler-97 b,2014,2.58664,3.51,1.48,,Kepler,Transit
KOI-134 b,2025,67.1277,346.43296363,12.03844527,659.0,Kepler,Transit
Kepler-51 d,2014,130.194,7.6,9.7,381.0,Kepler,Transit
Kepler-396 c,2013,88.505,17.9,5.3,,Kepler,Transit
Kepler-51 c,2012,85.312,4.0,9.0,439.0,Kepler,Transit
Kepler-92 b,2013,13.749,64.3,3.51,,Kepler,Transit
Kepler-138 c,2014,13.7815,2.3,1.51,410.0,Kepler,Transit
Kepler-122 f,2014,56.268,36.0,1.75,,Kepler,Transit Timing Variations
Kepler-1876 b,2021,6.99205,2.4,0.853,1299.0,Kepler,Transit
Kepler-462 c,2018,207.62,6.0,4.0,,Kepler,Transit
Kepler-414 c,2014,7.171,29.9,3.01,,Kepler,Transit Timing Variations
Kepler-350 d,2013,26.136,14.9,2.8,,Kepler,Transit
Kepler-85 c,2012,12.51,2.15,1.978,,Kepler,Transit
Kepler-60 c,2012,8.9187,3.85,1.9,,Kepler,Transit
Kepler-60 d,2012,11.8981,4.16,1.99,,Kepler,Transit
Kepler-417 b,2014,12.331,11.0,2.31,,Kepler,Transit Timing Variations
KOI-351 h,2013,331.60296,203.0,,,Kepler,Transit
Kepler-415 b,2014,4.176,119.9,1.21,,Kepler,Transit Timing Variations
Kepler-305 c,2013,8.291,6.0,3.3,,Kepler,Transit
Kepler-305 d,2014,16.74,6.2,2.76,,Kepler,Transit
Kepler-307 c,2013,13.0729,3.64,2.2,,Kepler,Transit
Kepler-414 b,2014,4.7,3.5,1.71,,Kepler,Transit Timing Variations
Kepler-411 b,2013,3.005156,25.6,2.401,1138.0,Kepler,Transit
Kepler-323 b,2014,1.678328,3.9,1.381,1838.0,Kepler,Transit
KOI-1831 d,2018,34.169,2.23,1.13,475.0,Kepler,Transit
Kepler-11 f,2010,46.6888,2.0,2.49,,Kepler,Transit
Kepler-138 d,2014,23.0923,2.1,1.51,345.0,Kepler,Transit
Kepler-338 e,2014,9.341,8.5,1.56,,Kepler,Transit Timing Variations
Kepler-35 b,2011,131.458,40.363,8.16,,Kepler,Transit
Kepler-38 b,2012,105.599,122.0,4.3,475.0,Kepler,Transit
Kepler-106 d,2014,23.9802,8.1,0.95,,Kepler,Transit
Kepler-238 f,2013,50.447,13.5,2.0,,Kepler,Transit
Kepler-22 b,2011,289.863876,9.1,2.1,279.0,Kepler,Transit
Kepler-79 e,2014,81.0659,4.1,3.49,,Kepler,Transit
Kepler-279 d,2013,54.414,37.5,3.1,,Kepler,Transit
Kepler-101 b,2014,3.4876812,51.1,5.77,1513.0,Kepler,Transit
Kepler-87 c,2013,191.2318,6.4,6.14,403.0,Kepler,Transit
Kepler-396 b,2013,42.994,75.5,3.5,,Kepler,Transit
Kepler-11 g,2010,118.3807,25.0,3.33,,Kepler,Transit
Kepler-51 b,2012,45.154,2.1,7.1,543.0,Kepler,Transit
Kepler-27 c,2011,31.3309,4385.87,4.9,,Kepler,Transit
Kepler-30 b,2012,29.33434,11.3,3.9,,Kepler,Transit
Kepler-75 b,2013,8.8849116,3209.9,11.77,767.0,Kepler,Transit
Kepler-131 c,2014,25.5169,8.25,0.84,,Kepler,Transit
Kepler-92 c,2013,26.723,6.1,2.6,,Kepler,Transit
Kepler-139 d,2023,7.305699922,4.65807623,1.695,,Kepler,Transit
Kepler-406 c,2014,4.62332,2.71,0.85,,Kepler,Transit
Kepler-117 c,2014,50.790391,584.78,12.341,704.0,Kepler,Transit
Kepler-62 c,2013,12.4417,4.0,0.54,578.0,Kepler,Transit
Kepler-62 f,2013,267.291,35.0,1.41,208.0,Kepler,Transit
Kepler-9 b,2010,19.23891,43.4,8.29,,Kepler,Transit
Kepler-5 b,2009,3.5484657,670.93913,15.984034,1750.0,Kepler,Transit
Kepler-30 d,2012,143.34394,23.1,8.8,,Kepler,Transit
Kepler-391 c,2014,20.501,450.0,2.88,662.0,Kepler,Transit
Kepler-10 b,2011,0.8374907,3.24,1.47,2188.0,Kepler,Transit
KOI-94 c,2013,10.423648,15.6,4.32,1012.0,Kepler,Transit
Kepler-79 c,2012,27.4029,5.9,3.72,,Kepler,Transit
Kepler-1656 b,2018,31.562,47.8,,,Kepler,Transit
Kepler-1972 b,2022,7.54425,2.02,0.802,,Kepler,Transit
Kepler-80 b,2012,7.05246,6.93,2.67,,Kepler,Transit
Kepler-117 b,2014,18.7959228,29.875,8.059,984.0,Kepler,Transit
Kepler-1705 b,2021,9.03502,4.47,2.03,,Kepler,Transit
KOI-4777.01,2022,0.412,99.2,0.51,1180.0,Kepler,Transit
Kepler-10 c,2011,45.294301,11.29,2.355,579.0,Kepler,Transit
KOI-94 e,2013,54.32031,35.0,6.56,584.0,Kepler,Transit
Kepler-79 b,2012,13.4845,10.9,3.47,,Kepler,Transit
Kepler-53 b,2012,18.6489525,111.0,2.89,,Kepler,Transit
Kepler-428 b,2014,3.52563254,403.63,12.11,1070.0,Kepler,Transit
Kepler-238 e,2013,23.654,169.7,5.6,,Kepler,Transit
Kepler-411 d,2018,58.02035,15.2,3.319,410.0,Kepler,Transit
KOI-3503 b,2021,21.185,9.2,1.19,785.0,Kepler,Transit
Kepler-19 b,2011,9.28699,6.1,2.209,851.0,Kepler,Transit
KOI-1833 d,2021,7.685,11.02,2.58,613.0,Kepler,Transit
Kepler-328 b,2013,34.921,28.5,2.3,,Kepler,Transit
Kepler-27 b,2011,15.3348,2895.31,4.0,,Kepler,Transit
PH2 b,2013,282.52542,87.08498352,9.33708092,295.1,Kepler,Transit
Kepler-1513 b,2016,160.8842,48.30991786,8.594,,Kepler,Transit
KOI-3680 b,2018,141.241671,613.4119,11.09691,347.0,Kepler,Transit
Kepler-1514 b,2016,217.83184,1678.1424,12.419572,387.9,Kepler,Transit
Kepler-454 b,2015,10.5737534,5.4,2.37,916.0,Kepler,Transit
Kepler-539 b,2016,125.63243,308.2951,8.373123,387.6,Kepler,Transit
KOI-1783.02,2020,284.215,15.0,5.44,,Kepler,Transit
KOI-1599.02,2019,13.6088,9.0,1.9,,Kepler,Transit
Kepler-28 b,2011,5.91,1.63,1.959,,Kepler,Transit
Kepler-46 b,2012,33.60134,1907.0,9.057,543.0,Kepler,Transit
Kepler-82 b,2012,26.44,12.15,4.07,,Kepler,Transit
Kepler-434 b,2015,12.8747099,908.96,12.67,1000.0,Kepler,Transit
Kepler-435 b,2015,8.6001536,266.97,22.31,1729.0,Kepler,Transit
Kepler-103 b,2014,15.9653287,11.67,3.4857,,Kepler,Transit
Kepler-145 c,2013,42.882,79.4,4.32,,Kepler,Transit
KOI-3503 c,2021,31.828,10.36,1.21,686.0,Kepler,Transit
Kepler-177 c,2013,49.40926,14.7,8.73,,Kepler,Transit
Kepler-109 b,2014,6.4816307,4.9,2.49,1276.0,Kepler,Transit
Kepler-1972 c,2022,11.3295,2.11,0.868,,Kepler,Transit
Kepler-62 d,2013,18.16406,14.0,1.95,510.0,Kepler,Transit
Kepler-425 b,2014,3.79701816,79.45,10.962,1070.0,Kepler,Transit
Kepler-49 b,2012,7.2,9.77,2.579,,Kepler,Transit
Kepler-96 b,2014,16.2385,8.46,2.67,,Kepler,Transit
Kepler-39 b,2011,21.08721,6388.1,13.9,897.0,Kepler,Transit
KOI-142 b,2013,10.91647,9.5,3.438,,Kepler,Transit
HAT-P-7 b,2008,2.20474,584.8072,16.92559,,HATNet,Transit
Kepler-32 b,2011,5.90124,1303.0,2.2,,Kepler,Transit
Kepler-433 b,2015,5.33408384,896.24,16.25,1776.0,Kepler,Transit
Kepler-48 b,2012,4.778,3.94,1.88,,Kepler,Transit
Kepler-223 d,2014,14.78869,8.0,5.24,,Kepler,Transit
Kepler-7 b,2009,4.8854892,140.16303,18.180998,1630.0,Kepler,Transit
KOI-12 b,2015,17.855182,349.613,13.78707,,Kepler,Transit
Kepler-29 b,2011,10.33974,5.0,2.55,,Kepler,Transit
Kepler-40 b,2010,6.87349,699.2,13.11,1620.0,Kepler,Transit
K2-27 b,2016,6.771347,30.2,4.74,836.0,K2,Transit
K2-19 d,2016,2.50827,6.2,1.044,1258.0,K2,Transit
K2-36 c,2016,5.340888,7.9,3.2,854.0,K2,Transit
K2-36 b,2016,1.422614,4.3,1.43,1328.0,K2,Transit
Kepler-74 b,2013,7.340711,200.22,10.76,1078.0,Kepler,Transit
WASP-85 A b,2016,2.6556777,402.05495,13.89916,1452.0,K2,Transit
Kepler-553 b,2016,4.030467,116.00736855,4.74139884,1089.0,Kepler,Transit
K2-24 c,2016,42.3391,15.4,7.5,,K2,Transit
K2-24 b,2016,20.88977,19.0,5.4,,K2,Transit
K2-37 d,2016,14.09229,12.5,2.31,646.0,K2,Transit
K2-31 b,2016,1.25785,563.83042,11.88154,,K2,Transit
K2-32 b,2016,8.992,15.0,5.299,837.0,K2,Transit
K2-32 d,2016,31.71701,6.7,3.484,550.0,K2,Transit
K2-32 c,2016,20.66093,8.1,3.134,634.0,K2,Transit
K2-33 b,2016,5.424865,1175.971,5.04,,K2,Transit
K2-55 b,2016,2.849271,44.0,4.43,900.0,K2,Transit
K2-265 b,2018,2.36902,7.3418362,1.70824866,1366.0,K2,Transit
K2-60 b,2016,3.00265,135.39558,7.655747,1400.0,K2,Transit
K2-66 b,2016,5.06963,21.3,2.49,1372.0,K2,Transit
HAT-P-11 b,2008,4.888,23.51930212,,,HATNet,Transit
K2-73 b,2016,7.49556,9.2,2.58,968.0,K2,Transit
K2-39 b,2016,4.60543,28.6047,6.27704,,K2,Transit
K2-85 b,2016,0.68453862616,3.2,1.4,1355.0,K2,Transit
K2-79 b,2016,10.995039,5.9,4.15,1033.0,K2,Transit
K2-111 b,2017,5.3518963,5.35,1.837,1293.0,K2,Transit
K2-180 b,2018,8.865663,11.41003981,2.46597575,797.5,K2,Transit
K2-97 b,2016,8.407115,174.48779544,13.45077684,1566.0,K2,Transit
K2-182 b,2018,4.7369696,20.97667486,2.71257333,965.8,K2,Transit
K2-98 b,2016,10.1367349,34.00763955,5.06645928,1185.0,K2,Transit
K2-114 b,2017,11.390931,638.83509807,10.59248676,701.4,K2,Transit
K2-115 b,2017,20.2729914,321.00669107,11.80305668,696.0,K2,Transit
K2-419 A b,2024,20.35847252,196.0,10.55,377.0,K2,Transit
K2-105 b,2017,8.26726,15.4,3.4,805.0,K2,Transit
K2-121 b,2017,5.185738,51.0,7.16,716.0,K2,Transit
K2-146 b,2018,2.6446,5.77,2.05,,K2,Transit
K2-100 b,2016,1.6739035,21.8,3.88,1841.0,K2,Transit
Kepler-538 b,2016,81.73778,12.9,2.215,417.0,Kepler,Transit
K2-110 b,2017,13.86375,15.9,2.592,638.0,K2,Transit
Kepler-52 c,2012,16.3850021,45.4,1.84,,Kepler,Transit
K2-99 b,2016,18.24783,276.51071409,11.88151954,1184.0,K2,Transit
K2-199 b,2018,3.2253993,6.9,1.73,913.0,K2,Transit
K2-199 c,2018,7.3744897,12.4,2.85,694.0,K2,Transit
Kepler-279 e,2025,98.3531,56.0,,,Kepler,Transit
Kepler-289 e,2025,330.0716,17.4,,,Kepler,Transit
Kepler-595 c,2020,12.38602,3.3,1.009,,Kepler,Transit
Kepler-595 b,2016,25.3029092,17.4,3.708,,Kepler,Transit
Kepler-100 c,2014,12.8159,7.05,2.2,,Kepler,Transit
Kepler-1704 b,2021,988.88112,1322.16617312,11.94877343,253.8,Kepler,Transit
Kepler-11 c,2010,13.0241,2.9,2.87,,Kepler,Transit
Kepler-9 c,2010,38.9853,29.9,8.08,,Kepler,Transit
Kepler-30 c,2012,60.323105,640.0,12.3,,Kepler,Transit
Kepler-80 c,2012,9.52355,6.74,2.74,,Kepler,Transit
Kepler-28 c,2011,8.99,2.06,1.857,,Kepler,Transit
Kepler-82 c,2012,51.54,13.9,5.34,,Kepler,Transit
Kepler-62 b,2013,5.714932,9.0,1.31,750.0,Kepler,Transit
