hour,time,lat,lon,speed_kmh,dir_deg
0,2026-06-06T00:00,24.99121,-139.98923,124.8,223
1,2026-06-06T01:00,24.99121,-139.98923,129.1,223
2,2026-06-06T02:00,24.99121,-139.98923,133.2,224
3,2026-06-06T03:00,24.99121,-139.98923,136.7,223
4,2026-06-06T04:00,24.99121,-139.98923,139.2,224
5,2026-06-06T05:00,24.99121,-139.98923,138.3,226
6,2026-06-06T06:00,24.99121,-139.98923,136.8,228
7,2026-06-06T07:00,24.99121,-139.98923,134.8,231
8,2026-06-06T08:00,24.99121,-139.98923,131.6,232
9,2026-06-06T09:00,24.99121,-139.98923,126.7,233
10,2026-06-06T10:00,24.99121,-139.98923,121.9,234
11,2026-06-06T11:00,24.99121,-139.98923,118.9,235
12,2026-06-06T12:00,24.99121,-139.98923,116.8,236
13,2026-06-06T13:00,24.99121,-139.98923,115.9,238
14,2026-06-06T14:00,24.99121,-139.98923,114.0,240
15,2026-06-06T15:00,24.99121,-139.98923,110.0,242
16,2026-06-06T16:00,24.99121,-139.98923,106.8,244
17,2026-06-06T17:00,24.99121,-139.98923,104.3,247
18,2026-06-06T18:00,24.99121,-139.98923,100.3,249
19,2026-06-06T19:00,24.99121,-139.98923,97.9,251
20,2026-06-06T20:00,24.99121,-139.98923,94.5,252
21,2026-06-06T21:00,24.99121,-139.98923,90.3,253
22,2026-06-06T22:00,24.99121,-139.98923,86.5,253
23,2026-06-06T23:00,24.99121,-139.98923,84.3,253
24,2026-06-07T00:00,24.99121,-139.98923,81.6,253
25,2026-06-07T01:00,24.99121,-139.98923,80.5,253
26,2026-06-07T02:00,24.99121,-139.98923,79.8,254
27,2026-06-07T03:00,24.99121,-139.98923,79.5,255
28,2026-06-07T04:00,24.99121,-139.98923,81.8,256
29,2026-06-07T05:00,24.99121,-139.98923,82.9,256
30,2026-06-07T06:00,24.99121,-139.98923,80.3,256
31,2026-06-07T07:00,24.99121,-139.98923,76.0,254
32,2026-06-07T08:00,24.99121,-139.98923,76.0,254
33,2026-06-07T09:00,24.99121,-139.98923,77.4,257
34,2026-06-07T10:00,24.99121,-139.98923,75.4,261
35,2026-06-07T11:00,24.99121,-139.98923,73.0,261
36,2026-06-07T12:00,24.99121,-139.98923,72.0,259
37,2026-06-07T13:00,24.99121,-139.98923,72.0,259
38,2026-06-07T14:00,24.99121,-139.98923,73.0,261
39,2026-06-07T15:00,24.99121,-139.98923,73.2,260
40,2026-06-07T16:00,24.99121,-139.98923,76.0,258
41,2026-06-07T17:00,24.99121,-139.98923,77.2,258
42,2026-06-07T18:00,24.99121,-139.98923,77.2,258
43,2026-06-07T19:00,24.99121,-139.98923,77.2,258
44,2026-06-07T20:00,24.99121,-139.98923,77.2,258
45,2026-06-07T21:00,24.99121,-139.98923,75.8,259
46,2026-06-07T22:00,24.99121,-139.98923,72.2,259
47,2026-06-07T23:00,24.99121,-139.98923,67.6,258
0,2026-06-06T00:00,24.99121,-134.37029,94.3,228
1,2026-06-06T01:00,24.99121,-134.37029,97.0,229
2,2026-06-06T02:00,24.99121,-134.37029,99.7,230
3,2026-06-06T03:00,24.99121,-134.37029,97.0,229
4,2026-06-06T04:00,24.99121,-134.37029,97.8,228
5,2026-06-06T05:00,24.99121,-134.37029,96.9,228
6,2026-06-06T06:00,24.99121,-134.37029,95.1,227
7,2026-06-06T07:00,24.99121,-134.37029,95.1,227
8,2026-06-06T08:00,24.99121,-134.37029,98.7,229
9,2026-06-06T09:00,24.99121,-134.37029,99.1,232
10,2026-06-06T10:00,24.99121,-134.37029,98.9,234
11,2026-06-06T11:00,24.99121,-134.37029,102.8,236
12,2026-06-06T12:00,24.99121,-134.37029,107.2,236
13,2026-06-06T13:00,24.99121,-134.37029,111.5,236
14,2026-06-06T14:00,24.99121,-134.37029,113.8,235
15,2026-06-06T15:00,24.99121,-134.37029,118.2,235
16,2026-06-06T16:00,24.99121,-134.37029,120.5,237
17,2026-06-06T17:00,24.99121,-134.37029,122.9,238
18,2026-06-06T18:00,24.99121,-134.37029,126.6,239
19,2026-06-06T19:00,24.99121,-134.37029,128.6,239
20,2026-06-06T20:00,24.99121,-134.37029,129.2,239
21,2026-06-06T21:00,24.99121,-134.37029,130.7,240
22,2026-06-06T22:00,24.99121,-134.37029,132.1,242
23,2026-06-06T23:00,24.99121,-134.37029,133.1,243
24,2026-06-07T00:00,24.99121,-134.37029,133.1,244
25,2026-06-07T01:00,24.99121,-134.37029,135.4,246
26,2026-06-07T02:00,24.99121,-134.37029,135.5,247
27,2026-06-07T03:00,24.99121,-134.37029,134.8,249
28,2026-06-07T04:00,24.99121,-134.37029,135.1,250
29,2026-06-07T05:00,24.99121,-134.37029,134.7,251
30,2026-06-07T06:00,24.99121,-134.37029,134.3,251
31,2026-06-07T07:00,24.99121,-134.37029,132.1,253
32,2026-06-07T08:00,24.99121,-134.37029,131.4,254
33,2026-06-07T09:00,24.99121,-134.37029,129.6,254
34,2026-06-07T10:00,24.99121,-134.37029,129.2,255
35,2026-06-07T11:00,24.99121,-134.37029,128.4,256
36,2026-06-07T12:00,24.99121,-134.37029,128.0,260
37,2026-06-07T13:00,24.99121,-134.37029,127.3,262
38,2026-06-07T14:00,24.99121,-134.37029,127.1,262
39,2026-06-07T15:00,24.99121,-134.37029,125.8,263
40,2026-06-07T16:00,24.99121,-134.37029,119.4,264
41,2026-06-07T17:00,24.99121,-134.37029,113.1,266
42,2026-06-07T18:00,24.99121,-134.37029,109.4,267
43,2026-06-07T19:00,24.99121,-134.37029,105.7,268
44,2026-06-07T20:00,24.99121,-134.37029,105.6,269
45,2026-06-07T21:00,24.99121,-134.37029,108.0,271
46,2026-06-07T22:00,24.99121,-134.37029,109.3,273
47,2026-06-07T23:00,24.99121,-134.37029,109.4,274
0,2026-06-06T00:00,24.99121,-128.65446,46.8,247
1,2026-06-06T01:00,24.99121,-128.65446,48.9,245
2,2026-06-06T02:00,24.99121,-128.65446,49.4,244
3,2026-06-06T03:00,24.99121,-128.65446,49.4,244
4,2026-06-06T04:00,24.99121,-128.65446,48.3,243
5,2026-06-06T05:00,24.99121,-128.65446,48.8,242
6,2026-06-06T06:00,24.99121,-128.65446,50.0,240
7,2026-06-06T07:00,24.99121,-128.65446,49.0,239
8,2026-06-06T08:00,24.99121,-128.65446,48.4,240
9,2026-06-06T09:00,24.99121,-128.65446,49.4,241
10,2026-06-06T10:00,24.99121,-128.65446,51.0,243
11,2026-06-06T11:00,24.99121,-128.65446,55.8,245
12,2026-06-06T12:00,24.99121,-128.65446,61.5,249
13,2026-06-06T13:00,24.99121,-128.65446,61.1,250
14,2026-06-06T14:00,24.99121,-128.65446,64.9,251
15,2026-06-06T15:00,24.99121,-128.65446,70.4,256
16,2026-06-06T16:00,24.99121,-128.65446,72.8,257
17,2026-06-06T17:00,24.99121,-128.65446,73.7,254
18,2026-06-06T18:00,24.99121,-128.65446,77.4,251
19,2026-06-06T19:00,24.99121,-128.65446,79.7,252
20,2026-06-06T20:00,24.99121,-128.65446,84.3,250
21,2026-06-06T21:00,24.99121,-128.65446,86.2,249
22,2026-06-06T22:00,24.99121,-128.65446,88.5,249
23,2026-06-06T23:00,24.99121,-128.65446,96.9,248
24,2026-06-07T00:00,24.99121,-128.65446,95.8,248
25,2026-06-07T01:00,24.99121,-128.65446,97.5,251
26,2026-06-07T02:00,24.99121,-128.65446,99.2,249
27,2026-06-07T03:00,24.99121,-128.65446,102.1,252
28,2026-06-07T04:00,24.99121,-128.65446,105.4,255
29,2026-06-07T05:00,24.99121,-128.65446,107.4,256
30,2026-06-07T06:00,24.99121,-128.65446,109.5,257
31,2026-06-07T07:00,24.99121,-128.65446,112.7,258
32,2026-06-07T08:00,24.99121,-128.65446,112.7,258
33,2026-06-07T09:00,24.99121,-128.65446,115.1,262
34,2026-06-07T10:00,24.99121,-128.65446,116.0,263
35,2026-06-07T11:00,24.99121,-128.65446,120.4,265
36,2026-06-07T12:00,24.99121,-128.65446,123.8,267
37,2026-06-07T13:00,24.99121,-128.65446,123.9,266
38,2026-06-07T14:00,24.99121,-128.65446,124.0,266
39,2026-06-07T15:00,24.99121,-128.65446,125.1,266
40,2026-06-07T16:00,24.99121,-128.65446,126.2,267
41,2026-06-07T17:00,24.99121,-128.65446,125.1,266
42,2026-06-07T18:00,24.99121,-128.65446,124.0,266
43,2026-06-07T19:00,24.99121,-128.65446,123.8,267
44,2026-06-07T20:00,24.99121,-128.65446,126.2,267
45,2026-06-07T21:00,24.99121,-128.65446,127.5,266
46,2026-06-07T22:00,24.99121,-128.65446,126.5,265
47,2026-06-07T23:00,24.99121,-128.65446,124.1,265
0,2026-06-06T00:00,24.99419,-122.992294,57.3,340
1,2026-06-06T01:00,24.99419,-122.992294,57.0,338
2,2026-06-06T02:00,24.99419,-122.992294,58.0,336
3,2026-06-06T03:00,24.99419,-122.992294,58.0,336
4,2026-06-06T04:00,24.99419,-122.992294,56.3,333
5,2026-06-06T05:00,24.99419,-122.992294,55.4,330
6,2026-06-06T06:00,24.99419,-122.992294,54.3,329
7,2026-06-06T07:00,24.99419,-122.992294,52.3,328
8,2026-06-06T08:00,24.99419,-122.992294,53.3,329
9,2026-06-06T09:00,24.99419,-122.992294,56.6,328
10,2026-06-06T10:00,24.99419,-122.992294,59.9,327
11,2026-06-06T11:00,24.99419,-122.992294,61.9,324
12,2026-06-06T12:00,24.99419,-122.992294,63.2,321
13,2026-06-06T13:00,24.99419,-122.992294,64.5,317
14,2026-06-06T14:00,24.99419,-122.992294,65.4,313
15,2026-06-06T15:00,24.99419,-122.992294,63.9,310
16,2026-06-06T16:00,24.99419,-122.992294,63.4,307
17,2026-06-06T17:00,24.99419,-122.992294,61.9,306
18,2026-06-06T18:00,24.99419,-122.992294,62.6,302
19,2026-06-06T19:00,24.99419,-122.992294,61.8,299
20,2026-06-06T20:00,24.99419,-122.992294,61.2,298
21,2026-06-06T21:00,24.99419,-122.992294,61.2,298
22,2026-06-06T22:00,24.99419,-122.992294,59.7,300
23,2026-06-06T23:00,24.99419,-122.992294,61.9,302
24,2026-06-07T00:00,24.99419,-122.992294,65.3,302
25,2026-06-07T01:00,24.99419,-122.992294,68.6,303
26,2026-06-07T02:00,24.99419,-122.992294,67.7,300
27,2026-06-07T03:00,24.99419,-122.992294,66.0,295
28,2026-06-07T04:00,24.99419,-122.992294,66.0,289
29,2026-06-07T05:00,24.99419,-122.992294,67.3,286
30,2026-06-07T06:00,24.99419,-122.992294,69.3,284
31,2026-06-07T07:00,24.99419,-122.992294,72.5,282
32,2026-06-07T08:00,24.99419,-122.992294,74.8,282
33,2026-06-07T09:00,24.99419,-122.992294,76.0,282
34,2026-06-07T10:00,24.99419,-122.992294,77.2,282
35,2026-06-07T11:00,24.99419,-122.992294,82.1,282
36,2026-06-07T12:00,24.99419,-122.992294,85.9,282
37,2026-06-07T13:00,24.99419,-122.992294,88.3,282
38,2026-06-07T14:00,24.99419,-122.992294,91.8,281
39,2026-06-07T15:00,24.99419,-122.992294,94.4,282
40,2026-06-07T16:00,24.99419,-122.992294,95.5,282
41,2026-06-07T17:00,24.99419,-122.992294,95.5,282
42,2026-06-07T18:00,24.99419,-122.992294,96.7,281
43,2026-06-07T19:00,24.99419,-122.992294,99.1,281
44,2026-06-07T20:00,24.99419,-122.992294,102.2,279
45,2026-06-07T21:00,24.99419,-122.992294,106.6,278
46,2026-06-07T22:00,24.99419,-122.992294,110.0,277
47,2026-06-07T23:00,24.99419,-122.992294,113.3,275
0,2026-06-06T00:00,25.007305,-117.34529,115.5,4
1,2026-06-06T01:00,25.007305,-117.34529,116.5,2
2,2026-06-06T02:00,25.007305,-117.34529,115.2,359
3,2026-06-06T03:00,25.007305,-117.34529,111.7,358
4,2026-06-06T04:00,25.007305,-117.34529,108.2,356
5,2026-06-06T05:00,25.007305,-117.34529,106.0,355
6,2026-06-06T06:00,25.007305,-117.34529,104.6,356
7,2026-06-06T07:00,25.007305,-117.34529,99.9,356
8,2026-06-06T08:00,25.007305,-117.34529,96.5,354
9,2026-06-06T09:00,25.007305,-117.34529,93.3,352
10,2026-06-06T10:00,25.007305,-117.34529,92.7,350
11,2026-06-06T11:00,25.007305,-117.34529,93.7,350
12,2026-06-06T12:00,25.007305,-117.34529,96.7,349
13,2026-06-06T13:00,25.007305,-117.34529,95.3,349
14,2026-06-06T14:00,25.007305,-117.34529,93.0,349
15,2026-06-06T15:00,25.007305,-117.34529,89.9,347
16,2026-06-06T16:00,25.007305,-117.34529,87.3,347
17,2026-06-06T17:00,25.007305,-117.34529,83.6,348
18,2026-06-06T18:00,25.007305,-117.34529,83.3,345
19,2026-06-06T19:00,25.007305,-117.34529,83.5,342
20,2026-06-06T20:00,25.007305,-117.34529,83.1,340
21,2026-06-06T21:00,25.007305,-117.34529,82.7,341
22,2026-06-06T22:00,25.007305,-117.34529,79.7,342
23,2026-06-06T23:00,25.007305,-117.34529,72.5,344
24,2026-06-07T00:00,25.007305,-117.34529,70.2,340
25,2026-06-07T01:00,25.007305,-117.34529,68.9,337
26,2026-06-07T02:00,25.007305,-117.34529,67.6,335
27,2026-06-07T03:00,25.007305,-117.34529,65.1,337
28,2026-06-07T04:00,25.007305,-117.34529,61.9,338
29,2026-06-07T05:00,25.007305,-117.34529,60.7,335
30,2026-06-07T06:00,25.007305,-117.34529,59.1,336
31,2026-06-07T07:00,25.007305,-117.34529,54.2,332
32,2026-06-07T08:00,25.007305,-117.34529,57.6,324
33,2026-06-07T09:00,25.007305,-117.34529,62.4,322
34,2026-06-07T10:00,25.007305,-117.34529,68.0,318
35,2026-06-07T11:00,25.007305,-117.34529,68.7,314
36,2026-06-07T12:00,25.007305,-117.34529,73.3,310
37,2026-06-07T13:00,25.007305,-117.34529,74.2,309
38,2026-06-07T14:00,25.007305,-117.34529,75.2,309
39,2026-06-07T15:00,25.007305,-117.34529,75.9,305
40,2026-06-07T16:00,25.007305,-117.34529,76.6,302
41,2026-06-07T17:00,25.007305,-117.34529,76.4,300
42,2026-06-07T18:00,25.007305,-117.34529,79.4,297
43,2026-06-07T19:00,25.007305,-117.34529,77.9,295
44,2026-06-07T20:00,25.007305,-117.34529,80.5,290
45,2026-06-07T21:00,25.007305,-117.34529,81.6,290
46,2026-06-07T22:00,25.007305,-117.34529,80.5,290
47,2026-06-07T23:00,25.007305,-117.34529,81.6,290
0,2026-06-06T00:00,25.004723,-111.68081,50.3,327
1,2026-06-06T01:00,25.004723,-111.68081,51.1,330
2,2026-06-06T02:00,25.004723,-111.68081,50.0,330
3,2026-06-06T03:00,25.004723,-111.68081,50.0,336
4,2026-06-06T04:00,25.004723,-111.68081,52.4,344
5,2026-06-06T05:00,25.004723,-111.68081,51.3,344
6,2026-06-06T06:00,25.004723,-111.68081,49.0,343
7,2026-06-06T07:00,25.004723,-111.68081,52.4,344
8,2026-06-06T08:00,25.004723,-111.68081,52.1,345
9,2026-06-06T09:00,25.004723,-111.68081,58.5,345
10,2026-06-06T10:00,25.004723,-111.68081,63.5,345
11,2026-06-06T11:00,25.004723,-111.68081,66.4,347
12,2026-06-06T12:00,25.004723,-111.68081,68.5,349
13,2026-06-06T13:00,25.004723,-111.68081,77.7,351
14,2026-06-06T14:00,25.004723,-111.68081,85.5,355
15,2026-06-06T15:00,25.004723,-111.68081,92.4,359
16,2026-06-06T16:00,25.004723,-111.68081,100.9,2
17,2026-06-06T17:00,25.004723,-111.68081,105.1,7
18,2026-06-06T18:00,25.004723,-111.68081,106.4,7
19,2026-06-06T19:00,25.004723,-111.68081,113.9,8
20,2026-06-06T20:00,25.004723,-111.68081,109.9,6
21,2026-06-06T21:00,25.004723,-111.68081,108.1,3
22,2026-06-06T22:00,25.004723,-111.68081,106.8,359
23,2026-06-06T23:00,25.004723,-111.68081,106.8,359
24,2026-06-07T00:00,25.004723,-111.68081,106.9,357
25,2026-06-07T01:00,25.004723,-111.68081,105.7,357
26,2026-06-07T02:00,25.004723,-111.68081,104.5,358
27,2026-06-07T03:00,25.004723,-111.68081,100.8,359
28,2026-06-07T04:00,25.004723,-111.68081,98.5,357
29,2026-06-07T05:00,25.004723,-111.68081,100.1,354
30,2026-06-07T06:00,25.004723,-111.68081,100.2,354
31,2026-06-07T07:00,25.004723,-111.68081,96.9,352
32,2026-06-07T08:00,25.004723,-111.68081,93.5,347
33,2026-06-07T09:00,25.004723,-111.68081,90.5,345
34,2026-06-07T10:00,25.004723,-111.68081,92.8,346
35,2026-06-07T11:00,25.004723,-111.68081,91.8,343
36,2026-06-07T12:00,25.004723,-111.68081,91.2,344
37,2026-06-07T13:00,25.004723,-111.68081,92.3,339
38,2026-06-07T14:00,25.004723,-111.68081,86.9,340
39,2026-06-07T15:00,25.004723,-111.68081,85.6,338
40,2026-06-07T16:00,25.004723,-111.68081,81.1,336
41,2026-06-07T17:00,25.004723,-111.68081,77.4,336
42,2026-06-07T18:00,25.004723,-111.68081,74.6,334
43,2026-06-07T19:00,25.004723,-111.68081,73.0,333
44,2026-06-07T20:00,25.004723,-111.68081,71.4,333
45,2026-06-07T21:00,25.004723,-111.68081,67.6,327
46,2026-06-07T22:00,25.004723,-111.68081,73.0,324
47,2026-06-07T23:00,25.004723,-111.68081,69.9,321
0,2026-06-06T00:00,25.005733,-106.012535,90.3,234
1,2026-06-06T01:00,25.005733,-106.012535,81.6,234
2,2026-06-06T02:00,25.005733,-106.012535,82.3,233
3,2026-06-06T03:00,25.005733,-106.012535,78.3,234
4,2026-06-06T04:00,25.005733,-106.012535,77.3,234
5,2026-06-06T05:00,25.005733,-106.012535,75.0,230
6,2026-06-06T06:00,25.005733,-106.012535,76.7,230
7,2026-06-06T07:00,25.005733,-106.012535,80.8,229
8,2026-06-06T08:00,25.005733,-106.012535,82.4,228
9,2026-06-06T09:00,25.005733,-106.012535,80.7,228
10,2026-06-06T10:00,25.005733,-106.012535,79.0,228
11,2026-06-06T11:00,25.005733,-106.012535,75.6,227
12,2026-06-06T12:00,25.005733,-106.012535,73.0,226
13,2026-06-06T13:00,25.005733,-106.012535,73.8,226
14,2026-06-06T14:00,25.005733,-106.012535,75.5,226
15,2026-06-06T15:00,25.005733,-106.012535,79.8,225
16,2026-06-06T16:00,25.005733,-106.012535,81.5,223
17,2026-06-06T17:00,25.005733,-106.012535,84.2,221
18,2026-06-06T18:00,25.005733,-106.012535,85.3,219
19,2026-06-06T19:00,25.005733,-106.012535,87.6,216
20,2026-06-06T20:00,25.005733,-106.012535,92.5,214
21,2026-06-06T21:00,25.005733,-106.012535,93.6,216
22,2026-06-06T22:00,25.005733,-106.012535,101.9,214
23,2026-06-06T23:00,25.005733,-106.012535,101.8,218
24,2026-06-07T00:00,25.005733,-106.012535,99.9,219
25,2026-06-07T01:00,25.005733,-106.012535,99.0,219
26,2026-06-07T02:00,25.005733,-106.012535,97.9,221
27,2026-06-07T03:00,25.005733,-106.012535,96.2,220
28,2026-06-07T04:00,25.005733,-106.012535,95.1,223
29,2026-06-07T05:00,25.005733,-106.012535,90.8,223
30,2026-06-07T06:00,25.005733,-106.012535,84.0,223
31,2026-06-07T07:00,25.005733,-106.012535,80.7,223
32,2026-06-07T08:00,25.005733,-106.012535,78.1,224
33,2026-06-07T09:00,25.005733,-106.012535,67.3,230
34,2026-06-07T10:00,25.005733,-106.012535,57.6,234
35,2026-06-07T11:00,25.005733,-106.012535,47.3,234
36,2026-06-07T12:00,25.005733,-106.012535,47.5,227
37,2026-06-07T13:00,25.005733,-106.012535,45.0,228
38,2026-06-07T14:00,25.005733,-106.012535,40.8,227
39,2026-06-07T15:00,25.005733,-106.012535,32.6,234
40,2026-06-07T16:00,25.005733,-106.012535,34.0,228
41,2026-06-07T17:00,25.005733,-106.012535,42.5,227
42,2026-06-07T18:00,25.005733,-106.012535,40.6,236
43,2026-06-07T19:00,25.005733,-106.012535,31.5,252
44,2026-06-07T20:00,25.005733,-106.012535,21.7,264
45,2026-06-07T21:00,25.005733,-106.012535,16.8,274
46,2026-06-07T22:00,25.005733,-106.012535,16.3,287
47,2026-06-07T23:00,25.005733,-106.012535,17.3,326
0,2026-06-06T00:00,25.007004,-100.34736,117.5,212
1,2026-06-06T01:00,25.007004,-100.34736,110.7,210
2,2026-06-06T02:00,25.007004,-100.34736,105.9,215
3,2026-06-06T03:00,25.007004,-100.34736,108.5,218
4,2026-06-06T04:00,25.007004,-100.34736,111.4,221
5,2026-06-06T05:00,25.007004,-100.34736,111.2,223
6,2026-06-06T06:00,25.007004,-100.34736,110.3,224
7,2026-06-06T07:00,25.007004,-100.34736,110.3,226
8,2026-06-06T08:00,25.007004,-100.34736,112.9,227
9,2026-06-06T09:00,25.007004,-100.34736,114.6,227
10,2026-06-06T10:00,25.007004,-100.34736,113.8,228
11,2026-06-06T11:00,25.007004,-100.34736,111.5,230
12,2026-06-06T12:00,25.007004,-100.34736,112.5,230
13,2026-06-06T13:00,25.007004,-100.34736,111.9,232
14,2026-06-06T14:00,25.007004,-100.34736,113.0,233
15,2026-06-06T15:00,25.007004,-100.34736,114.0,233
16,2026-06-06T16:00,25.007004,-100.34736,115.5,232
17,2026-06-06T17:00,25.007004,-100.34736,116.9,231
18,2026-06-06T18:00,25.007004,-100.34736,115.7,229
19,2026-06-06T19:00,25.007004,-100.34736,113.8,227
20,2026-06-06T20:00,25.007004,-100.34736,106.9,225
21,2026-06-06T21:00,25.007004,-100.34736,103.6,222
22,2026-06-06T22:00,25.007004,-100.34736,96.8,227
23,2026-06-06T23:00,25.007004,-100.34736,94.6,219
24,2026-06-07T00:00,25.007004,-100.34736,94.2,214
25,2026-06-07T01:00,25.007004,-100.34736,92.0,211
26,2026-06-07T02:00,25.007004,-100.34736,98.2,215
27,2026-06-07T03:00,25.007004,-100.34736,99.1,218
28,2026-06-07T04:00,25.007004,-100.34736,99.6,221
29,2026-06-07T05:00,25.007004,-100.34736,96.3,219
30,2026-06-07T06:00,25.007004,-100.34736,91.3,219
31,2026-06-07T07:00,25.007004,-100.34736,91.3,219
32,2026-06-07T08:00,25.007004,-100.34736,90.9,222
33,2026-06-07T09:00,25.007004,-100.34736,94.2,224
34,2026-06-07T10:00,25.007004,-100.34736,96.8,223
35,2026-06-07T11:00,25.007004,-100.34736,94.4,221
36,2026-06-07T12:00,25.007004,-100.34736,88.5,221
37,2026-06-07T13:00,25.007004,-100.34736,83.0,217
38,2026-06-07T14:00,25.007004,-100.34736,81.6,216
39,2026-06-07T15:00,25.007004,-100.34736,82.6,216
40,2026-06-07T16:00,25.007004,-100.34736,84.3,216
41,2026-06-07T17:00,25.007004,-100.34736,83.6,215
42,2026-06-07T18:00,25.007004,-100.34736,82.2,214
43,2026-06-07T19:00,25.007004,-100.34736,82.6,213
44,2026-06-07T20:00,25.007004,-100.34736,82.2,214
45,2026-06-07T21:00,25.007004,-100.34736,82.2,214
46,2026-06-07T22:00,25.007004,-100.34736,80.9,215
47,2026-06-07T23:00,25.007004,-100.34736,78.7,218
0,2026-06-06T00:00,25.007318,-94.663826,49.7,233
1,2026-06-06T01:00,25.007318,-94.663826,55.4,240
2,2026-06-06T02:00,25.007318,-94.663826,51.4,233
3,2026-06-06T03:00,25.007318,-94.663826,51.6,234
4,2026-06-06T04:00,25.007318,-94.663826,47.3,234
5,2026-06-06T05:00,25.007318,-94.663826,47.8,231
6,2026-06-06T06:00,25.007318,-94.663826,49.2,227
7,2026-06-06T07:00,25.007318,-94.663826,48.4,226
8,2026-06-06T08:00,25.007318,-94.663826,50.9,223
9,2026-06-06T09:00,25.007318,-94.663826,52.6,225
10,2026-06-06T10:00,25.007318,-94.663826,52.7,229
11,2026-06-06T11:00,25.007318,-94.663826,50.1,228
12,2026-06-06T12:00,25.007318,-94.663826,44.2,227
13,2026-06-06T13:00,25.007318,-94.663826,45.9,237
14,2026-06-06T14:00,25.007318,-94.663826,52.6,243
15,2026-06-06T15:00,25.007318,-94.663826,58.2,248
16,2026-06-06T16:00,25.007318,-94.663826,58.6,247
17,2026-06-06T17:00,25.007318,-94.663826,58.2,248
18,2026-06-06T18:00,25.007318,-94.663826,58.2,248
19,2026-06-06T19:00,25.007318,-94.663826,59.1,246
20,2026-06-06T20:00,25.007318,-94.663826,53.9,253
21,2026-06-06T21:00,25.007318,-94.663826,54.7,255
22,2026-06-06T22:00,25.007318,-94.663826,59.0,243
23,2026-06-06T23:00,25.007318,-94.663826,50.5,245
24,2026-06-07T00:00,25.007318,-94.663826,47.5,254
25,2026-06-07T01:00,25.007318,-94.663826,44.8,254
26,2026-06-07T02:00,25.007318,-94.663826,45.2,253
27,2026-06-07T03:00,25.007318,-94.663826,45.9,250
28,2026-06-07T04:00,25.007318,-94.663826,43.0,247
29,2026-06-07T05:00,25.007318,-94.663826,39.7,245
30,2026-06-07T06:00,25.007318,-94.663826,39.2,243
31,2026-06-07T07:00,25.007318,-94.663826,38.8,248
32,2026-06-07T08:00,25.007318,-94.663826,38.7,254
33,2026-06-07T09:00,25.007318,-94.663826,37.0,257
34,2026-06-07T10:00,25.007318,-94.663826,36.1,255
35,2026-06-07T11:00,25.007318,-94.663826,33.4,249
36,2026-06-07T12:00,25.007318,-94.663826,33.6,235
37,2026-06-07T13:00,25.007318,-94.663826,34.0,222
38,2026-06-07T14:00,25.007318,-94.663826,37.5,230
39,2026-06-07T15:00,25.007318,-94.663826,37.4,228
40,2026-06-07T16:00,25.007318,-94.663826,34.0,228
41,2026-06-07T17:00,25.007318,-94.663826,31.7,233
42,2026-06-07T18:00,25.007318,-94.663826,30.3,236
43,2026-06-07T19:00,25.007318,-94.663826,27.6,236
44,2026-06-07T20:00,25.007318,-94.663826,26.0,236
45,2026-06-07T21:00,25.007318,-94.663826,26.3,227
46,2026-06-07T22:00,25.007318,-94.663826,27.6,214
47,2026-06-07T23:00,25.007318,-94.663826,28.4,208
0,2026-06-06T00:00,25.006662,-88.99861,56.1,318
1,2026-06-06T01:00,25.006662,-88.99861,59.4,313
2,2026-06-06T02:00,25.006662,-88.99861,57.7,317
3,2026-06-06T03:00,25.006662,-88.99861,49.2,313
4,2026-06-06T04:00,25.006662,-88.99861,46.7,312
5,2026-06-06T05:00,25.006662,-88.99861,45.9,311
6,2026-06-06T06:00,25.006662,-88.99861,43.5,309
7,2026-06-06T07:00,25.006662,-88.99861,38.4,309
8,2026-06-06T08:00,25.006662,-88.99861,36.3,304
9,2026-06-06T09:00,25.006662,-88.99861,34.0,302
10,2026-06-06T10:00,25.006662,-88.99861,35.0,301
11,2026-06-06T11:00,25.006662,-88.99861,34.3,306
12,2026-06-06T12:00,25.006662,-88.99861,37.5,310
13,2026-06-06T13:00,25.006662,-88.99861,35.8,320
14,2026-06-06T14:00,25.006662,-88.99861,35.6,327
15,2026-06-06T15:00,25.006662,-88.99861,30.3,326
16,2026-06-06T16:00,25.006662,-88.99861,25.2,335
17,2026-06-06T17:00,25.006662,-88.99861,23.6,336
18,2026-06-06T18:00,25.006662,-88.99861,18.8,333
19,2026-06-06T19:00,25.006662,-88.99861,19.0,325
20,2026-06-06T20:00,25.006662,-88.99861,22.1,319
21,2026-06-06T21:00,25.006662,-88.99861,21.2,317
22,2026-06-06T22:00,25.006662,-88.99861,29.5,333
23,2026-06-06T23:00,25.006662,-88.99861,31.7,323
24,2026-06-07T00:00,25.006662,-88.99861,26.8,333
25,2026-06-07T01:00,25.006662,-88.99861,26.3,336
26,2026-06-07T02:00,25.006662,-88.99861,27.0,339
27,2026-06-07T03:00,25.006662,-88.99861,30.1,337
28,2026-06-07T04:00,25.006662,-88.99861,28.1,340
29,2026-06-07T05:00,25.006662,-88.99861,27.4,345
30,2026-06-07T06:00,25.006662,-88.99861,29.2,351
31,2026-06-07T07:00,25.006662,-88.99861,29.2,351
32,2026-06-07T08:00,25.006662,-88.99861,31.1,332
33,2026-06-07T09:00,25.006662,-88.99861,31.5,342
34,2026-06-07T10:00,25.006662,-88.99861,32.8,352
35,2026-06-07T11:00,25.006662,-88.99861,31.3,356
36,2026-06-07T12:00,25.006662,-88.99861,28.8,358
37,2026-06-07T13:00,25.006662,-88.99861,26.4,357
38,2026-06-07T14:00,25.006662,-88.99861,30.0,358
39,2026-06-07T15:00,25.006662,-88.99861,30.0,2
40,2026-06-07T16:00,25.006662,-88.99861,30.0,2
41,2026-06-07T17:00,25.006662,-88.99861,30.1,5
42,2026-06-07T18:00,25.006662,-88.99861,28.9,355
43,2026-06-07T19:00,25.006662,-88.99861,26.8,350
44,2026-06-07T20:00,25.006662,-88.99861,25.2,357
45,2026-06-07T21:00,25.006662,-88.99861,22.8,3
46,2026-06-07T22:00,25.006662,-88.99861,22.8,18
47,2026-06-07T23:00,25.006662,-88.99861,25.4,19
0,2026-06-06T00:00,25.006279,-83.330246,40.3,323
1,2026-06-06T01:00,25.006279,-83.330246,57.5,331
2,2026-06-06T02:00,25.006279,-83.330246,75.9,329
3,2026-06-06T03:00,25.006279,-83.330246,85.9,333
4,2026-06-06T04:00,25.006279,-83.330246,96.1,340
5,2026-06-06T05:00,25.006279,-83.330246,99.9,344
6,2026-06-06T06:00,25.006279,-83.330246,97.3,344
7,2026-06-06T07:00,25.006279,-83.330246,100.7,345
8,2026-06-06T08:00,25.006279,-83.330246,106.8,345
9,2026-06-06T09:00,25.006279,-83.330246,103.9,346
10,2026-06-06T10:00,25.006279,-83.330246,105.4,348
11,2026-06-06T11:00,25.006279,-83.330246,105.9,350
12,2026-06-06T12:00,25.006279,-83.330246,104.4,351
13,2026-06-06T13:00,25.006279,-83.330246,93.7,357
14,2026-06-06T14:00,25.006279,-83.330246,88.8,1
15,2026-06-06T15:00,25.006279,-83.330246,86.4,359
16,2026-06-06T16:00,25.006279,-83.330246,82.8,1
17,2026-06-06T17:00,25.006279,-83.330246,81.6,1
18,2026-06-06T18:00,25.006279,-83.330246,80.4,360
19,2026-06-06T19:00,25.006279,-83.330246,79.4,4
20,2026-06-06T20:00,25.006279,-83.330246,75.0,7
21,2026-06-06T21:00,25.006279,-83.330246,74.9,6
22,2026-06-06T22:00,25.006279,-83.330246,84.3,5
23,2026-06-06T23:00,25.006279,-83.330246,83.1,5
24,2026-06-07T00:00,25.006279,-83.330246,81.9,11
25,2026-06-07T01:00,25.006279,-83.330246,78.9,13
26,2026-06-07T02:00,25.006279,-83.330246,79.8,16
27,2026-06-07T03:00,25.006279,-83.330246,74.4,18
28,2026-06-07T04:00,25.006279,-83.330246,71.0,19
29,2026-06-07T05:00,25.006279,-83.330246,69.5,21
30,2026-06-07T06:00,25.006279,-83.330246,67.8,23
31,2026-06-07T07:00,25.006279,-83.330246,64.5,24
32,2026-06-07T08:00,25.006279,-83.330246,63.8,20
33,2026-06-07T09:00,25.006279,-83.330246,57.0,22
34,2026-06-07T10:00,25.006279,-83.330246,49.9,27
35,2026-06-07T11:00,25.006279,-83.330246,48.4,30
36,2026-06-07T12:00,25.006279,-83.330246,43.3,34
37,2026-06-07T13:00,25.006279,-83.330246,44.6,36
38,2026-06-07T14:00,25.006279,-83.330246,43.9,35
39,2026-06-07T15:00,25.006279,-83.330246,38.7,30
40,2026-06-07T16:00,25.006279,-83.330246,33.8,27
41,2026-06-07T17:00,25.006279,-83.330246,36.1,21
42,2026-06-07T18:00,25.006279,-83.330246,35.7,20
43,2026-06-07T19:00,25.006279,-83.330246,43.4,14
44,2026-06-07T20:00,25.006279,-83.330246,50.9,19
45,2026-06-07T21:00,25.006279,-83.330246,50.1,21
46,2026-06-07T22:00,25.006279,-83.330246,56.2,20
47,2026-06-07T23:00,25.006279,-83.330246,55.5,22
0,2026-06-06T00:00,25.009476,-77.66565,42.3,263
1,2026-06-06T01:00,25.009476,-77.66565,45.7,267
2,2026-06-06T02:00,25.009476,-77.66565,43.1,283
3,2026-06-06T03:00,25.009476,-77.66565,36.5,279
4,2026-06-06T04:00,25.009476,-77.66565,38.6,275
5,2026-06-06T05:00,25.009476,-77.66565,41.7,282
6,2026-06-06T06:00,25.009476,-77.66565,44.8,290
7,2026-06-06T07:00,25.009476,-77.66565,44.0,296
8,2026-06-06T08:00,25.009476,-77.66565,42.4,295
9,2026-06-06T09:00,25.009476,-77.66565,45.3,302
10,2026-06-06T10:00,25.009476,-77.66565,37.4,318
11,2026-06-06T11:00,25.009476,-77.66565,31.0,324
12,2026-06-06T12:00,25.009476,-77.66565,28.0,317
13,2026-06-06T13:00,25.009476,-77.66565,25.0,325
14,2026-06-06T14:00,25.009476,-77.66565,24.1,333
15,2026-06-06T15:00,25.009476,-77.66565,18.6,345
16,2026-06-06T16:00,25.009476,-77.66565,21.7,6
17,2026-06-06T17:00,25.009476,-77.66565,24.3,20
18,2026-06-06T18:00,25.009476,-77.66565,29.0,30
19,2026-06-06T19:00,25.009476,-77.66565,30.8,21
20,2026-06-06T20:00,25.009476,-77.66565,29.2,19
21,2026-06-06T21:00,25.009476,-77.66565,31.5,18
22,2026-06-06T22:00,25.009476,-77.66565,29.0,24
23,2026-06-06T23:00,25.009476,-77.66565,31.2,23
24,2026-06-07T00:00,25.009476,-77.66565,36.1,21
25,2026-06-07T01:00,25.009476,-77.66565,38.3,20
26,2026-06-07T02:00,25.009476,-77.66565,41.0,21
27,2026-06-07T03:00,25.009476,-77.66565,42.1,20
28,2026-06-07T04:00,25.009476,-77.66565,43.7,21
29,2026-06-07T05:00,25.009476,-77.66565,44.4,19
30,2026-06-07T06:00,25.009476,-77.66565,45.5,18
31,2026-06-07T07:00,25.009476,-77.66565,47.8,12
32,2026-06-07T08:00,25.009476,-77.66565,53.5,20
33,2026-06-07T09:00,25.009476,-77.66565,52.8,17
34,2026-06-07T10:00,25.009476,-77.66565,51.7,22
35,2026-06-07T11:00,25.009476,-77.66565,55.3,27
36,2026-06-07T12:00,25.009476,-77.66565,60.1,29
37,2026-06-07T13:00,25.009476,-77.66565,66.7,30
38,2026-06-07T14:00,25.009476,-77.66565,68.9,31
39,2026-06-07T15:00,25.009476,-77.66565,58.3,37
40,2026-06-07T16:00,25.009476,-77.66565,50.4,38
41,2026-06-07T17:00,25.009476,-77.66565,48.3,35
42,2026-06-07T18:00,25.009476,-77.66565,54.3,31
43,2026-06-07T19:00,25.009476,-77.66565,56.4,24
44,2026-06-07T20:00,25.009476,-77.66565,49.5,23
45,2026-06-07T21:00,25.009476,-77.66565,36.8,19
46,2026-06-07T22:00,25.009476,-77.66565,33.2,13
47,2026-06-07T23:00,25.009476,-77.66565,31.9,20
0,2026-06-06T00:00,24.989779,-71.990585,56.9,245
1,2026-06-06T01:00,24.989779,-71.990585,53.7,243
2,2026-06-06T02:00,24.989779,-71.990585,57.6,239
3,2026-06-06T03:00,24.989779,-71.990585,45.6,243
4,2026-06-06T04:00,24.989779,-71.990585,48.8,242
5,2026-06-06T05:00,24.989779,-71.990585,46.8,247
6,2026-06-06T06:00,24.989779,-71.990585,47.3,246
7,2026-06-06T07:00,24.989779,-71.990585,46.8,247
8,2026-06-06T08:00,24.989779,-71.990585,46.2,242
9,2026-06-06T09:00,24.989779,-71.990585,47.3,234
10,2026-06-06T10:00,24.989779,-71.990585,49.0,234
11,2026-06-06T11:00,24.989779,-71.990585,45.6,235
12,2026-06-06T12:00,24.989779,-71.990585,44.4,232
13,2026-06-06T13:00,24.989779,-71.990585,46.7,226
14,2026-06-06T14:00,24.989779,-71.990585,44.2,223
15,2026-06-06T15:00,24.989779,-71.990585,43.3,222
16,2026-06-06T16:00,24.989779,-71.990585,41.6,224
17,2026-06-06T17:00,24.989779,-71.990585,41.6,226
18,2026-06-06T18:00,24.989779,-71.990585,45.8,225
19,2026-06-06T19:00,24.989779,-71.990585,45.9,221
20,2026-06-06T20:00,24.989779,-71.990585,49.7,217
21,2026-06-06T21:00,24.989779,-71.990585,51.9,220
22,2026-06-06T22:00,24.989779,-71.990585,39.9,237
23,2026-06-06T23:00,24.989779,-71.990585,37.7,233
24,2026-06-07T00:00,24.989779,-71.990585,38.6,234
25,2026-06-07T01:00,24.989779,-71.990585,42.3,235
26,2026-06-07T02:00,24.989779,-71.990585,39.7,245
27,2026-06-07T03:00,24.989779,-71.990585,39.5,250
28,2026-06-07T04:00,24.989779,-71.990585,44.5,243
29,2026-06-07T05:00,24.989779,-71.990585,45.7,247
30,2026-06-07T06:00,24.989779,-71.990585,44.6,246
31,2026-06-07T07:00,24.989779,-71.990585,36.7,259
32,2026-06-07T08:00,24.989779,-71.990585,35.3,260
33,2026-06-07T09:00,24.989779,-71.990585,41.0,255
34,2026-06-07T10:00,24.989779,-71.990585,37.7,261
35,2026-06-07T11:00,24.989779,-71.990585,37.4,264
36,2026-06-07T12:00,24.989779,-71.990585,32.8,262
37,2026-06-07T13:00,24.989779,-71.990585,31.2,254
38,2026-06-07T14:00,24.989779,-71.990585,33.8,253
39,2026-06-07T15:00,24.989779,-71.990585,33.8,253
40,2026-06-07T16:00,24.989779,-71.990585,29.7,256
41,2026-06-07T17:00,24.989779,-71.990585,25.8,248
42,2026-06-07T18:00,24.989779,-71.990585,27.0,249
43,2026-06-07T19:00,24.989779,-71.990585,31.7,245
44,2026-06-07T20:00,24.989779,-71.990585,39.2,247
45,2026-06-07T21:00,24.989779,-71.990585,37.9,252
46,2026-06-07T22:00,24.989779,-71.990585,37.0,257
47,2026-06-07T23:00,24.989779,-71.990585,31.3,274
0,2026-06-06T00:00,24.99121,-66.361664,29.5,243
1,2026-06-06T01:00,24.99121,-66.361664,25.5,225
2,2026-06-06T02:00,24.99121,-66.361664,32.2,225
3,2026-06-06T03:00,24.99121,-66.361664,35.0,248
4,2026-06-06T04:00,24.99121,-66.361664,36.2,276
5,2026-06-06T05:00,24.99121,-66.361664,28.8,287
6,2026-06-06T06:00,24.99121,-66.361664,26.2,286
7,2026-06-06T07:00,24.99121,-66.361664,28.0,280
8,2026-06-06T08:00,24.99121,-66.361664,34.8,272
9,2026-06-06T09:00,24.99121,-66.361664,34.9,266
10,2026-06-06T10:00,24.99121,-66.361664,38.4,268
11,2026-06-06T11:00,24.99121,-66.361664,40.9,267
12,2026-06-06T12:00,24.99121,-66.361664,45.6,268
13,2026-06-06T13:00,24.99121,-66.361664,49.3,267
14,2026-06-06T14:00,24.99121,-66.361664,48.5,261
15,2026-06-06T15:00,24.99121,-66.361664,48.0,257
16,2026-06-06T16:00,24.99121,-66.361664,47.2,255
17,2026-06-06T17:00,24.99121,-66.361664,46.9,257
18,2026-06-06T18:00,24.99121,-66.361664,44.0,259
19,2026-06-06T19:00,24.99121,-66.361664,40.5,258
20,2026-06-06T20:00,24.99121,-66.361664,40.5,258
21,2026-06-06T21:00,24.99121,-66.361664,43.3,265
22,2026-06-06T22:00,24.99121,-66.361664,46.9,273
23,2026-06-06T23:00,24.99121,-66.361664,47.5,280
24,2026-06-07T00:00,24.99121,-66.361664,48.0,283
25,2026-06-07T01:00,24.99121,-66.361664,46.0,285
26,2026-06-07T02:00,24.99121,-66.361664,45.0,279
27,2026-06-07T03:00,24.99121,-66.361664,48.1,274
28,2026-06-07T04:00,24.99121,-66.361664,46.9,274
29,2026-06-07T05:00,24.99121,-66.361664,46.8,270
30,2026-06-07T06:00,24.99121,-66.361664,48.2,264
31,2026-06-07T07:00,24.99121,-66.361664,49.4,264
32,2026-06-07T08:00,24.99121,-66.361664,49.4,264
33,2026-06-07T09:00,24.99121,-66.361664,50.5,267
34,2026-06-07T10:00,24.99121,-66.361664,50.4,270
35,2026-06-07T11:00,24.99121,-66.361664,46.8,271
36,2026-06-07T12:00,24.99121,-66.361664,44.4,270
37,2026-06-07T13:00,24.99121,-66.361664,44.5,267
38,2026-06-07T14:00,24.99121,-66.361664,44.4,268
39,2026-06-07T15:00,24.99121,-66.361664,44.4,270
40,2026-06-07T16:00,24.99121,-66.361664,42.1,273
41,2026-06-07T17:00,24.99121,-66.361664,40.8,270
42,2026-06-07T18:00,24.99121,-66.361664,38.5,266
43,2026-06-07T19:00,24.99121,-66.361664,36.1,266
44,2026-06-07T20:00,24.99121,-66.361664,33.6,272
45,2026-06-07T21:00,24.99121,-66.361664,33.0,280
46,2026-06-07T22:00,24.99121,-66.361664,30.2,277
47,2026-06-07T23:00,24.99121,-66.361664,31.2,270
0,2026-06-06T00:00,24.99121,-60.645844,13.4,297
1,2026-06-06T01:00,24.99121,-60.645844,14.5,294
2,2026-06-06T02:00,24.99121,-60.645844,17.5,286
3,2026-06-06T03:00,24.99121,-60.645844,18.4,281
4,2026-06-06T04:00,24.99121,-60.645844,18.0,274
5,2026-06-06T05:00,24.99121,-60.645844,18.0,270
6,2026-06-06T06:00,24.99121,-60.645844,21.6,270
7,2026-06-06T07:00,24.99121,-60.645844,25.2,273
8,2026-06-06T08:00,24.99121,-60.645844,25.2,273
9,2026-06-06T09:00,24.99121,-60.645844,25.2,270
10,2026-06-06T10:00,24.99121,-60.645844,26.4,270
11,2026-06-06T11:00,24.99121,-60.645844,25.3,265
12,2026-06-06T12:00,24.99121,-60.645844,30.0,268
13,2026-06-06T13:00,24.99121,-60.645844,32.4,272
14,2026-06-06T14:00,24.99121,-60.645844,34.8,272
15,2026-06-06T15:00,24.99121,-60.645844,39.9,277
16,2026-06-06T16:00,24.99121,-60.645844,37.9,281
17,2026-06-06T17:00,24.99121,-60.645844,41.2,278
18,2026-06-06T18:00,24.99121,-60.645844,45.6,270
19,2026-06-06T19:00,24.99121,-60.645844,47.0,264
20,2026-06-06T20:00,24.99121,-60.645844,43.3,267
21,2026-06-06T21:00,24.99121,-60.645844,39.9,277
22,2026-06-06T22:00,24.99121,-60.645844,40.2,280
23,2026-06-06T23:00,24.99121,-60.645844,43.6,278
24,2026-06-07T00:00,24.99121,-60.645844,43.6,278
25,2026-06-07T01:00,24.99121,-60.645844,46.6,282
26,2026-06-07T02:00,24.99121,-60.645844,49.5,284
27,2026-06-07T03:00,24.99121,-60.645844,48.3,284
28,2026-06-07T04:00,24.99121,-60.645844,49.8,285
29,2026-06-07T05:00,24.99121,-60.645844,48.3,284
30,2026-06-07T06:00,24.99121,-60.645844,43.4,284
31,2026-06-07T07:00,24.99121,-60.645844,41.0,285
32,2026-06-07T08:00,24.99121,-60.645844,43.7,286
33,2026-06-07T09:00,24.99121,-60.645844,46.3,287
34,2026-06-07T10:00,24.99121,-60.645844,48.2,289
35,2026-06-07T11:00,24.99121,-60.645844,46.7,288
36,2026-06-07T12:00,24.99121,-60.645844,47.2,285
37,2026-06-07T13:00,24.99121,-60.645844,46.9,283
38,2026-06-07T14:00,24.99121,-60.645844,46.9,283
39,2026-06-07T15:00,24.99121,-60.645844,45.7,284
40,2026-06-07T16:00,24.99121,-60.645844,46.6,282
41,2026-06-07T17:00,24.99121,-60.645844,50.1,281
42,2026-06-07T18:00,24.99121,-60.645844,51.8,283
43,2026-06-07T19:00,24.99121,-60.645844,57.7,287
44,2026-06-07T20:00,24.99121,-60.645844,58.8,287
45,2026-06-07T21:00,24.99121,-60.645844,57.4,286
46,2026-06-07T22:00,24.99121,-60.645844,56.9,288
47,2026-06-07T23:00,24.99121,-60.645844,57.0,292
0,2026-06-06T00:00,24.99121,-55.026917,26.8,27
1,2026-06-06T01:00,24.99121,-55.026917,29.0,30
2,2026-06-06T02:00,24.99121,-55.026917,30.7,31
3,2026-06-06T03:00,24.99121,-55.026917,31.3,32
4,2026-06-06T04:00,24.99121,-55.026917,30.7,31
5,2026-06-06T05:00,24.99121,-55.026917,29.5,27
6,2026-06-06T06:00,24.99121,-55.026917,29.2,19
7,2026-06-06T07:00,24.99121,-55.026917,29.7,14
8,2026-06-06T08:00,24.99121,-55.026917,30.9,13
9,2026-06-06T09:00,24.99121,-55.026917,30.6,11
10,2026-06-06T10:00,24.99121,-55.026917,31.4,7
11,2026-06-06T11:00,24.99121,-55.026917,32.5,4
12,2026-06-06T12:00,24.99121,-55.026917,32.4,2
13,2026-06-06T13:00,24.99121,-55.026917,32.4,358
14,2026-06-06T14:00,24.99121,-55.026917,32.5,356
15,2026-06-06T15:00,24.99121,-55.026917,32.8,352
16,2026-06-06T16:00,24.99121,-55.026917,33.0,350
17,2026-06-06T17:00,24.99121,-55.026917,32.8,352
18,2026-06-06T18:00,24.99121,-55.026917,33.2,347
19,2026-06-06T19:00,24.99121,-55.026917,33.5,345
20,2026-06-06T20:00,24.99121,-55.026917,31.9,340
21,2026-06-06T21:00,24.99121,-55.026917,28.4,332
22,2026-06-06T22:00,24.99121,-55.026917,26.6,324
23,2026-06-06T23:00,24.99121,-55.026917,27.2,311
24,2026-06-07T00:00,24.99121,-55.026917,31.3,302
25,2026-06-07T01:00,24.99121,-55.026917,32.2,297
26,2026-06-07T02:00,24.99121,-55.026917,39.9,303
27,2026-06-07T03:00,24.99121,-55.026917,33.4,308
28,2026-06-07T04:00,24.99121,-55.026917,30.7,301
29,2026-06-07T05:00,24.99121,-55.026917,40.8,294
30,2026-06-07T06:00,24.99121,-55.026917,42.4,295
31,2026-06-07T07:00,24.99121,-55.026917,43.0,300
32,2026-06-07T08:00,24.99121,-55.026917,44.3,303
33,2026-06-07T09:00,24.99121,-55.026917,45.1,299
34,2026-06-07T10:00,24.99121,-55.026917,45.6,297
35,2026-06-07T11:00,24.99121,-55.026917,44.6,294
36,2026-06-07T12:00,24.99121,-55.026917,43.7,291
37,2026-06-07T13:00,24.99121,-55.026917,47.8,288
38,2026-06-07T14:00,24.99121,-55.026917,48.6,286
39,2026-06-07T15:00,24.99121,-55.026917,49.5,284
40,2026-06-07T16:00,24.99121,-55.026917,50.1,287
41,2026-06-07T17:00,24.99121,-55.026917,49.7,290
42,2026-06-07T18:00,24.99121,-55.026917,49.5,293
43,2026-06-07T19:00,24.99121,-55.026917,50.0,294
44,2026-06-07T20:00,24.99121,-55.026917,48.3,297
45,2026-06-07T21:00,24.99121,-55.026917,47.8,298
46,2026-06-07T22:00,24.99121,-55.026917,45.1,299
47,2026-06-07T23:00,24.99121,-55.026917,39.7,295
0,2026-06-06T00:00,29.349735,-140.0346,100.2,212
1,2026-06-06T01:00,29.349735,-140.0346,96.3,216
2,2026-06-06T02:00,29.349735,-140.0346,88.7,220
3,2026-06-06T03:00,29.349735,-140.0346,85.8,222
4,2026-06-06T04:00,29.349735,-140.0346,81.5,224
5,2026-06-06T05:00,29.349735,-140.0346,81.5,224
6,2026-06-06T06:00,29.349735,-140.0346,80.6,224
7,2026-06-06T07:00,29.349735,-140.0346,77.2,226
8,2026-06-06T08:00,29.349735,-140.0346,69.8,229
9,2026-06-06T09:00,29.349735,-140.0346,59.3,234
10,2026-06-06T10:00,29.349735,-140.0346,47.3,240
11,2026-06-06T11:00,29.349735,-140.0346,36.1,249
12,2026-06-06T12:00,29.349735,-140.0346,28.0,260
13,2026-06-06T13:00,29.349735,-140.0346,24.3,279
14,2026-06-06T14:00,29.349735,-140.0346,26.4,309
15,2026-06-06T15:00,29.349735,-140.0346,34.6,340
16,2026-06-06T16:00,29.349735,-140.0346,41.4,350
17,2026-06-06T17:00,29.349735,-140.0346,48.0,347
18,2026-06-06T18:00,29.349735,-140.0346,49.0,343
19,2026-06-06T19:00,29.349735,-140.0346,44.7,329
20,2026-06-06T20:00,29.349735,-140.0346,43.3,318
21,2026-06-06T21:00,29.349735,-140.0346,45.0,312
22,2026-06-06T22:00,29.349735,-140.0346,45.4,307
23,2026-06-06T23:00,29.349735,-140.0346,40.3,300
24,2026-06-07T00:00,29.349735,-140.0346,40.8,294
25,2026-06-07T01:00,29.349735,-140.0346,38.1,298
26,2026-06-07T02:00,29.349735,-140.0346,34.3,306
27,2026-06-07T03:00,29.349735,-140.0346,31.7,323
28,2026-06-07T04:00,29.349735,-140.0346,31.5,342
29,2026-06-07T05:00,29.349735,-140.0346,32.6,354
30,2026-06-07T06:00,29.349735,-140.0346,38.9,351
31,2026-06-07T07:00,29.349735,-140.0346,46.9,4
32,2026-06-07T08:00,29.349735,-140.0346,48.8,28
33,2026-06-07T09:00,29.349735,-140.0346,53.6,34
34,2026-06-07T10:00,29.349735,-140.0346,50.4,38
35,2026-06-07T11:00,29.349735,-140.0346,62.9,35
36,2026-06-07T12:00,29.349735,-140.0346,60.3,35
37,2026-06-07T13:00,29.349735,-140.0346,53.3,31
38,2026-06-07T14:00,29.349735,-140.0346,47.3,36
39,2026-06-07T15:00,29.349735,-140.0346,45.2,40
40,2026-06-07T16:00,29.349735,-140.0346,47.8,39
41,2026-06-07T17:00,29.349735,-140.0346,43.3,42
42,2026-06-07T18:00,29.349735,-140.0346,46.1,39
43,2026-06-07T19:00,29.349735,-140.0346,46.1,39
44,2026-06-07T20:00,29.349735,-140.0346,47.3,36
45,2026-06-07T21:00,29.349735,-140.0346,52.9,33
46,2026-06-07T22:00,29.349735,-140.0346,52.1,38
47,2026-06-07T23:00,29.349735,-140.0346,50.1,42
0,2026-06-06T00:00,29.349735,-134.32526,117.2,223
1,2026-06-06T01:00,29.349735,-134.32526,124.7,225
2,2026-06-06T02:00,29.349735,-134.32526,133.3,227
3,2026-06-06T03:00,29.349735,-134.32526,132.6,229
4,2026-06-06T04:00,29.349735,-134.32526,132.9,230
5,2026-06-06T05:00,29.349735,-134.32526,133.1,231
6,2026-06-06T06:00,29.349735,-134.32526,131.8,232
7,2026-06-06T07:00,29.349735,-134.32526,133.9,234
8,2026-06-06T08:00,29.349735,-134.32526,134.9,234
9,2026-06-06T09:00,29.349735,-134.32526,136.6,234
10,2026-06-06T10:00,29.349735,-134.32526,136.6,234
11,2026-06-06T11:00,29.349735,-134.32526,134.2,234
12,2026-06-06T12:00,29.349735,-134.32526,131.8,235
13,2026-06-06T13:00,29.349735,-134.32526,127.5,235
14,2026-06-06T14:00,29.349735,-134.32526,123.5,236
15,2026-06-06T15:00,29.349735,-134.32526,120.1,236
16,2026-06-06T16:00,29.349735,-134.32526,116.5,238
17,2026-06-06T17:00,29.349735,-134.32526,114.2,238
18,2026-06-06T18:00,29.349735,-134.32526,112.2,238
19,2026-06-06T19:00,29.349735,-134.32526,110.9,239
20,2026-06-06T20:00,29.349735,-134.32526,110.7,240
21,2026-06-06T21:00,29.349735,-134.32526,111.3,240
22,2026-06-06T22:00,29.349735,-134.32526,109.6,241
23,2026-06-06T23:00,29.349735,-134.32526,100.4,244
24,2026-06-07T00:00,29.349735,-134.32526,84.6,252
25,2026-06-07T01:00,29.349735,-134.32526,68.9,263
26,2026-06-07T02:00,29.349735,-134.32526,66.0,270
27,2026-06-07T03:00,29.349735,-134.32526,69.4,280
28,2026-06-07T04:00,29.349735,-134.32526,69.0,283
29,2026-06-07T05:00,29.349735,-134.32526,70.6,280
30,2026-06-07T06:00,29.349735,-134.32526,69.4,280
31,2026-06-07T07:00,29.349735,-134.32526,64.3,284
32,2026-06-07T08:00,29.349735,-134.32526,57.7,291
33,2026-06-07T09:00,29.349735,-134.32526,52.6,297
34,2026-06-07T10:00,29.349735,-134.32526,49.9,297
35,2026-06-07T11:00,29.349735,-134.32526,47.2,297
36,2026-06-07T12:00,29.349735,-134.32526,44.7,301
37,2026-06-07T13:00,29.349735,-134.32526,41.0,322
38,2026-06-07T14:00,29.349735,-134.32526,45.7,355
39,2026-06-07T15:00,29.349735,-134.32526,54.1,13
40,2026-06-07T16:00,29.349735,-134.32526,52.0,19
41,2026-06-07T17:00,29.349735,-134.32526,42.2,15
42,2026-06-07T18:00,29.349735,-134.32526,36.0,358
43,2026-06-07T19:00,29.349735,-134.32526,34.1,350
44,2026-06-07T20:00,29.349735,-134.32526,37.6,343
45,2026-06-07T21:00,29.349735,-134.32526,38.1,336
46,2026-06-07T22:00,29.349735,-134.32526,42.8,349
47,2026-06-07T23:00,29.349735,-134.32526,50.1,11
0,2026-06-06T00:00,29.420034,-128.6605,85.4,246
1,2026-06-06T01:00,29.420034,-128.6605,85.8,250
2,2026-06-06T02:00,29.420034,-128.6605,89.2,250
3,2026-06-06T03:00,29.420034,-128.6605,92.2,252
4,2026-06-06T04:00,29.420034,-128.6605,93.4,250
5,2026-06-06T05:00,29.420034,-128.6605,95.2,247
6,2026-06-06T06:00,29.420034,-128.6605,99.0,247
7,2026-06-06T07:00,29.420034,-128.6605,102.6,246
8,2026-06-06T08:00,29.420034,-128.6605,107.5,246
9,2026-06-06T09:00,29.420034,-128.6605,111.2,250
10,2026-06-06T10:00,29.420034,-128.6605,111.4,248
11,2026-06-06T11:00,29.420034,-128.6605,121.7,248
12,2026-06-06T12:00,29.420034,-128.6605,128.6,248
13,2026-06-06T13:00,29.420034,-128.6605,130.2,247
14,2026-06-06T14:00,29.420034,-128.6605,131.6,246
15,2026-06-06T15:00,29.420034,-128.6605,130.9,244
16,2026-06-06T16:00,29.420034,-128.6605,133.0,248
17,2026-06-06T17:00,29.420034,-128.6605,132.9,250
18,2026-06-06T18:00,29.420034,-128.6605,131.0,249
19,2026-06-06T19:00,29.420034,-128.6605,130.6,250
20,2026-06-06T20:00,29.420034,-128.6605,132.6,249
21,2026-06-06T21:00,29.420034,-128.6605,133.5,248
22,2026-06-06T22:00,29.420034,-128.6605,132.8,247
23,2026-06-06T23:00,29.420034,-128.6605,132.7,246
24,2026-06-07T00:00,29.420034,-128.6605,135.4,246
25,2026-06-07T01:00,29.420034,-128.6605,138.2,247
26,2026-06-07T02:00,29.420034,-128.6605,138.8,248
27,2026-06-07T03:00,29.420034,-128.6605,136.6,247
28,2026-06-07T04:00,29.420034,-128.6605,133.3,247
29,2026-06-07T05:00,29.420034,-128.6605,134.4,247
30,2026-06-07T06:00,29.420034,-128.6605,136.6,247
31,2026-06-07T07:00,29.420034,-128.6605,137.9,249
32,2026-06-07T08:00,29.420034,-128.6605,132.1,251
33,2026-06-07T09:00,29.420034,-128.6605,124.3,255
34,2026-06-07T10:00,29.420034,-128.6605,116.8,258
35,2026-06-07T11:00,29.420034,-128.6605,110.7,261
36,2026-06-07T12:00,29.420034,-128.6605,106.3,264
37,2026-06-07T13:00,29.420034,-128.6605,99.8,267
38,2026-06-07T14:00,29.420034,-128.6605,91.2,270
39,2026-06-07T15:00,29.420034,-128.6605,81.8,274
40,2026-06-07T16:00,29.420034,-128.6605,74.0,278
41,2026-06-07T17:00,29.420034,-128.6605,66.7,284
42,2026-06-07T18:00,29.420034,-128.6605,60.8,285
43,2026-06-07T19:00,29.420034,-128.6605,53.7,294
44,2026-06-07T20:00,29.420034,-128.6605,47.0,308
45,2026-06-07T21:00,29.420034,-128.6605,43.5,321
46,2026-06-07T22:00,29.420034,-128.6605,47.3,324
47,2026-06-07T23:00,29.420034,-128.6605,46.7,331
0,2026-06-06T00:00,29.36867,-122.99819,85.7,316
1,2026-06-06T01:00,29.36867,-122.99819,89.1,314
2,2026-06-06T02:00,29.36867,-122.99819,88.3,313
3,2026-06-06T03:00,29.36867,-122.99819,81.1,308
4,2026-06-06T04:00,29.36867,-122.99819,82.3,307
5,2026-06-06T05:00,29.36867,-122.99819,82.2,304
6,2026-06-06T06:00,29.36867,-122.99819,85.2,302
7,2026-06-06T07:00,29.36867,-122.99819,87.7,300
8,2026-06-06T08:00,29.36867,-122.99819,88.1,299
9,2026-06-06T09:00,29.36867,-122.99819,88.5,297
10,2026-06-06T10:00,29.36867,-122.99819,91.4,293
11,2026-06-06T11:00,29.36867,-122.99819,94.9,291
12,2026-06-06T12:00,29.36867,-122.99819,98.7,291
13,2026-06-06T13:00,29.36867,-122.99819,99.9,290
14,2026-06-06T14:00,29.36867,-122.99819,99.9,290
15,2026-06-06T15:00,29.36867,-122.99819,100.3,291
16,2026-06-06T16:00,29.36867,-122.99819,103.0,291
17,2026-06-06T17:00,29.36867,-122.99819,105.0,292
18,2026-06-06T18:00,29.36867,-122.99819,104.1,291
19,2026-06-06T19:00,29.36867,-122.99819,104.0,289
20,2026-06-06T20:00,29.36867,-122.99819,104.8,286
21,2026-06-06T21:00,29.36867,-122.99819,106.5,284
22,2026-06-06T22:00,29.36867,-122.99819,110.9,283
23,2026-06-06T23:00,29.36867,-122.99819,110.6,283
24,2026-06-07T00:00,29.36867,-122.99819,117.7,282
25,2026-06-07T01:00,29.36867,-122.99819,126.1,282
26,2026-06-07T02:00,29.36867,-122.99819,130.6,281
27,2026-06-07T03:00,29.36867,-122.99819,132.0,278
28,2026-06-07T04:00,29.36867,-122.99819,133.9,276
29,2026-06-07T05:00,29.36867,-122.99819,133.7,275
30,2026-06-07T06:00,29.36867,-122.99819,136.2,276
31,2026-06-07T07:00,29.36867,-122.99819,138.7,276
32,2026-06-07T08:00,29.36867,-122.99819,142.1,275
33,2026-06-07T09:00,29.36867,-122.99819,147.0,275
34,2026-06-07T10:00,29.36867,-122.99819,151.7,275
35,2026-06-07T11:00,29.36867,-122.99819,149.0,273
36,2026-06-07T12:00,29.36867,-122.99819,145.2,271
37,2026-06-07T13:00,29.36867,-122.99819,142.8,270
38,2026-06-07T14:00,29.36867,-122.99819,139.2,270
39,2026-06-07T15:00,29.36867,-122.99819,134.4,269
40,2026-06-07T16:00,29.36867,-122.99819,128.4,269
41,2026-06-07T17:00,29.36867,-122.99819,126.1,268
42,2026-06-07T18:00,29.36867,-122.99819,126.0,269
43,2026-06-07T19:00,29.36867,-122.99819,126.0,270
44,2026-06-07T20:00,29.36867,-122.99819,126.0,269
45,2026-06-07T21:00,29.36867,-122.99819,123.6,269
46,2026-06-07T22:00,29.36867,-122.99819,120.0,269
47,2026-06-07T23:00,29.36867,-122.99819,111.6,270
0,2026-06-06T00:00,29.374733,-117.323265,117.2,349
1,2026-06-06T01:00,29.374733,-117.323265,117.8,351
2,2026-06-06T02:00,29.374733,-117.323265,121.9,350
3,2026-06-06T03:00,29.374733,-117.323265,118.2,350
4,2026-06-06T04:00,29.374733,-117.323265,112.3,346
5,2026-06-06T05:00,29.374733,-117.323265,109.5,345
6,2026-06-06T06:00,29.374733,-117.323265,103.4,345
7,2026-06-06T07:00,29.374733,-117.323265,94.9,342
8,2026-06-06T08:00,29.374733,-117.323265,91.9,340
9,2026-06-06T09:00,29.374733,-117.323265,89.8,337
10,2026-06-06T10:00,29.374733,-117.323265,84.3,336
11,2026-06-06T11:00,29.374733,-117.323265,91.8,334
12,2026-06-06T12:00,29.374733,-117.323265,89.6,332
13,2026-06-06T13:00,29.374733,-117.323265,88.0,332
14,2026-06-06T14:00,29.374733,-117.323265,88.5,327
15,2026-06-06T15:00,29.374733,-117.323265,88.8,322
16,2026-06-06T16:00,29.374733,-117.323265,87.4,317
17,2026-06-06T17:00,29.374733,-117.323265,87.4,316
18,2026-06-06T18:00,29.374733,-117.323265,90.0,314
19,2026-06-06T19:00,29.374733,-117.323265,93.3,315
20,2026-06-06T20:00,29.374733,-117.323265,95.1,313
21,2026-06-06T21:00,29.374733,-117.323265,96.8,313
22,2026-06-06T22:00,29.374733,-117.323265,98.8,310
23,2026-06-06T23:00,29.374733,-117.323265,93.6,311
24,2026-06-07T00:00,29.374733,-117.323265,97.1,310
25,2026-06-07T01:00,29.374733,-117.323265,99.4,307
26,2026-06-07T02:00,29.374733,-117.323265,93.6,301
27,2026-06-07T03:00,29.374733,-117.323265,92.9,303
28,2026-06-07T04:00,29.374733,-117.323265,99.4,300
29,2026-06-07T05:00,29.374733,-117.323265,105.2,297
30,2026-06-07T06:00,29.374733,-117.323265,109.0,295
31,2026-06-07T07:00,29.374733,-117.323265,112.3,293
32,2026-06-07T08:00,29.374733,-117.323265,116.2,290
33,2026-06-07T09:00,29.374733,-117.323265,115.8,287
34,2026-06-07T10:00,29.374733,-117.323265,115.9,286
35,2026-06-07T11:00,29.374733,-117.323265,115.0,284
36,2026-06-07T12:00,29.374733,-117.323265,117.0,283
37,2026-06-07T13:00,29.374733,-117.323265,118.8,282
38,2026-06-07T14:00,29.374733,-117.323265,115.4,279
39,2026-06-07T15:00,29.374733,-117.323265,116.9,275
40,2026-06-07T16:00,29.374733,-117.323265,117.9,274
41,2026-06-07T17:00,29.374733,-117.323265,119.0,273
42,2026-06-07T18:00,29.374733,-117.323265,120.1,272
43,2026-06-07T19:00,29.374733,-117.323265,123.6,271
44,2026-06-07T20:00,29.374733,-117.323265,127.2,271
45,2026-06-07T21:00,29.374733,-117.323265,129.6,270
46,2026-06-07T22:00,29.374733,-117.323265,130.8,270
47,2026-06-07T23:00,29.374733,-117.323265,129.6,269
0,2026-06-06T00:00,29.374378,-111.660095,83.2,6
1,2026-06-06T01:00,29.374378,-111.660095,82.3,8
2,2026-06-06T02:00,29.374378,-111.660095,75.0,7
3,2026-06-06T03:00,29.374378,-111.660095,70.4,14
4,2026-06-06T04:00,29.374378,-111.660095,67.8,13
5,2026-06-06T05:00,29.374378,-111.660095,66.7,8
6,2026-06-06T06:00,29.374378,-111.660095,63.9,5
7,2026-06-06T07:00,29.374378,-111.660095,58.8,1
8,2026-06-06T08:00,29.374378,-111.660095,62.4,358
9,2026-06-06T09:00,29.374378,-111.660095,67.2,1
10,2026-06-06T10:00,29.374378,-111.660095,68.4,359
11,2026-06-06T11:00,29.374378,-111.660095,71.1,355
12,2026-06-06T12:00,29.374378,-111.660095,78.6,353
13,2026-06-06T13:00,29.374378,-111.660095,83.4,353
14,2026-06-06T14:00,29.374378,-111.660095,89.2,355
15,2026-06-06T15:00,29.374378,-111.660095,98.9,354
16,2026-06-06T16:00,29.374378,-111.660095,109.6,355
17,2026-06-06T17:00,29.374378,-111.660095,108.4,355
18,2026-06-06T18:00,29.374378,-111.660095,98.8,355
19,2026-06-06T19:00,29.374378,-111.660095,93.0,353
20,2026-06-06T20:00,29.374378,-111.660095,89.8,352
21,2026-06-06T21:00,29.374378,-111.660095,87.3,347
22,2026-06-06T22:00,29.374378,-111.660095,89.4,345
23,2026-06-06T23:00,29.374378,-111.660095,86.4,346
24,2026-06-07T00:00,29.374378,-111.660095,85.4,343
25,2026-06-07T01:00,29.374378,-111.660095,86.5,341
26,2026-06-07T02:00,29.374378,-111.660095,90.7,340
27,2026-06-07T03:00,29.374378,-111.660095,90.5,338
28,2026-06-07T04:00,29.374378,-111.660095,94.1,337
29,2026-06-07T05:00,29.374378,-111.660095,91.8,334
30,2026-06-07T06:00,29.374378,-111.660095,85.9,332
31,2026-06-07T07:00,29.374378,-111.660095,83.2,327
32,2026-06-07T08:00,29.374378,-111.660095,87.0,321
33,2026-06-07T09:00,29.374378,-111.660095,87.5,318
34,2026-06-07T10:00,29.374378,-111.660095,78.1,314
35,2026-06-07T11:00,29.374378,-111.660095,72.4,310
36,2026-06-07T12:00,29.374378,-111.660095,75.0,310
37,2026-06-07T13:00,29.374378,-111.660095,74.6,307
38,2026-06-07T14:00,29.374378,-111.660095,83.8,308
39,2026-06-07T15:00,29.374378,-111.660095,86.6,307
40,2026-06-07T16:00,29.374378,-111.660095,83.6,302
41,2026-06-07T17:00,29.374378,-111.660095,80.5,298
42,2026-06-07T18:00,29.374378,-111.660095,76.7,297
43,2026-06-07T19:00,29.374378,-111.660095,74.7,294
44,2026-06-07T20:00,29.374378,-111.660095,79.7,288
45,2026-06-07T21:00,29.374378,-111.660095,78.6,286
46,2026-06-07T22:00,29.374378,-111.660095,81.8,284
47,2026-06-07T23:00,29.374378,-111.660095,75.4,284
0,2026-06-06T00:00,29.367874,-105.98851,46.6,325
1,2026-06-06T01:00,29.367874,-105.98851,48.6,303
2,2026-06-06T02:00,29.367874,-105.98851,49.6,302
3,2026-06-06T03:00,29.367874,-105.98851,51.3,291
4,2026-06-06T04:00,29.367874,-105.98851,46.2,279
5,2026-06-06T05:00,29.367874,-105.98851,48.5,261
6,2026-06-06T06:00,29.367874,-105.98851,51.1,261
7,2026-06-06T07:00,29.367874,-105.98851,52.1,262
8,2026-06-06T08:00,29.367874,-105.98851,49.4,264
9,2026-06-06T09:00,29.367874,-105.98851,45.7,273
10,2026-06-06T10:00,29.367874,-105.98851,43.5,264
11,2026-06-06T11:00,29.367874,-105.98851,48.3,256
12,2026-06-06T12:00,29.367874,-105.98851,44.3,257
13,2026-06-06T13:00,29.367874,-105.98851,37.2,268
14,2026-06-06T14:00,29.367874,-105.98851,33.0,289
15,2026-06-06T15:00,29.367874,-105.98851,24.1,297
16,2026-06-06T16:00,29.367874,-105.98851,15.6,293
17,2026-06-06T17:00,29.367874,-105.98851,12.5,287
18,2026-06-06T18:00,29.367874,-105.98851,1.2,90
19,2026-06-06T19:00,29.367874,-105.98851,6.5,22
20,2026-06-06T20:00,29.367874,-105.98851,13.7,345
21,2026-06-06T21:00,29.367874,-105.98851,17.5,344
22,2026-06-06T22:00,29.367874,-105.98851,7.6,252
23,2026-06-06T23:00,29.367874,-105.98851,13.7,285
24,2026-06-07T00:00,29.367874,-105.98851,15.0,299
25,2026-06-07T01:00,29.367874,-105.98851,16.7,300
26,2026-06-07T02:00,29.367874,-105.98851,15.6,328
27,2026-06-07T03:00,29.367874,-105.98851,21.0,347
28,2026-06-07T04:00,29.367874,-105.98851,19.5,349
29,2026-06-07T05:00,29.367874,-105.98851,16.3,324
30,2026-06-07T06:00,29.367874,-105.98851,22.6,328
31,2026-06-07T07:00,29.367874,-105.98851,33.9,337
32,2026-06-07T08:00,29.367874,-105.98851,39.1,342
33,2026-06-07T09:00,29.367874,-105.98851,42.9,342
34,2026-06-07T10:00,29.367874,-105.98851,36.7,349
35,2026-06-07T11:00,29.367874,-105.98851,31.6,351
36,2026-06-07T12:00,29.367874,-105.98851,25.7,349
37,2026-06-07T13:00,29.367874,-105.98851,25.8,332
38,2026-06-07T14:00,29.367874,-105.98851,36.5,314
39,2026-06-07T15:00,29.367874,-105.98851,37.4,318
40,2026-06-07T16:00,29.367874,-105.98851,38.9,326
41,2026-06-07T17:00,29.367874,-105.98851,44.1,331
42,2026-06-07T18:00,29.367874,-105.98851,48.4,330
43,2026-06-07T19:00,29.367874,-105.98851,53.3,337
44,2026-06-07T20:00,29.367874,-105.98851,46.8,337
45,2026-06-07T21:00,29.367874,-105.98851,40.8,332
46,2026-06-07T22:00,29.367874,-105.98851,41.4,330
47,2026-06-07T23:00,29.367874,-105.98851,41.4,330
0,2026-06-06T00:00,29.37797,-100.32004,146.9,211
1,2026-06-06T01:00,29.37797,-100.32004,154.6,208
2,2026-06-06T02:00,29.37797,-100.32004,157.2,216
3,2026-06-06T03:00,29.37797,-100.32004,148.1,217
4,2026-06-06T04:00,29.37797,-100.32004,142.2,215
5,2026-06-06T05:00,29.37797,-100.32004,141.7,219
6,2026-06-06T06:00,29.37797,-100.32004,141.4,220
7,2026-06-06T07:00,29.37797,-100.32004,140.1,223
8,2026-06-06T08:00,29.37797,-100.32004,137.6,223
9,2026-06-06T09:00,29.37797,-100.32004,129.9,227
10,2026-06-06T10:00,29.37797,-100.32004,124.2,229
11,2026-06-06T11:00,29.37797,-100.32004,121.5,228
12,2026-06-06T12:00,29.37797,-100.32004,118.9,227
13,2026-06-06T13:00,29.37797,-100.32004,118.8,227
14,2026-06-06T14:00,29.37797,-100.32004,115.6,228
15,2026-06-06T15:00,29.37797,-100.32004,114.0,229
16,2026-06-06T16:00,29.37797,-100.32004,114.6,226
17,2026-06-06T17:00,29.37797,-100.32004,114.6,225
18,2026-06-06T18:00,29.37797,-100.32004,115.4,226
19,2026-06-06T19:00,29.37797,-100.32004,119.7,227
20,2026-06-06T20:00,29.37797,-100.32004,118.9,227
21,2026-06-06T21:00,29.37797,-100.32004,118.9,227
22,2026-06-06T22:00,29.37797,-100.32004,125.7,227
23,2026-06-06T23:00,29.37797,-100.32004,131.2,230
24,2026-06-07T00:00,29.37797,-100.32004,142.6,227
25,2026-06-07T01:00,29.37797,-100.32004,134.2,227
26,2026-06-07T02:00,29.37797,-100.32004,145.1,226
27,2026-06-07T03:00,29.37797,-100.32004,135.9,223
28,2026-06-07T04:00,29.37797,-100.32004,140.1,223
29,2026-06-07T05:00,29.37797,-100.32004,141.8,223
30,2026-06-07T06:00,29.37797,-100.32004,140.4,220
31,2026-06-07T07:00,29.37797,-100.32004,143.6,222
32,2026-06-07T08:00,29.37797,-100.32004,143.5,223
33,2026-06-07T09:00,29.37797,-100.32004,141.9,222
34,2026-06-07T10:00,29.37797,-100.32004,140.1,223
35,2026-06-07T11:00,29.37797,-100.32004,140.3,221
36,2026-06-07T12:00,29.37797,-100.32004,140.2,222
37,2026-06-07T13:00,29.37797,-100.32004,140.9,223
38,2026-06-07T14:00,29.37797,-100.32004,141.8,223
39,2026-06-07T15:00,29.37797,-100.32004,140.1,223
40,2026-06-07T16:00,29.37797,-100.32004,140.3,221
41,2026-06-07T17:00,29.37797,-100.32004,139.5,221
42,2026-06-07T18:00,29.37797,-100.32004,147.3,220
43,2026-06-07T19:00,29.37797,-100.32004,147.1,221
44,2026-06-07T20:00,29.37797,-100.32004,146.9,223
45,2026-06-07T21:00,29.37797,-100.32004,144.3,223
46,2026-06-07T22:00,29.37797,-100.32004,140.2,222
47,2026-06-07T23:00,29.37797,-100.32004,137.6,222
0,2026-06-06T00:00,29.377464,-94.661194,79.1,229
1,2026-06-06T01:00,29.377464,-94.661194,76.7,230
2,2026-06-06T02:00,29.377464,-94.661194,75.2,231
3,2026-06-06T03:00,29.377464,-94.661194,79.9,229
4,2026-06-06T04:00,29.377464,-94.661194,71.6,230
5,2026-06-06T05:00,29.377464,-94.661194,74.6,237
6,2026-06-06T06:00,29.377464,-94.661194,74.9,235
7,2026-06-06T07:00,29.377464,-94.661194,69.8,229
8,2026-06-06T08:00,29.377464,-94.661194,65.3,224
9,2026-06-06T09:00,29.377464,-94.661194,73.1,222
10,2026-06-06T10:00,29.377464,-94.661194,74.2,231
11,2026-06-06T11:00,29.377464,-94.661194,70.2,237
12,2026-06-06T12:00,29.377464,-94.661194,55.0,238
13,2026-06-06T13:00,29.377464,-94.661194,58.9,237
14,2026-06-06T14:00,29.377464,-94.661194,65.9,237
15,2026-06-06T15:00,29.377464,-94.661194,70.6,235
16,2026-06-06T16:00,29.377464,-94.661194,75.8,241
17,2026-06-06T17:00,29.377464,-94.661194,73.1,240
18,2026-06-06T18:00,29.377464,-94.661194,78.2,238
19,2026-06-06T19:00,29.377464,-94.661194,80.3,238
20,2026-06-06T20:00,29.377464,-94.661194,84.4,240
21,2026-06-06T21:00,29.377464,-94.661194,89.2,241
22,2026-06-06T22:00,29.377464,-94.661194,84.5,247
23,2026-06-06T23:00,29.377464,-94.661194,73.6,242
24,2026-06-07T00:00,29.377464,-94.661194,72.0,240
25,2026-06-07T01:00,29.377464,-94.661194,74.6,242
26,2026-06-07T02:00,29.377464,-94.661194,71.2,237
27,2026-06-07T03:00,29.377464,-94.661194,67.0,234
28,2026-06-07T04:00,29.377464,-94.661194,71.6,235
29,2026-06-07T05:00,29.377464,-94.661194,66.2,226
30,2026-06-07T06:00,29.377464,-94.661194,71.8,232
31,2026-06-07T07:00,29.377464,-94.661194,76.9,236
32,2026-06-07T08:00,29.377464,-94.661194,87.9,238
33,2026-06-07T09:00,29.377464,-94.661194,77.6,235
34,2026-06-07T10:00,29.377464,-94.661194,79.2,238
35,2026-06-07T11:00,29.377464,-94.661194,81.9,238
36,2026-06-07T12:00,29.377464,-94.661194,82.8,240
37,2026-06-07T13:00,29.377464,-94.661194,81.4,233
38,2026-06-07T14:00,29.377464,-94.661194,73.6,236
39,2026-06-07T15:00,29.377464,-94.661194,73.9,238
40,2026-06-07T16:00,29.377464,-94.661194,74.6,237
41,2026-06-07T17:00,29.377464,-94.661194,77.0,239
42,2026-06-07T18:00,29.377464,-94.661194,77.2,237
43,2026-06-07T19:00,29.377464,-94.661194,77.6,238
44,2026-06-07T20:00,29.377464,-94.661194,71.3,234
45,2026-06-07T21:00,29.377464,-94.661194,63.2,231
46,2026-06-07T22:00,29.377464,-94.661194,61.3,230
47,2026-06-07T23:00,29.377464,-94.661194,62.4,232
0,2026-06-06T00:00,29.36636,-88.99279,36.2,264
1,2026-06-06T01:00,29.36636,-88.99279,44.7,276
2,2026-06-06T02:00,29.36636,-88.99279,46.0,277
3,2026-06-06T03:00,29.36636,-88.99279,39.6,284
4,2026-06-06T04:00,29.36636,-88.99279,50.0,294
5,2026-06-06T05:00,29.36636,-88.99279,52.2,293
6,2026-06-06T06:00,29.36636,-88.99279,55.3,297
7,2026-06-06T07:00,29.36636,-88.99279,51.0,297
8,2026-06-06T08:00,29.36636,-88.99279,45.1,299
9,2026-06-06T09:00,29.36636,-88.99279,38.1,298
10,2026-06-06T10:00,29.36636,-88.99279,34.4,295
11,2026-06-06T11:00,29.36636,-88.99279,30.8,291
12,2026-06-06T12:00,29.36636,-88.99279,30.9,283
13,2026-06-06T13:00,29.36636,-88.99279,25.9,283
14,2026-06-06T14:00,29.36636,-88.99279,25.1,287
15,2026-06-06T15:00,29.36636,-88.99279,26.8,280
16,2026-06-06T16:00,29.36636,-88.99279,27.4,293
17,2026-06-06T17:00,29.36636,-88.99279,31.9,290
18,2026-06-06T18:00,29.36636,-88.99279,32.3,285
19,2026-06-06T19:00,29.36636,-88.99279,33.0,289
20,2026-06-06T20:00,29.36636,-88.99279,35.8,284
21,2026-06-06T21:00,29.36636,-88.99279,32.3,292
22,2026-06-06T22:00,29.36636,-88.99279,32.8,294
23,2026-06-06T23:00,29.36636,-88.99279,27.4,299
24,2026-06-07T00:00,29.36636,-88.99279,24.3,303
25,2026-06-07T01:00,29.36636,-88.99279,25.1,287
26,2026-06-07T02:00,29.36636,-88.99279,36.5,297
27,2026-06-07T03:00,29.36636,-88.99279,31.3,302
28,2026-06-07T04:00,29.36636,-88.99279,33.8,297
29,2026-06-07T05:00,29.36636,-88.99279,34.2,288
30,2026-06-07T06:00,29.36636,-88.99279,36.7,281
31,2026-06-07T07:00,29.36636,-88.99279,44.8,290
32,2026-06-07T08:00,29.36636,-88.99279,47.5,291
33,2026-06-07T09:00,29.36636,-88.99279,45.9,290
34,2026-06-07T10:00,29.36636,-88.99279,42.6,292
35,2026-06-07T11:00,29.36636,-88.99279,42.1,290
36,2026-06-07T12:00,29.36636,-88.99279,46.4,291
37,2026-06-07T13:00,29.36636,-88.99279,48.3,284
38,2026-06-07T14:00,29.36636,-88.99279,51.3,286
39,2026-06-07T15:00,29.36636,-88.99279,55.3,294
40,2026-06-07T16:00,29.36636,-88.99279,54.2,298
41,2026-06-07T17:00,29.36636,-88.99279,51.0,297
42,2026-06-07T18:00,29.36636,-88.99279,48.3,297
43,2026-06-07T19:00,29.36636,-88.99279,47.8,298
44,2026-06-07T20:00,29.36636,-88.99279,45.3,302
45,2026-06-07T21:00,29.36636,-88.99279,49.9,305
46,2026-06-07T22:00,29.36636,-88.99279,45.6,297
47,2026-06-07T23:00,29.36636,-88.99279,47.3,294
0,2026-06-06T00:00,29.371864,-83.32135,47.3,306
1,2026-06-06T01:00,29.371864,-83.32135,53.6,310
2,2026-06-06T02:00,29.371864,-83.32135,67.9,324
3,2026-06-06T03:00,29.371864,-83.32135,73.6,332
4,2026-06-06T04:00,29.371864,-83.32135,79.7,342
5,2026-06-06T05:00,29.371864,-83.32135,86.2,347
6,2026-06-06T06:00,29.371864,-83.32135,89.0,350
7,2026-06-06T07:00,29.371864,-83.32135,94.4,348
8,2026-06-06T08:00,29.371864,-83.32135,91.7,346
9,2026-06-06T09:00,29.371864,-83.32135,84.7,348
10,2026-06-06T10:00,29.371864,-83.32135,80.7,349
11,2026-06-06T11:00,29.371864,-83.32135,74.4,350
12,2026-06-06T12:00,29.371864,-83.32135,73.2,350
13,2026-06-06T13:00,29.371864,-83.32135,71.6,346
14,2026-06-06T14:00,29.371864,-83.32135,64.6,345
15,2026-06-06T15:00,29.371864,-83.32135,61.1,340
16,2026-06-06T16:00,29.371864,-83.32135,54.8,331
17,2026-06-06T17:00,29.371864,-83.32135,54.8,331
18,2026-06-06T18:00,29.371864,-83.32135,56.9,335
19,2026-06-06T19:00,29.371864,-83.32135,48.6,340
20,2026-06-06T20:00,29.371864,-83.32135,44.5,333
21,2026-06-06T21:00,29.371864,-83.32135,44.3,327
22,2026-06-06T22:00,29.371864,-83.32135,50.5,332
23,2026-06-06T23:00,29.371864,-83.32135,46.7,334
24,2026-06-07T00:00,29.371864,-83.32135,46.3,343
25,2026-06-07T01:00,29.371864,-83.32135,50.6,346
26,2026-06-07T02:00,29.371864,-83.32135,62.3,335
27,2026-06-07T03:00,29.371864,-83.32135,66.0,335
28,2026-06-07T04:00,29.371864,-83.32135,63.3,350
29,2026-06-07T05:00,29.371864,-83.32135,53.1,335
30,2026-06-07T06:00,29.371864,-83.32135,49.0,338
31,2026-06-07T07:00,29.371864,-83.32135,46.2,332
32,2026-06-07T08:00,29.371864,-83.32135,48.0,328
33,2026-06-07T09:00,29.371864,-83.32135,43.9,325
34,2026-06-07T10:00,29.371864,-83.32135,46.1,321
35,2026-06-07T11:00,29.371864,-83.32135,49.9,325
36,2026-06-07T12:00,29.371864,-83.32135,51.7,329
37,2026-06-07T13:00,29.371864,-83.32135,46.2,332
38,2026-06-07T14:00,29.371864,-83.32135,50.5,342
39,2026-06-07T15:00,29.371864,-83.32135,46.7,342
40,2026-06-07T16:00,29.371864,-83.32135,42.6,350
41,2026-06-07T17:00,29.371864,-83.32135,37.9,342
42,2026-06-07T18:00,29.371864,-83.32135,41.0,322
43,2026-06-07T19:00,29.371864,-83.32135,40.8,317
44,2026-06-07T20:00,29.371864,-83.32135,41.0,322
45,2026-06-07T21:00,29.371864,-83.32135,38.4,321
46,2026-06-07T22:00,29.371864,-83.32135,38.3,319
47,2026-06-07T23:00,29.371864,-83.32135,41.0,328
0,2026-06-06T00:00,29.37125,-77.658394,16.3,36
1,2026-06-06T01:00,29.37125,-77.658394,19.3,30
2,2026-06-06T02:00,29.37125,-77.658394,23.1,28
3,2026-06-06T03:00,29.37125,-77.658394,28.6,33
4,2026-06-06T04:00,29.37125,-77.658394,30.1,29
5,2026-06-06T05:00,29.37125,-77.658394,31.9,20
6,2026-06-06T06:00,29.37125,-77.658394,32.8,8
7,2026-06-06T07:00,29.37125,-77.658394,37.2,358
8,2026-06-06T08:00,29.37125,-77.658394,37.2,2
9,2026-06-06T09:00,29.37125,-77.658394,36.2,6
10,2026-06-06T10:00,29.37125,-77.658394,33.0,10
11,2026-06-06T11:00,29.37125,-77.658394,31.8,11
12,2026-06-06T12:00,29.37125,-77.658394,28.0,10
13,2026-06-06T13:00,29.37125,-77.658394,26.5,5
14,2026-06-06T14:00,29.37125,-77.658394,25.2,3
15,2026-06-06T15:00,29.37125,-77.658394,20.4,3
16,2026-06-06T16:00,29.37125,-77.658394,20.4,3
17,2026-06-06T17:00,29.37125,-77.658394,18.0,356
18,2026-06-06T18:00,29.37125,-77.658394,20.4,332
19,2026-06-06T19:00,29.37125,-77.658394,24.7,321
20,2026-06-06T20:00,29.37125,-77.658394,27.2,315
21,2026-06-06T21:00,29.37125,-77.658394,28.9,318
22,2026-06-06T22:00,29.37125,-77.658394,42.5,344
23,2026-06-06T23:00,29.37125,-77.658394,56.5,358
24,2026-06-07T00:00,29.37125,-77.658394,58.9,356
25,2026-06-07T01:00,29.37125,-77.658394,66.1,357
26,2026-06-07T02:00,29.37125,-77.658394,60.1,357
27,2026-06-07T03:00,29.37125,-77.658394,61.2,360
28,2026-06-07T04:00,29.37125,-77.658394,52.8,360
29,2026-06-07T05:00,29.37125,-77.658394,49.2,360
30,2026-06-07T06:00,29.37125,-77.658394,46.4,350
31,2026-06-07T07:00,29.37125,-77.658394,45.5,342
32,2026-06-07T08:00,29.37125,-77.658394,46.0,345
33,2026-06-07T09:00,29.37125,-77.658394,50.9,341
34,2026-06-07T10:00,29.37125,-77.658394,52.4,340
35,2026-06-07T11:00,29.37125,-77.658394,51.6,342
36,2026-06-07T12:00,29.37125,-77.658394,53.1,342
37,2026-06-07T13:00,29.37125,-77.658394,56.4,336
38,2026-06-07T14:00,29.37125,-77.658394,60.7,335
39,2026-06-07T15:00,29.37125,-77.658394,58.5,332
40,2026-06-07T16:00,29.37125,-77.658394,53.7,336
41,2026-06-07T17:00,29.37125,-77.658394,51.7,338
42,2026-06-07T18:00,29.37125,-77.658394,49.5,337
43,2026-06-07T19:00,29.37125,-77.658394,53.1,342
44,2026-06-07T20:00,29.37125,-77.658394,48.3,346
45,2026-06-07T21:00,29.37125,-77.658394,43.7,344
46,2026-06-07T22:00,29.37125,-77.658394,40.6,341
47,2026-06-07T23:00,29.37125,-77.658394,40.2,333
0,2026-06-06T00:00,29.37148,-72.01317,27.4,299
1,2026-06-06T01:00,29.37148,-72.01317,30.7,301
2,2026-06-06T02:00,29.37148,-72.01317,30.1,337
3,2026-06-06T03:00,29.37148,-72.01317,32.4,358
4,2026-06-06T04:00,29.37148,-72.01317,39.9,7
5,2026-06-06T05:00,29.37148,-72.01317,41.9,13
6,2026-06-06T06:00,29.37148,-72.01317,40.2,17
7,2026-06-06T07:00,29.37148,-72.01317,37.6,17
8,2026-06-06T08:00,29.37148,-72.01317,33.5,15
9,2026-06-06T09:00,29.37148,-72.01317,29.4,12
10,2026-06-06T10:00,29.37148,-72.01317,28.5,15
11,2026-06-06T11:00,29.37148,-72.01317,28.5,15
12,2026-06-06T12:00,29.37148,-72.01317,28.8,17
13,2026-06-06T13:00,29.37148,-72.01317,29.2,19
14,2026-06-06T14:00,29.37148,-72.01317,30.4,18
15,2026-06-06T15:00,29.37148,-72.01317,30.9,13
16,2026-06-06T16:00,29.37148,-72.01317,29.2,19
17,2026-06-06T17:00,29.37148,-72.01317,30.4,18
18,2026-06-06T18:00,29.37148,-72.01317,35.3,18
19,2026-06-06T19:00,29.37148,-72.01317,36.0,26
20,2026-06-06T20:00,29.37148,-72.01317,36.1,21
21,2026-06-06T21:00,29.37148,-72.01317,35.3,18
22,2026-06-06T22:00,29.37148,-72.01317,29.2,9
23,2026-06-06T23:00,29.37148,-72.01317,29.0,353
24,2026-06-07T00:00,29.37148,-72.01317,28.2,348
25,2026-06-07T01:00,29.37148,-72.01317,25.8,338
26,2026-06-07T02:00,29.37148,-72.01317,24.3,327
27,2026-06-07T03:00,29.37148,-72.01317,24.7,321
28,2026-06-07T04:00,29.37148,-72.01317,23.8,311
29,2026-06-07T05:00,29.37148,-72.01317,28.3,306
30,2026-06-07T06:00,29.37148,-72.01317,30.3,304
31,2026-06-07T07:00,29.37148,-72.01317,36.3,304
32,2026-06-07T08:00,29.37148,-72.01317,40.3,307
33,2026-06-07T09:00,29.37148,-72.01317,39.0,315
34,2026-06-07T10:00,29.37148,-72.01317,34.9,319
35,2026-06-07T11:00,29.37148,-72.01317,31.4,313
36,2026-06-07T12:00,29.37148,-72.01317,29.8,310
37,2026-06-07T13:00,29.37148,-72.01317,33.0,303
38,2026-06-07T14:00,29.37148,-72.01317,36.7,308
39,2026-06-07T15:00,29.37148,-72.01317,40.1,309
40,2026-06-07T16:00,29.37148,-72.01317,42.6,310
41,2026-06-07T17:00,29.37148,-72.01317,41.6,316
42,2026-06-07T18:00,29.37148,-72.01317,36.5,316
43,2026-06-07T19:00,29.37148,-72.01317,34.0,312
44,2026-06-07T20:00,29.37148,-72.01317,38.9,304
45,2026-06-07T21:00,29.37148,-72.01317,45.1,295
46,2026-06-07T22:00,29.37148,-72.01317,41.4,300
47,2026-06-07T23:00,29.37148,-72.01317,43.0,293
0,2026-06-06T00:00,29.349735,-66.332184,112.0,251
1,2026-06-06T01:00,29.349735,-66.332184,111.6,253
2,2026-06-06T02:00,29.349735,-66.332184,106.3,254
3,2026-06-06T03:00,29.349735,-66.332184,99.0,256
4,2026-06-06T04:00,29.349735,-66.332184,84.0,260
5,2026-06-06T05:00,29.349735,-66.332184,67.7,263
6,2026-06-06T06:00,29.349735,-66.332184,54.2,265
7,2026-06-06T07:00,29.349735,-66.332184,45.6,270
8,2026-06-06T08:00,29.349735,-66.332184,38.9,279
9,2026-06-06T09:00,29.349735,-66.332184,30.6,296
10,2026-06-06T10:00,29.349735,-66.332184,26.0,326
11,2026-06-06T11:00,29.349735,-66.332184,26.4,357
12,2026-06-06T12:00,29.349735,-66.332184,28.8,17
13,2026-06-06T13:00,29.349735,-66.332184,28.4,28
14,2026-06-06T14:00,29.349735,-66.332184,24.3,33
15,2026-06-06T15:00,29.349735,-66.332184,20.0,33
16,2026-06-06T16:00,29.349735,-66.332184,16.1,27
17,2026-06-06T17:00,29.349735,-66.332184,14.6,9
18,2026-06-06T18:00,29.349735,-66.332184,13.4,350
19,2026-06-06T19:00,29.349735,-66.332184,16.3,324
20,2026-06-06T20:00,29.349735,-66.332184,19.7,308
21,2026-06-06T21:00,29.349735,-66.332184,23.1,298
22,2026-06-06T22:00,29.349735,-66.332184,27.0,291
23,2026-06-06T23:00,29.349735,-66.332184,30.0,286
24,2026-06-07T00:00,29.349735,-66.332184,31.5,288
25,2026-06-07T01:00,29.349735,-66.332184,34.6,290
26,2026-06-07T02:00,29.349735,-66.332184,35.5,294
27,2026-06-07T03:00,29.349735,-66.332184,37.1,299
28,2026-06-07T04:00,29.349735,-66.332184,35.7,312
29,2026-06-07T05:00,29.349735,-66.332184,36.0,330
30,2026-06-07T06:00,29.349735,-66.332184,37.7,338
31,2026-06-07T07:00,29.349735,-66.332184,36.6,337
32,2026-06-07T08:00,29.349735,-66.332184,32.2,333
33,2026-06-07T09:00,29.349735,-66.332184,29.6,328
34,2026-06-07T10:00,29.349735,-66.332184,28.3,324
35,2026-06-07T11:00,29.349735,-66.332184,29.0,322
36,2026-06-07T12:00,29.349735,-66.332184,28.9,318
37,2026-06-07T13:00,29.349735,-66.332184,33.1,316
38,2026-06-07T14:00,29.349735,-66.332184,32.3,312
39,2026-06-07T15:00,29.349735,-66.332184,29.6,302
40,2026-06-07T16:00,29.349735,-66.332184,29.2,289
41,2026-06-07T17:00,29.349735,-66.332184,30.6,281
42,2026-06-07T18:00,29.349735,-66.332184,33.8,276
43,2026-06-07T19:00,29.349735,-66.332184,38.5,274
44,2026-06-07T20:00,29.349735,-66.332184,42.2,275
45,2026-06-07T21:00,29.349735,-66.332184,41.4,280
46,2026-06-07T22:00,29.349735,-66.332184,38.1,283
47,2026-06-07T23:00,29.349735,-66.332184,39.6,284
0,2026-06-06T00:00,29.349735,-60.622833,62.3,242
1,2026-06-06T01:00,29.349735,-60.622833,62.9,246
2,2026-06-06T02:00,29.349735,-60.622833,64.2,249
3,2026-06-06T03:00,29.349735,-60.622833,64.5,246
4,2026-06-06T04:00,29.349735,-60.622833,62.4,247
5,2026-06-06T05:00,29.349735,-60.622833,63.5,248
6,2026-06-06T06:00,29.349735,-60.622833,68.4,248
7,2026-06-06T07:00,29.349735,-60.622833,73.3,249
8,2026-06-06T08:00,29.349735,-60.622833,73.6,246
9,2026-06-06T09:00,29.349735,-60.622833,75.2,245
10,2026-06-06T10:00,29.349735,-60.622833,76.3,246
11,2026-06-06T11:00,29.349735,-60.622833,79.6,247
12,2026-06-06T12:00,29.349735,-60.622833,78.7,249
13,2026-06-06T13:00,29.349735,-60.622833,80.9,249
14,2026-06-06T14:00,29.349735,-60.622833,79.6,247
15,2026-06-06T15:00,29.349735,-60.622833,77.9,245
16,2026-06-06T16:00,29.349735,-60.622833,77.3,244
17,2026-06-06T17:00,29.349735,-60.622833,76.3,246
18,2026-06-06T18:00,29.349735,-60.622833,76.4,248
19,2026-06-06T19:00,29.349735,-60.622833,74.0,250
20,2026-06-06T20:00,29.349735,-60.622833,66.0,251
21,2026-06-06T21:00,29.349735,-60.622833,63.5,255
22,2026-06-06T22:00,29.349735,-60.622833,59.7,255
23,2026-06-06T23:00,29.349735,-60.622833,42.1,267
24,2026-06-07T00:00,29.349735,-60.622833,25.7,307
25,2026-06-07T01:00,29.349735,-60.622833,25.7,349
26,2026-06-07T02:00,29.349735,-60.622833,25.1,343
27,2026-06-07T03:00,29.349735,-60.622833,24.6,313
28,2026-06-07T04:00,29.349735,-60.622833,29.6,291
29,2026-06-07T05:00,29.349735,-60.622833,31.5,288
30,2026-06-07T06:00,29.349735,-60.622833,30.1,293
31,2026-06-07T07:00,29.349735,-60.622833,28.1,290
32,2026-06-07T08:00,29.349735,-60.622833,28.5,285
33,2026-06-07T09:00,29.349735,-60.622833,30.6,281
34,2026-06-07T10:00,29.349735,-60.622833,31.6,279
35,2026-06-07T11:00,29.349735,-60.622833,31.6,279
36,2026-06-07T12:00,29.349735,-60.622833,30.4,279
37,2026-06-07T13:00,29.349735,-60.622833,30.2,277
38,2026-06-07T14:00,29.349735,-60.622833,30.0,272
39,2026-06-07T15:00,29.349735,-60.622833,32.6,264
40,2026-06-07T16:00,29.349735,-60.622833,35.8,256
41,2026-06-07T17:00,29.349735,-60.622833,37.9,252
42,2026-06-07T18:00,29.349735,-60.622833,41.0,249
43,2026-06-07T19:00,29.349735,-60.622833,41.4,248
44,2026-06-07T20:00,29.349735,-60.622833,39.5,250
45,2026-06-07T21:00,29.349735,-60.622833,36.7,259
46,2026-06-07T22:00,29.349735,-60.622833,32.4,272
47,2026-06-07T23:00,29.349735,-60.622833,32.3,285
0,2026-06-06T00:00,29.349735,-55.017303,6.0,307
1,2026-06-06T01:00,29.349735,-55.017303,7.0,301
2,2026-06-06T02:00,29.349735,-55.017303,6.5,292
3,2026-06-06T03:00,29.349735,-55.017303,7.6,288
4,2026-06-06T04:00,29.349735,-55.017303,9.9,284
5,2026-06-06T05:00,29.349735,-55.017303,12.2,281
6,2026-06-06T06:00,29.349735,-55.017303,14.8,284
7,2026-06-06T07:00,29.349735,-55.017303,18.6,285
8,2026-06-06T08:00,29.349735,-55.017303,21.3,286
9,2026-06-06T09:00,29.349735,-55.017303,21.3,286
10,2026-06-06T10:00,29.349735,-55.017303,20.7,280
11,2026-06-06T11:00,29.349735,-55.017303,21.7,276
12,2026-06-06T12:00,29.349735,-55.017303,24.0,273
13,2026-06-06T13:00,29.349735,-55.017303,26.4,267
14,2026-06-06T14:00,29.349735,-55.017303,26.6,262
15,2026-06-06T15:00,29.349735,-55.017303,27.4,255
16,2026-06-06T16:00,29.349735,-55.017303,31.2,254
17,2026-06-06T17:00,29.349735,-55.017303,35.5,258
18,2026-06-06T18:00,29.349735,-55.017303,45.6,270
19,2026-06-06T19:00,29.349735,-55.017303,45.7,275
20,2026-06-06T20:00,29.349735,-55.017303,37.4,264
21,2026-06-06T21:00,29.349735,-55.017303,37.4,264
22,2026-06-06T22:00,29.349735,-55.017303,36.5,261
23,2026-06-06T23:00,29.349735,-55.017303,42.8,259
24,2026-06-07T00:00,29.349735,-55.017303,49.9,260
25,2026-06-07T01:00,29.349735,-55.017303,48.7,260
26,2026-06-07T02:00,29.349735,-55.017303,51.3,254
27,2026-06-07T03:00,29.349735,-55.017303,56.8,257
28,2026-06-07T04:00,29.349735,-55.017303,58.5,255
29,2026-06-07T05:00,29.349735,-55.017303,59.7,255
30,2026-06-07T06:00,29.349735,-55.017303,61.2,254
31,2026-06-07T07:00,29.349735,-55.017303,60.3,253
32,2026-06-07T08:00,29.349735,-55.017303,57.7,253
33,2026-06-07T09:00,29.349735,-55.017303,55.9,255
34,2026-06-07T10:00,29.349735,-55.017303,46.9,267
35,2026-06-07T11:00,29.349735,-55.017303,40.1,279
36,2026-06-07T12:00,29.349735,-55.017303,34.6,284
37,2026-06-07T13:00,29.349735,-55.017303,29.5,297
38,2026-06-07T14:00,29.349735,-55.017303,26.6,306
39,2026-06-07T15:00,29.349735,-55.017303,27.0,302
40,2026-06-07T16:00,29.349735,-55.017303,26.2,286
41,2026-06-07T17:00,29.349735,-55.017303,30.1,275
42,2026-06-07T18:00,29.349735,-55.017303,35.1,278
43,2026-06-07T19:00,29.349735,-55.017303,39.6,284
44,2026-06-07T20:00,29.349735,-55.017303,42.5,286
45,2026-06-07T21:00,29.349735,-55.017303,39.9,286
46,2026-06-07T22:00,29.349735,-55.017303,41.0,285
47,2026-06-07T23:00,29.349735,-55.017303,44.8,290
0,2026-06-06T00:00,33.778557,-140.03731,19.5,313
1,2026-06-06T01:00,33.778557,-140.03731,21.6,326
2,2026-06-06T02:00,33.778557,-140.03731,24.0,323
3,2026-06-06T03:00,33.778557,-140.03731,28.8,315
4,2026-06-06T04:00,33.778557,-140.03731,34.8,314
5,2026-06-06T05:00,33.778557,-140.03731,36.6,311
6,2026-06-06T06:00,33.778557,-140.03731,40.1,309
7,2026-06-06T07:00,33.778557,-140.03731,40.9,310
8,2026-06-06T08:00,33.778557,-140.03731,41.6,316
9,2026-06-06T09:00,33.778557,-140.03731,40.1,321
10,2026-06-06T10:00,33.778557,-140.03731,40.6,326
11,2026-06-06T11:00,33.778557,-140.03731,38.6,334
12,2026-06-06T12:00,33.778557,-140.03731,39.2,337
13,2026-06-06T13:00,33.778557,-140.03731,42.4,331
14,2026-06-06T14:00,33.778557,-140.03731,50.6,338
15,2026-06-06T15:00,33.778557,-140.03731,55.7,353
16,2026-06-06T16:00,33.778557,-140.03731,61.2,358
17,2026-06-06T17:00,33.778557,-140.03731,67.3,3
18,2026-06-06T18:00,33.778557,-140.03731,61.2,359
19,2026-06-06T19:00,33.778557,-140.03731,57.0,352
20,2026-06-06T20:00,33.778557,-140.03731,61.7,347
21,2026-06-06T21:00,33.778557,-140.03731,57.3,340
22,2026-06-06T22:00,33.778557,-140.03731,68.7,344
23,2026-06-06T23:00,33.778557,-140.03731,80.5,357
24,2026-06-07T00:00,33.778557,-140.03731,80.7,5
25,2026-06-07T01:00,33.778557,-140.03731,74.4,1
26,2026-06-07T02:00,33.778557,-140.03731,72.0,349
27,2026-06-07T03:00,33.778557,-140.03731,75.8,356
28,2026-06-07T04:00,33.778557,-140.03731,76.9,357
29,2026-06-07T05:00,33.778557,-140.03731,83.2,354
30,2026-06-07T06:00,33.778557,-140.03731,81.6,360
31,2026-06-07T07:00,33.778557,-140.03731,76.9,357
32,2026-06-07T08:00,33.778557,-140.03731,73.7,353
33,2026-06-07T09:00,33.778557,-140.03731,70.8,359
34,2026-06-07T10:00,33.778557,-140.03731,76.1,6
35,2026-06-07T11:00,33.778557,-140.03731,84.5,7
36,2026-06-07T12:00,33.778557,-140.03731,70.0,6
37,2026-06-07T13:00,33.778557,-140.03731,67.3,3
38,2026-06-07T14:00,33.778557,-140.03731,65.0,4
39,2026-06-07T15:00,33.778557,-140.03731,60.4,7
40,2026-06-07T16:00,33.778557,-140.03731,54.1,4
41,2026-06-07T17:00,33.778557,-140.03731,52.8,1
42,2026-06-07T18:00,33.778557,-140.03731,54.1,4
43,2026-06-07T19:00,33.778557,-140.03731,48.1,3
44,2026-06-07T20:00,33.778557,-140.03731,45.6,2
45,2026-06-07T21:00,33.778557,-140.03731,43.3,355
46,2026-06-07T22:00,33.778557,-140.03731,42.2,345
47,2026-06-07T23:00,33.778557,-140.03731,44.0,343
0,2026-06-06T00:00,33.778557,-134.32835,116.5,244
1,2026-06-06T01:00,33.778557,-134.32835,116.5,244
2,2026-06-06T02:00,33.778557,-134.32835,113.2,244
3,2026-06-06T03:00,33.778557,-134.32835,109.5,244
4,2026-06-06T04:00,33.778557,-134.32835,109.5,244
5,2026-06-06T05:00,33.778557,-134.32835,106.3,245
6,2026-06-06T06:00,33.778557,-134.32835,101.0,246
7,2026-06-06T07:00,33.778557,-134.32835,90.9,247
8,2026-06-06T08:00,33.778557,-134.32835,79.4,250
9,2026-06-06T09:00,33.778557,-134.32835,68.3,252
10,2026-06-06T10:00,33.778557,-134.32835,62.6,253
11,2026-06-06T11:00,33.778557,-134.32835,55.1,259
12,2026-06-06T12:00,33.778557,-134.32835,45.7,265
13,2026-06-06T13:00,33.778557,-134.32835,41.0,275
14,2026-06-06T14:00,33.778557,-134.32835,42.2,285
15,2026-06-06T15:00,33.778557,-134.32835,46.3,287
16,2026-06-06T16:00,33.778557,-134.32835,47.8,288
17,2026-06-06T17:00,33.778557,-134.32835,48.4,300
18,2026-06-06T18:00,33.778557,-134.32835,46.9,310
19,2026-06-06T19:00,33.778557,-134.32835,45.9,319
20,2026-06-06T20:00,33.778557,-134.32835,46.9,328
21,2026-06-06T21:00,33.778557,-134.32835,47.3,330
22,2026-06-06T22:00,33.778557,-134.32835,46.3,329
23,2026-06-06T23:00,33.778557,-134.32835,43.0,324
24,2026-06-07T00:00,33.778557,-134.32835,45.9,317
25,2026-06-07T01:00,33.778557,-134.32835,52.6,317
26,2026-06-07T02:00,33.778557,-134.32835,65.4,317
27,2026-06-07T03:00,33.778557,-134.32835,70.4,316
28,2026-06-07T04:00,33.778557,-134.32835,52.7,319
29,2026-06-07T05:00,33.778557,-134.32835,58.0,333
30,2026-06-07T06:00,33.778557,-134.32835,73.4,349
31,2026-06-07T07:00,33.778557,-134.32835,74.7,354
32,2026-06-07T08:00,33.778557,-134.32835,75.6,360
33,2026-06-07T09:00,33.778557,-134.32835,71.3,353
34,2026-06-07T10:00,33.778557,-134.32835,69.0,347
35,2026-06-07T11:00,33.778557,-134.32835,68.7,348
36,2026-06-07T12:00,33.778557,-134.32835,60.8,351
37,2026-06-07T13:00,33.778557,-134.32835,68.7,348
38,2026-06-07T14:00,33.778557,-134.32835,76.9,357
39,2026-06-07T15:00,33.778557,-134.32835,82.8,360
40,2026-06-07T16:00,33.778557,-134.32835,92.7,10
41,2026-06-07T17:00,33.778557,-134.32835,89.0,4
42,2026-06-07T18:00,33.778557,-134.32835,77.3,6
43,2026-06-07T19:00,33.778557,-134.32835,65.2,6
44,2026-06-07T20:00,33.778557,-134.32835,60.0,1
45,2026-06-07T21:00,33.778557,-134.32835,69.1,352
46,2026-06-07T22:00,33.778557,-134.32835,59.4,352
47,2026-06-07T23:00,33.778557,-134.32835,62.9,347
0,2026-06-06T00:00,33.70826,-128.68323,136.2,248
1,2026-06-06T01:00,33.70826,-128.68323,139.3,247
2,2026-06-06T02:00,33.70826,-128.68323,142.9,246
3,2026-06-06T03:00,33.70826,-128.68323,145.0,246
4,2026-06-06T04:00,33.70826,-128.68323,140.4,247
5,2026-06-06T05:00,33.70826,-128.68323,138.7,247
6,2026-06-06T06:00,33.70826,-128.68323,137.0,246
7,2026-06-06T07:00,33.70826,-128.68323,135.3,245
8,2026-06-06T08:00,33.70826,-128.68323,128.1,248
9,2026-06-06T09:00,33.70826,-128.68323,124.9,250
10,2026-06-06T10:00,33.70826,-128.68323,121.4,252
11,2026-06-06T11:00,33.70826,-128.68323,120.7,253
12,2026-06-06T12:00,33.70826,-128.68323,123.0,251
13,2026-06-06T13:00,33.70826,-128.68323,128.7,250
14,2026-06-06T14:00,33.70826,-128.68323,130.9,251
15,2026-06-06T15:00,33.70826,-128.68323,131.3,252
16,2026-06-06T16:00,33.70826,-128.68323,129.8,252
17,2026-06-06T17:00,33.70826,-128.68323,127.6,254
18,2026-06-06T18:00,33.70826,-128.68323,120.5,255
19,2026-06-06T19:00,33.70826,-128.68323,111.8,255
20,2026-06-06T20:00,33.70826,-128.68323,102.7,256
21,2026-06-06T21:00,33.70826,-128.68323,90.4,259
22,2026-06-06T22:00,33.70826,-128.68323,78.5,264
23,2026-06-06T23:00,33.70826,-128.68323,67.4,266
24,2026-06-07T00:00,33.70826,-128.68323,63.8,266
25,2026-06-07T01:00,33.70826,-128.68323,61.2,270
26,2026-06-07T02:00,33.70826,-128.68323,60.0,272
27,2026-06-07T03:00,33.70826,-128.68323,59.4,278
28,2026-06-07T04:00,33.70826,-128.68323,56.2,286
29,2026-06-07T05:00,33.70826,-128.68323,57.5,293
30,2026-06-07T06:00,33.70826,-128.68323,58.0,300
31,2026-06-07T07:00,33.70826,-128.68323,54.8,299
32,2026-06-07T08:00,33.70826,-128.68323,51.5,298
33,2026-06-07T09:00,33.70826,-128.68323,50.5,298
34,2026-06-07T10:00,33.70826,-128.68323,51.3,303
35,2026-06-07T11:00,33.70826,-128.68323,53.5,318
36,2026-06-07T12:00,33.70826,-128.68323,54.7,334
37,2026-06-07T13:00,33.70826,-128.68323,58.9,327
38,2026-06-07T14:00,33.70826,-128.68323,63.9,334
39,2026-06-07T15:00,33.70826,-128.68323,66.6,332
40,2026-06-07T16:00,33.70826,-128.68323,63.4,331
41,2026-06-07T17:00,33.70826,-128.68323,55.0,328
42,2026-06-07T18:00,33.70826,-128.68323,59.3,328
43,2026-06-07T19:00,33.70826,-128.68323,64.0,347
44,2026-06-07T20:00,33.70826,-128.68323,72.6,352
45,2026-06-07T21:00,33.70826,-128.68323,76.5,351
46,2026-06-07T22:00,33.70826,-128.68323,81.7,357
47,2026-06-07T23:00,33.70826,-128.68323,73.2,358
0,2026-06-06T00:00,33.7425,-122.98707,114.9,299
1,2026-06-06T01:00,33.7425,-122.98707,118.1,295
2,2026-06-06T02:00,33.7425,-122.98707,120.9,294
3,2026-06-06T03:00,33.7425,-122.98707,114.8,291
4,2026-06-06T04:00,33.7425,-122.98707,117.6,288
5,2026-06-06T05:00,33.7425,-122.98707,117.7,287
6,2026-06-06T06:00,33.7425,-122.98707,116.5,287
7,2026-06-06T07:00,33.7425,-122.98707,118.2,285
8,2026-06-06T08:00,33.7425,-122.98707,122.0,285
9,2026-06-06T09:00,33.7425,-122.98707,124.6,283
10,2026-06-06T10:00,33.7425,-122.98707,126.1,282
11,2026-06-06T11:00,33.7425,-122.98707,126.5,279
12,2026-06-06T12:00,33.7425,-122.98707,127.0,277
13,2026-06-06T13:00,33.7425,-122.98707,129.3,277
14,2026-06-06T14:00,33.7425,-122.98707,132.0,278
15,2026-06-06T15:00,33.7425,-122.98707,134.4,278
16,2026-06-06T16:00,33.7425,-122.98707,135.4,277
17,2026-06-06T17:00,33.7425,-122.98707,136.4,276
18,2026-06-06T18:00,33.7425,-122.98707,136.1,275
19,2026-06-06T19:00,33.7425,-122.98707,135.8,273
20,2026-06-06T20:00,33.7425,-122.98707,135.6,272
21,2026-06-06T21:00,33.7425,-122.98707,136.8,271
22,2026-06-06T22:00,33.7425,-122.98707,138.0,271
23,2026-06-06T23:00,33.7425,-122.98707,136.8,272
24,2026-06-07T00:00,33.7425,-122.98707,135.6,271
25,2026-06-07T01:00,33.7425,-122.98707,133.2,271
26,2026-06-07T02:00,33.7425,-122.98707,129.6,269
27,2026-06-07T03:00,33.7425,-122.98707,128.4,269
28,2026-06-07T04:00,33.7425,-122.98707,129.6,269
29,2026-06-07T05:00,33.7425,-122.98707,130.8,269
30,2026-06-07T06:00,33.7425,-122.98707,129.6,269
31,2026-06-07T07:00,33.7425,-122.98707,124.8,271
32,2026-06-07T08:00,33.7425,-122.98707,116.5,272
33,2026-06-07T09:00,33.7425,-122.98707,100.0,275
34,2026-06-07T10:00,33.7425,-122.98707,82.9,280
35,2026-06-07T11:00,33.7425,-122.98707,73.7,282
36,2026-06-07T12:00,33.7425,-122.98707,68.7,282
37,2026-06-07T13:00,33.7425,-122.98707,66.4,283
38,2026-06-07T14:00,33.7425,-122.98707,62.0,285
39,2026-06-07T15:00,33.7425,-122.98707,57.0,292
40,2026-06-07T16:00,33.7425,-122.98707,50.6,301
41,2026-06-07T17:00,33.7425,-122.98707,49.7,307
42,2026-06-07T18:00,33.7425,-122.98707,48.7,308
43,2026-06-07T19:00,33.7425,-122.98707,47.6,311
44,2026-06-07T20:00,33.7425,-122.98707,46.3,307
45,2026-06-07T21:00,33.7425,-122.98707,48.4,314
46,2026-06-07T22:00,33.7425,-122.98707,47.8,321
47,2026-06-07T23:00,33.7425,-122.98707,48.7,322
0,2026-06-06T00:00,33.76105,-117.32337,64.1,322
1,2026-06-06T01:00,33.76105,-117.32337,66.0,323
2,2026-06-06T02:00,33.76105,-117.32337,66.3,328
3,2026-06-06T03:00,33.76105,-117.32337,75.4,323
4,2026-06-06T04:00,33.76105,-117.32337,81.1,322
5,2026-06-06T05:00,33.76105,-117.32337,88.8,322
6,2026-06-06T06:00,33.76105,-117.32337,102.8,317
7,2026-06-06T07:00,33.76105,-117.32337,104.4,315
8,2026-06-06T08:00,33.76105,-117.32337,95.0,315
9,2026-06-06T09:00,33.76105,-117.32337,89.1,313
10,2026-06-06T10:00,33.76105,-117.32337,93.9,309
11,2026-06-06T11:00,33.76105,-117.32337,103.2,303
12,2026-06-06T12:00,33.76105,-117.32337,106.0,301
13,2026-06-06T13:00,33.76105,-117.32337,109.5,297
14,2026-06-06T14:00,33.76105,-117.32337,109.0,295
15,2026-06-06T15:00,33.76105,-117.32337,110.0,295
16,2026-06-06T16:00,33.76105,-117.32337,108.1,293
17,2026-06-06T17:00,33.76105,-117.32337,108.6,290
18,2026-06-06T18:00,33.76105,-117.32337,107.8,287
19,2026-06-06T19:00,33.76105,-117.32337,105.7,285
20,2026-06-06T20:00,33.76105,-117.32337,108.7,281
21,2026-06-06T21:00,33.76105,-117.32337,113.8,284
22,2026-06-06T22:00,33.76105,-117.32337,113.2,283
23,2026-06-06T23:00,33.76105,-117.32337,110.0,284
24,2026-06-07T00:00,33.76105,-117.32337,116.3,281
25,2026-06-07T01:00,33.76105,-117.32337,116.4,278
26,2026-06-07T02:00,33.76105,-117.32337,110.9,276
27,2026-06-07T03:00,33.76105,-117.32337,109.4,273
28,2026-06-07T04:00,33.76105,-117.32337,108.0,271
29,2026-06-07T05:00,33.76105,-117.32337,108.0,270
30,2026-06-07T06:00,33.76105,-117.32337,111.7,268
31,2026-06-07T07:00,33.76105,-117.32337,114.2,266
32,2026-06-07T08:00,33.76105,-117.32337,116.6,267
33,2026-06-07T09:00,33.76105,-117.32337,117.9,266
34,2026-06-07T10:00,33.76105,-117.32337,119.0,267
35,2026-06-07T11:00,33.76105,-117.32337,121.4,267
36,2026-06-07T12:00,33.76105,-117.32337,121.6,265
37,2026-06-07T13:00,33.76105,-117.32337,118.3,264
38,2026-06-07T14:00,33.76105,-117.32337,116.3,262
39,2026-06-07T15:00,33.76105,-117.32337,114.2,261
40,2026-06-07T16:00,33.76105,-117.32337,113.2,260
41,2026-06-07T17:00,33.76105,-117.32337,110.1,259
42,2026-06-07T18:00,33.76105,-117.32337,102.6,259
43,2026-06-07T19:00,33.76105,-117.32337,94.9,261
44,2026-06-07T20:00,33.76105,-117.32337,84.7,263
45,2026-06-07T21:00,33.76105,-117.32337,72.2,266
46,2026-06-07T22:00,33.76105,-117.32337,62.4,268
47,2026-06-07T23:00,33.76105,-117.32337,56.4,269
0,2026-06-06T00:00,33.737732,-111.65904,53.9,17
1,2026-06-06T01:00,33.737732,-111.65904,50.9,19
2,2026-06-06T02:00,33.737732,-111.65904,46.8,23
3,2026-06-06T03:00,33.737732,-111.65904,42.4,25
4,2026-06-06T04:00,33.737732,-111.65904,33.0,19
5,2026-06-06T05:00,33.737732,-111.65904,28.2,348
6,2026-06-06T06:00,33.737732,-111.65904,27.4,345
7,2026-06-06T07:00,33.737732,-111.65904,30.2,353
8,2026-06-06T08:00,33.737732,-111.65904,34.6,346
9,2026-06-06T09:00,33.737732,-111.65904,39.2,337
10,2026-06-06T10:00,33.737732,-111.65904,36.5,333
11,2026-06-06T11:00,33.737732,-111.65904,33.8,333
12,2026-06-06T12:00,33.737732,-111.65904,38.1,336
13,2026-06-06T13:00,33.737732,-111.65904,42.9,333
14,2026-06-06T14:00,33.737732,-111.65904,44.0,334
15,2026-06-06T15:00,33.737732,-111.65904,48.6,327
16,2026-06-06T16:00,33.737732,-111.65904,50.1,318
17,2026-06-06T17:00,33.737732,-111.65904,56.9,312
18,2026-06-06T18:00,33.737732,-111.65904,62.0,313
19,2026-06-06T19:00,33.737732,-111.65904,64.6,312
20,2026-06-06T20:00,33.737732,-111.65904,63.6,316
21,2026-06-06T21:00,33.737732,-111.65904,62.9,318
22,2026-06-06T22:00,33.737732,-111.65904,60.3,316
23,2026-06-06T23:00,33.737732,-111.65904,61.1,313
24,2026-06-07T00:00,33.737732,-111.65904,60.4,311
25,2026-06-07T01:00,33.737732,-111.65904,62.4,308
26,2026-06-07T02:00,33.737732,-111.65904,64.9,304
27,2026-06-07T03:00,33.737732,-111.65904,67.3,301
28,2026-06-07T04:00,33.737732,-111.65904,73.6,298
29,2026-06-07T05:00,33.737732,-111.65904,74.2,293
30,2026-06-07T06:00,33.737732,-111.65904,66.9,291
31,2026-06-07T07:00,33.737732,-111.65904,78.4,295
32,2026-06-07T08:00,33.737732,-111.65904,82.8,287
33,2026-06-07T09:00,33.737732,-111.65904,77.3,276
34,2026-06-07T10:00,33.737732,-111.65904,76.2,263
35,2026-06-07T11:00,33.737732,-111.65904,74.9,264
36,2026-06-07T12:00,33.737732,-111.65904,76.4,262
37,2026-06-07T13:00,33.737732,-111.65904,67.3,259
38,2026-06-07T14:00,33.737732,-111.65904,75.6,269
39,2026-06-07T15:00,33.737732,-111.65904,73.4,266
40,2026-06-07T16:00,33.737732,-111.65904,76.9,267
41,2026-06-07T17:00,33.737732,-111.65904,81.6,269
42,2026-06-07T18:00,33.737732,-111.65904,86.5,268
43,2026-06-07T19:00,33.737732,-111.65904,88.0,265
44,2026-06-07T20:00,33.737732,-111.65904,84.5,259
45,2026-06-07T21:00,33.737732,-111.65904,87.6,257
46,2026-06-07T22:00,33.737732,-111.65904,89.1,256
47,2026-06-07T23:00,33.737732,-111.65904,88.2,255
0,2026-06-06T00:00,33.751575,-105.99096,29.3,35
1,2026-06-06T01:00,33.751575,-105.99096,21.4,52
2,2026-06-06T02:00,33.751575,-105.99096,18.0,94
3,2026-06-06T03:00,33.751575,-105.99096,16.7,111
4,2026-06-06T04:00,33.751575,-105.99096,6.5,112
5,2026-06-06T05:00,33.751575,-105.99096,13.4,80
6,2026-06-06T06:00,33.751575,-105.99096,18.2,82
7,2026-06-06T07:00,33.751575,-105.99096,14.0,110
8,2026-06-06T08:00,33.751575,-105.99096,14.4,185
9,2026-06-06T09:00,33.751575,-105.99096,13.0,214
10,2026-06-06T10:00,33.751575,-105.99096,10.3,234
11,2026-06-06T11:00,33.751575,-105.99096,16.7,300
12,2026-06-06T12:00,33.751575,-105.99096,19.7,322
13,2026-06-06T13:00,33.751575,-105.99096,12.1,354
14,2026-06-06T14:00,33.751575,-105.99096,4.3,304
15,2026-06-06T15:00,33.751575,-105.99096,9.6,270
16,2026-06-06T16:00,33.751575,-105.99096,13.2,270
17,2026-06-06T17:00,33.751575,-105.99096,10.9,264
18,2026-06-06T18:00,33.751575,-105.99096,16.3,253
19,2026-06-06T19:00,33.751575,-105.99096,22.4,254
20,2026-06-06T20:00,33.751575,-105.99096,22.9,264
21,2026-06-06T21:00,33.751575,-105.99096,27.0,291
22,2026-06-06T22:00,33.751575,-105.99096,22.8,288
23,2026-06-06T23:00,33.751575,-105.99096,16.1,297
24,2026-06-07T00:00,33.751575,-105.99096,10.3,324
25,2026-06-07T01:00,33.751575,-105.99096,6.5,68
26,2026-06-07T02:00,33.751575,-105.99096,2.7,333
27,2026-06-07T03:00,33.751575,-105.99096,25.2,183
28,2026-06-07T04:00,33.751575,-105.99096,18.7,230
29,2026-06-07T05:00,33.751575,-105.99096,26.5,275
30,2026-06-07T06:00,33.751575,-105.99096,26.8,297
31,2026-06-07T07:00,33.751575,-105.99096,25.7,307
32,2026-06-07T08:00,33.751575,-105.99096,24.0,307
33,2026-06-07T09:00,33.751575,-105.99096,24.7,299
34,2026-06-07T10:00,33.751575,-105.99096,30.8,291
35,2026-06-07T11:00,33.751575,-105.99096,29.7,284
36,2026-06-07T12:00,33.751575,-105.99096,33.8,287
37,2026-06-07T13:00,33.751575,-105.99096,37.2,291
38,2026-06-07T14:00,33.751575,-105.99096,38.7,300
39,2026-06-07T15:00,33.751575,-105.99096,45.0,314
40,2026-06-07T16:00,33.751575,-105.99096,50.9,315
41,2026-06-07T17:00,33.751575,-105.99096,55.2,312
42,2026-06-07T18:00,33.751575,-105.99096,51.7,301
43,2026-06-07T19:00,33.751575,-105.99096,52.6,297
44,2026-06-07T20:00,33.751575,-105.99096,53.5,290
45,2026-06-07T21:00,33.751575,-105.99096,50.9,278
46,2026-06-07T22:00,33.751575,-105.99096,47.4,279
47,2026-06-07T23:00,33.751575,-105.99096,50.5,274
0,2026-06-06T00:00,33.745316,-100.3199,71.7,198
1,2026-06-06T01:00,33.745316,-100.3199,60.3,186
2,2026-06-06T02:00,33.745316,-100.3199,65.0,192
3,2026-06-06T03:00,33.745316,-100.3199,80.6,184
4,2026-06-06T04:00,33.745316,-100.3199,60.0,178
5,2026-06-06T05:00,33.745316,-100.3199,66.7,166
6,2026-06-06T06:00,33.745316,-100.3199,58.0,156
7,2026-06-06T07:00,33.745316,-100.3199,64.8,141
8,2026-06-06T08:00,33.745316,-100.3199,53.6,130
9,2026-06-06T09:00,33.745316,-100.3199,60.3,134
10,2026-06-06T10:00,33.745316,-100.3199,55.2,138
11,2026-06-06T11:00,33.745316,-100.3199,35.6,147
12,2026-06-06T12:00,33.745316,-100.3199,25.7,169
13,2026-06-06T13:00,33.745316,-100.3199,26.6,172
14,2026-06-06T14:00,33.745316,-100.3199,37.3,195
15,2026-06-06T15:00,33.745316,-100.3199,46.9,212
16,2026-06-06T16:00,33.745316,-100.3199,52.6,215
17,2026-06-06T17:00,33.745316,-100.3199,45.7,210
18,2026-06-06T18:00,33.745316,-100.3199,37.1,209
19,2026-06-06T19:00,33.745316,-100.3199,37.3,225
20,2026-06-06T20:00,33.745316,-100.3199,55.3,214
21,2026-06-06T21:00,33.745316,-100.3199,58.4,199
22,2026-06-06T22:00,33.745316,-100.3199,29.0,308
23,2026-06-06T23:00,33.745316,-100.3199,38.7,263
24,2026-06-07T00:00,33.745316,-100.3199,47.2,277
25,2026-06-07T01:00,33.745316,-100.3199,42.3,277
26,2026-06-07T02:00,33.745316,-100.3199,33.6,270
27,2026-06-07T03:00,33.745316,-100.3199,59.4,225
28,2026-06-07T04:00,33.745316,-100.3199,62.1,221
29,2026-06-07T05:00,33.745316,-100.3199,49.4,209
30,2026-06-07T06:00,33.745316,-100.3199,40.6,199
31,2026-06-07T07:00,33.745316,-100.3199,37.2,178
32,2026-06-07T08:00,33.745316,-100.3199,24.7,194
33,2026-06-07T09:00,33.745316,-100.3199,22.8,177
34,2026-06-07T10:00,33.745316,-100.3199,28.2,192
35,2026-06-07T11:00,33.745316,-100.3199,24.6,223
36,2026-06-07T12:00,33.745316,-100.3199,16.7,240
37,2026-06-07T13:00,33.745316,-100.3199,14.4,265
38,2026-06-07T14:00,33.745316,-100.3199,13.2,270
39,2026-06-07T15:00,33.745316,-100.3199,14.4,265
40,2026-06-07T16:00,33.745316,-100.3199,15.8,279
41,2026-06-07T17:00,33.745316,-100.3199,20.7,280
42,2026-06-07T18:00,33.745316,-100.3199,15.8,261
43,2026-06-07T19:00,33.745316,-100.3199,11.3,212
44,2026-06-07T20:00,33.745316,-100.3199,17.1,231
45,2026-06-07T21:00,33.745316,-100.3199,29.2,261
46,2026-06-07T22:00,33.745316,-100.3199,31.6,279
47,2026-06-07T23:00,33.745316,-100.3199,26.4,267
0,2026-06-06T00:00,33.744812,-94.66026,91.6,238
1,2026-06-06T01:00,33.744812,-94.66026,80.4,232
2,2026-06-06T02:00,33.744812,-94.66026,74.8,229
3,2026-06-06T03:00,33.744812,-94.66026,77.2,226
4,2026-06-06T04:00,33.744812,-94.66026,75.2,231
5,2026-06-06T05:00,33.744812,-94.66026,76.9,236
6,2026-06-06T06:00,33.744812,-94.66026,81.9,231
7,2026-06-06T07:00,33.744812,-94.66026,87.7,230
8,2026-06-06T08:00,33.744812,-94.66026,93.4,226
9,2026-06-06T09:00,33.744812,-94.66026,84.1,228
10,2026-06-06T10:00,33.744812,-94.66026,81.5,224
11,2026-06-06T11:00,33.744812,-94.66026,90.0,224
12,2026-06-06T12:00,33.744812,-94.66026,78.1,225
13,2026-06-06T13:00,33.744812,-94.66026,72.2,223
14,2026-06-06T14:00,33.744812,-94.66026,86.6,224
15,2026-06-06T15:00,33.744812,-94.66026,68.1,229
16,2026-06-06T16:00,33.744812,-94.66026,60.3,215
17,2026-06-06T17:00,33.744812,-94.66026,76.3,217
18,2026-06-06T18:00,33.744812,-94.66026,74.1,209
19,2026-06-06T19:00,33.744812,-94.66026,82.8,210
20,2026-06-06T20:00,33.744812,-94.66026,86.4,205
21,2026-06-06T21:00,33.744812,-94.66026,90.6,212
22,2026-06-06T22:00,33.744812,-94.66026,90.3,216
23,2026-06-06T23:00,33.744812,-94.66026,101.8,226
24,2026-06-07T00:00,33.744812,-94.66026,95.3,216
25,2026-06-07T01:00,33.744812,-94.66026,108.9,212
26,2026-06-07T02:00,33.744812,-94.66026,119.2,212
27,2026-06-07T03:00,33.744812,-94.66026,122.4,217
28,2026-06-07T04:00,33.744812,-94.66026,103.5,215
29,2026-06-07T05:00,33.744812,-94.66026,92.6,228
30,2026-06-07T06:00,33.744812,-94.66026,103.7,233
31,2026-06-07T07:00,33.744812,-94.66026,111.6,238
32,2026-06-07T08:00,33.744812,-94.66026,125.2,236
33,2026-06-07T09:00,33.744812,-94.66026,134.1,236
34,2026-06-07T10:00,33.744812,-94.66026,118.8,237
35,2026-06-07T11:00,33.744812,-94.66026,118.8,240
36,2026-06-07T12:00,33.744812,-94.66026,123.1,240
37,2026-06-07T13:00,33.744812,-94.66026,126.6,239
38,2026-06-07T14:00,33.744812,-94.66026,129.5,241
39,2026-06-07T15:00,33.744812,-94.66026,127.5,235
40,2026-06-07T16:00,33.744812,-94.66026,127.5,232
41,2026-06-07T17:00,33.744812,-94.66026,136.7,227
42,2026-06-07T18:00,33.744812,-94.66026,136.9,229
43,2026-06-07T19:00,33.744812,-94.66026,131.7,228
44,2026-06-07T20:00,33.744812,-94.66026,131.5,225
45,2026-06-07T21:00,33.744812,-94.66026,128.2,226
46,2026-06-07T22:00,33.744812,-94.66026,111.2,223
47,2026-06-07T23:00,33.744812,-94.66026,93.4,223
0,2026-06-06T00:00,33.750057,-88.98927,69.4,288
1,2026-06-06T01:00,33.750057,-88.98927,55.6,284
2,2026-06-06T02:00,33.750057,-88.98927,63.7,273
3,2026-06-06T03:00,33.750057,-88.98927,67.3,267
4,2026-06-06T04:00,33.750057,-88.98927,67.2,272
5,2026-06-06T05:00,33.750057,-88.98927,69.3,284
6,2026-06-06T06:00,33.750057,-88.98927,68.4,285
7,2026-06-06T07:00,33.750057,-88.98927,61.2,271
8,2026-06-06T08:00,33.750057,-88.98927,59.0,265
9,2026-06-06T09:00,33.750057,-88.98927,61.9,261
10,2026-06-06T10:00,33.750057,-88.98927,59.8,260
11,2026-06-06T11:00,33.750057,-88.98927,61.2,254
12,2026-06-06T12:00,33.750057,-88.98927,57.2,260
13,2026-06-06T13:00,33.750057,-88.98927,54.1,257
14,2026-06-06T14:00,33.750057,-88.98927,58.5,255
15,2026-06-06T15:00,33.750057,-88.98927,53.5,250
16,2026-06-06T16:00,33.750057,-88.98927,50.9,262
17,2026-06-06T17:00,33.750057,-88.98927,51.7,266
18,2026-06-06T18:00,33.750057,-88.98927,53.7,260
19,2026-06-06T19:00,33.750057,-88.98927,53.1,252
20,2026-06-06T20:00,33.750057,-88.98927,56.3,243
21,2026-06-06T21:00,33.750057,-88.98927,64.6,239
22,2026-06-06T22:00,33.750057,-88.98927,55.8,245
23,2026-06-06T23:00,33.750057,-88.98927,66.4,253
24,2026-06-07T00:00,33.750057,-88.98927,62.9,257
25,2026-06-07T01:00,33.750057,-88.98927,65.5,256
26,2026-06-07T02:00,33.750057,-88.98927,83.6,258
27,2026-06-07T03:00,33.750057,-88.98927,93.9,266
28,2026-06-07T04:00,33.750057,-88.98927,102.1,273
29,2026-06-07T05:00,33.750057,-88.98927,86.4,269
30,2026-06-07T06:00,33.750057,-88.98927,67.7,240
31,2026-06-07T07:00,33.750057,-88.98927,73.9,234
32,2026-06-07T08:00,33.750057,-88.98927,59.7,248
33,2026-06-07T09:00,33.750057,-88.98927,53.7,260
34,2026-06-07T10:00,33.750057,-88.98927,51.8,257
35,2026-06-07T11:00,33.750057,-88.98927,56.7,264
36,2026-06-07T12:00,33.750057,-88.98927,58.2,256
37,2026-06-07T13:00,33.750057,-88.98927,67.6,258
38,2026-06-07T14:00,33.750057,-88.98927,78.9,257
39,2026-06-07T15:00,33.750057,-88.98927,72.6,239
40,2026-06-07T16:00,33.750057,-88.98927,81.3,248
41,2026-06-07T17:00,33.750057,-88.98927,90.9,258
42,2026-06-07T18:00,33.750057,-88.98927,83.8,257
43,2026-06-07T19:00,33.750057,-88.98927,86.4,256
44,2026-06-07T20:00,33.750057,-88.98927,93.2,263
45,2026-06-07T21:00,33.750057,-88.98927,66.7,247
46,2026-06-07T22:00,33.750057,-88.98927,73.2,270
47,2026-06-07T23:00,33.750057,-88.98927,57.9,236
0,2026-06-06T00:00,33.735207,-83.321335,41.4,253
1,2026-06-06T01:00,33.735207,-83.321335,47.0,264
2,2026-06-06T02:00,33.735207,-83.321335,61.9,292
3,2026-06-06T03:00,33.735207,-83.321335,73.0,315
4,2026-06-06T04:00,33.735207,-83.321335,90.3,320
5,2026-06-06T05:00,33.735207,-83.321335,97.2,325
6,2026-06-06T06:00,33.735207,-83.321335,90.6,328
7,2026-06-06T07:00,33.735207,-83.321335,82.8,321
8,2026-06-06T08:00,33.735207,-83.321335,76.3,323
9,2026-06-06T09:00,33.735207,-83.321335,69.4,323
10,2026-06-06T10:00,33.735207,-83.321335,69.6,315
11,2026-06-06T11:00,33.735207,-83.321335,62.6,306
12,2026-06-06T12:00,33.735207,-83.321335,60.3,301
13,2026-06-06T13:00,33.735207,-83.321335,53.0,308
14,2026-06-06T14:00,33.735207,-83.321335,51.8,316
15,2026-06-06T15:00,33.735207,-83.321335,60.3,316
16,2026-06-06T16:00,33.735207,-83.321335,60.0,307
17,2026-06-06T17:00,33.735207,-83.321335,57.4,296
18,2026-06-06T18:00,33.735207,-83.321335,64.1,287
19,2026-06-06T19:00,33.735207,-83.321335,68.7,286
20,2026-06-06T20:00,33.735207,-83.321335,68.1,284
21,2026-06-06T21:00,33.735207,-83.321335,72.2,291
22,2026-06-06T22:00,33.735207,-83.321335,62.3,286
23,2026-06-06T23:00,33.735207,-83.321335,79.0,294
24,2026-06-07T00:00,33.735207,-83.321335,76.0,291
25,2026-06-07T01:00,33.735207,-83.321335,77.1,291
26,2026-06-07T02:00,33.735207,-83.321335,82.7,294
27,2026-06-07T03:00,33.735207,-83.321335,81.8,292
28,2026-06-07T04:00,33.735207,-83.321335,74.2,293
29,2026-06-07T05:00,33.735207,-83.321335,73.7,286
30,2026-06-07T06:00,33.735207,-83.321335,74.0,290
31,2026-06-07T07:00,33.735207,-83.321335,63.4,289
32,2026-06-07T08:00,33.735207,-83.321335,77.3,296
33,2026-06-07T09:00,33.735207,-83.321335,73.0,295
34,2026-06-07T10:00,33.735207,-83.321335,71.0,300
35,2026-06-07T11:00,33.735207,-83.321335,70.1,308
36,2026-06-07T12:00,33.735207,-83.321335,66.0,307
37,2026-06-07T13:00,33.735207,-83.321335,62.9,305
38,2026-06-07T14:00,33.735207,-83.321335,69.2,298
39,2026-06-07T15:00,33.735207,-83.321335,64.9,298
40,2026-06-07T16:00,33.735207,-83.321335,63.6,302
41,2026-06-07T17:00,33.735207,-83.321335,55.8,295
42,2026-06-07T18:00,33.735207,-83.321335,57.6,268
43,2026-06-07T19:00,33.735207,-83.321335,69.4,280
44,2026-06-07T20:00,33.735207,-83.321335,71.0,286
45,2026-06-07T21:00,33.735207,-83.321335,79.5,285
46,2026-06-07T22:00,33.735207,-83.321335,86.4,284
47,2026-06-07T23:00,33.735207,-83.321335,89.4,285
0,2026-06-06T00:00,33.75753,-77.657234,24.7,284
1,2026-06-06T01:00,33.75753,-77.657234,23.1,279
2,2026-06-06T02:00,33.75753,-77.657234,28.8,272
3,2026-06-06T03:00,33.75753,-77.657234,29.4,258
4,2026-06-06T04:00,33.75753,-77.657234,35.3,252
5,2026-06-06T05:00,33.75753,-77.657234,39.9,249
6,2026-06-06T06:00,33.75753,-77.657234,44.0,253
7,2026-06-06T07:00,33.75753,-77.657234,52.1,255
8,2026-06-06T08:00,33.75753,-77.657234,49.3,252
9,2026-06-06T09:00,33.75753,-77.657234,44.5,256
10,2026-06-06T10:00,33.75753,-77.657234,41.4,260
11,2026-06-06T11:00,33.75753,-77.657234,34.8,270
12,2026-06-06T12:00,33.75753,-77.657234,32.8,278
13,2026-06-06T13:00,33.75753,-77.657234,33.6,270
14,2026-06-06T14:00,33.75753,-77.657234,36.3,262
15,2026-06-06T15:00,33.75753,-77.657234,29.2,289
16,2026-06-06T16:00,33.75753,-77.657234,36.6,319
17,2026-06-06T17:00,33.75753,-77.657234,41.7,319
18,2026-06-06T18:00,33.75753,-77.657234,47.8,309
19,2026-06-06T19:00,33.75753,-77.657234,51.3,303
20,2026-06-06T20:00,33.75753,-77.657234,54.8,299
21,2026-06-06T21:00,33.75753,-77.657234,60.7,295
22,2026-06-06T22:00,33.75753,-77.657234,66.7,308
23,2026-06-06T23:00,33.75753,-77.657234,74.7,312
24,2026-06-07T00:00,33.75753,-77.657234,79.9,311
25,2026-06-07T01:00,33.75753,-77.657234,86.5,304
26,2026-06-07T02:00,33.75753,-77.657234,83.4,300
27,2026-06-07T03:00,33.75753,-77.657234,77.8,308
28,2026-06-07T04:00,33.75753,-77.657234,68.6,306
29,2026-06-07T05:00,33.75753,-77.657234,66.0,295
30,2026-06-07T06:00,33.75753,-77.657234,62.6,287
31,2026-06-07T07:00,33.75753,-77.657234,64.7,281
32,2026-06-07T08:00,33.75753,-77.657234,70.6,291
33,2026-06-07T09:00,33.75753,-77.657234,68.4,292
34,2026-06-07T10:00,33.75753,-77.657234,67.1,297
35,2026-06-07T11:00,33.75753,-77.657234,64.4,297
36,2026-06-07T12:00,33.75753,-77.657234,59.3,302
37,2026-06-07T13:00,33.75753,-77.657234,72.7,308
38,2026-06-07T14:00,33.75753,-77.657234,74.6,307
39,2026-06-07T15:00,33.75753,-77.657234,71.4,312
40,2026-06-07T16:00,33.75753,-77.657234,61.9,316
41,2026-06-07T17:00,33.75753,-77.657234,68.1,311
42,2026-06-07T18:00,33.75753,-77.657234,73.3,310
43,2026-06-07T19:00,33.75753,-77.657234,76.6,305
44,2026-06-07T20:00,33.75753,-77.657234,81.6,306
45,2026-06-07T21:00,33.75753,-77.657234,73.0,297
46,2026-06-07T22:00,33.75753,-77.657234,68.4,292
47,2026-06-07T23:00,33.75753,-77.657234,77.4,294
0,2026-06-06T00:00,33.73798,-71.99383,52.6,336
1,2026-06-06T01:00,33.73798,-71.99383,48.6,340
2,2026-06-06T02:00,33.73798,-71.99383,48.4,337
3,2026-06-06T03:00,33.73798,-71.99383,59.1,331
4,2026-06-06T04:00,33.73798,-71.99383,62.4,330
5,2026-06-06T05:00,33.73798,-71.99383,62.4,330
6,2026-06-06T06:00,33.73798,-71.99383,59.6,326
7,2026-06-06T07:00,33.73798,-71.99383,55.9,325
8,2026-06-06T08:00,33.73798,-71.99383,50.9,326
9,2026-06-06T09:00,33.73798,-71.99383,45.9,319
10,2026-06-06T10:00,33.73798,-71.99383,48.6,310
11,2026-06-06T11:00,33.73798,-71.99383,51.9,304
12,2026-06-06T12:00,33.73798,-71.99383,49.0,306
13,2026-06-06T13:00,33.73798,-71.99383,51.9,304
14,2026-06-06T14:00,33.73798,-71.99383,51.0,297
15,2026-06-06T15:00,33.73798,-71.99383,49.4,296
16,2026-06-06T16:00,33.73798,-71.99383,42.1,290
17,2026-06-06T17:00,33.73798,-71.99383,37.0,283
18,2026-06-06T18:00,33.73798,-71.99383,41.2,278
19,2026-06-06T19:00,33.73798,-71.99383,43.8,279
20,2026-06-06T20:00,33.73798,-71.99383,49.5,284
21,2026-06-06T21:00,33.73798,-71.99383,47.8,282
22,2026-06-06T22:00,33.73798,-71.99383,44.4,272
23,2026-06-06T23:00,33.73798,-71.99383,50.4,271
24,2026-06-07T00:00,33.73798,-71.99383,51.7,274
25,2026-06-07T01:00,33.73798,-71.99383,51.5,295
26,2026-06-07T02:00,33.73798,-71.99383,48.4,300
27,2026-06-07T03:00,33.73798,-71.99383,45.3,302
28,2026-06-07T04:00,33.73798,-71.99383,46.4,291
29,2026-06-07T05:00,33.73798,-71.99383,47.2,277
30,2026-06-07T06:00,33.73798,-71.99383,50.6,275
31,2026-06-07T07:00,33.73798,-71.99383,46.8,270
32,2026-06-07T08:00,33.73798,-71.99383,48.1,274
33,2026-06-07T09:00,33.73798,-71.99383,45.9,276
34,2026-06-07T10:00,33.73798,-71.99383,56.6,275
35,2026-06-07T11:00,33.73798,-71.99383,52.7,282
36,2026-06-07T12:00,33.73798,-71.99383,49.0,287
37,2026-06-07T13:00,33.73798,-71.99383,43.3,289
38,2026-06-07T14:00,33.73798,-71.99383,42.5,286
39,2026-06-07T15:00,33.73798,-71.99383,39.6,284
40,2026-06-07T16:00,33.73798,-71.99383,40.6,289
41,2026-06-07T17:00,33.73798,-71.99383,42.6,292
42,2026-06-07T18:00,33.73798,-71.99383,41.4,287
43,2026-06-07T19:00,33.73798,-71.99383,42.4,278
44,2026-06-07T20:00,33.73798,-71.99383,53.3,278
45,2026-06-07T21:00,33.73798,-71.99383,50.6,284
46,2026-06-07T22:00,33.73798,-71.99383,51.5,298
47,2026-06-07T23:00,33.73798,-71.99383,60.6,297
0,2026-06-06T00:00,33.70826,-66.29813,75.6,10
1,2026-06-06T01:00,33.70826,-66.29813,70.0,6
2,2026-06-06T02:00,33.70826,-66.29813,64.0,6
3,2026-06-06T03:00,33.70826,-66.29813,57.0,8
4,2026-06-06T04:00,33.70826,-66.29813,48.1,4
5,2026-06-06T05:00,33.70826,-66.29813,43.4,346
6,2026-06-06T06:00,33.70826,-66.29813,45.7,330
7,2026-06-06T07:00,33.70826,-66.29813,48.0,328
8,2026-06-06T08:00,33.70826,-66.29813,48.8,332
9,2026-06-06T09:00,33.70826,-66.29813,47.2,333
10,2026-06-06T10:00,33.70826,-66.29813,44.1,331
11,2026-06-06T11:00,33.70826,-66.29813,38.9,326
12,2026-06-06T12:00,33.70826,-66.29813,31.0,324
13,2026-06-06T13:00,33.70826,-66.29813,29.0,330
14,2026-06-06T14:00,33.70826,-66.29813,26.3,336
15,2026-06-06T15:00,33.70826,-66.29813,25.4,341
16,2026-06-06T16:00,33.70826,-66.29813,23.6,345
17,2026-06-06T17:00,33.70826,-66.29813,21.6,341
18,2026-06-06T18:00,33.70826,-66.29813,18.8,333
19,2026-06-06T19:00,33.70826,-66.29813,19.5,317
20,2026-06-06T20:00,33.70826,-66.29813,21.4,308
21,2026-06-06T21:00,33.70826,-66.29813,24.7,299
22,2026-06-06T22:00,33.70826,-66.29813,29.0,294
23,2026-06-06T23:00,33.70826,-66.29813,32.8,294
24,2026-06-07T00:00,33.70826,-66.29813,34.4,295
25,2026-06-07T01:00,33.70826,-66.29813,37.0,295
26,2026-06-07T02:00,33.70826,-66.29813,36.6,293
27,2026-06-07T03:00,33.70826,-66.29813,36.1,291
28,2026-06-07T04:00,33.70826,-66.29813,39.1,288
29,2026-06-07T05:00,33.70826,-66.29813,42.5,286
30,2026-06-07T06:00,33.70826,-66.29813,42.8,281
31,2026-06-07T07:00,33.70826,-66.29813,43.8,279
32,2026-06-07T08:00,33.70826,-66.29813,47.0,276
33,2026-06-07T09:00,33.70826,-66.29813,50.8,277
34,2026-06-07T10:00,33.70826,-66.29813,49.0,281
35,2026-06-07T11:00,33.70826,-66.29813,46.0,285
36,2026-06-07T12:00,33.70826,-66.29813,44.8,286
37,2026-06-07T13:00,33.70826,-66.29813,47.0,276
38,2026-06-07T14:00,33.70826,-66.29813,54.0,271
39,2026-06-07T15:00,33.70826,-66.29813,56.5,274
40,2026-06-07T16:00,33.70826,-66.29813,49.3,274
41,2026-06-07T17:00,33.70826,-66.29813,61.2,269
42,2026-06-07T18:00,33.70826,-66.29813,67.4,266
43,2026-06-07T19:00,33.70826,-66.29813,63.6,268
44,2026-06-07T20:00,33.70826,-66.29813,63.9,265
45,2026-06-07T21:00,33.70826,-66.29813,72.2,265
46,2026-06-07T22:00,33.70826,-66.29813,65.0,266
47,2026-06-07T23:00,33.70826,-66.29813,61.2,271
0,2026-06-06T00:00,33.778557,-60.67163,135.9,218
1,2026-06-06T01:00,33.778557,-60.67163,140.0,219
2,2026-06-06T02:00,33.778557,-60.67163,139.7,217
3,2026-06-06T03:00,33.778557,-60.67163,137.0,217
4,2026-06-06T04:00,33.778557,-60.67163,132.1,219
5,2026-06-06T05:00,33.778557,-60.67163,124.0,223
6,2026-06-06T06:00,33.778557,-60.67163,99.5,228
7,2026-06-06T07:00,33.778557,-60.67163,51.3,259
8,2026-06-06T08:00,33.778557,-60.67163,55.1,340
9,2026-06-06T09:00,33.778557,-60.67163,70.1,353
10,2026-06-06T10:00,33.778557,-60.67163,53.7,336
11,2026-06-06T11:00,33.778557,-60.67163,46.7,316
12,2026-06-06T12:00,33.778557,-60.67163,48.4,314
13,2026-06-06T13:00,33.778557,-60.67163,47.3,306
14,2026-06-06T14:00,33.778557,-60.67163,45.0,312
15,2026-06-06T15:00,33.778557,-60.67163,41.6,314
16,2026-06-06T16:00,33.778557,-60.67163,40.9,310
17,2026-06-06T17:00,33.778557,-60.67163,39.2,310
18,2026-06-06T18:00,33.778557,-60.67163,37.7,307
19,2026-06-06T19:00,33.778557,-60.67163,37.3,303
20,2026-06-06T20:00,33.778557,-60.67163,38.1,298
21,2026-06-06T21:00,33.778557,-60.67163,42.4,299
22,2026-06-06T22:00,33.778557,-60.67163,48.0,307
23,2026-06-06T23:00,33.778557,-60.67163,48.4,318
24,2026-06-07T00:00,33.778557,-60.67163,51.4,323
25,2026-06-07T01:00,33.778557,-60.67163,50.4,322
26,2026-06-07T02:00,33.778557,-60.67163,48.0,323
27,2026-06-07T03:00,33.778557,-60.67163,44.6,324
28,2026-06-07T04:00,33.778557,-60.67163,39.6,325
29,2026-06-07T05:00,33.778557,-60.67163,36.7,322
30,2026-06-07T06:00,33.778557,-60.67163,35.7,318
31,2026-06-07T07:00,33.778557,-60.67163,34.0,318
32,2026-06-07T08:00,33.778557,-60.67163,29.7,313
33,2026-06-07T09:00,33.778557,-60.67163,27.0,302
34,2026-06-07T10:00,33.778557,-60.67163,28.8,287
35,2026-06-07T11:00,33.778557,-60.67163,30.6,281
36,2026-06-07T12:00,33.778557,-60.67163,30.4,279
37,2026-06-07T13:00,33.778557,-60.67163,30.4,279
38,2026-06-07T14:00,33.778557,-60.67163,31.2,272
39,2026-06-07T15:00,33.778557,-60.67163,32.4,270
40,2026-06-07T16:00,33.778557,-60.67163,34.8,270
41,2026-06-07T17:00,33.778557,-60.67163,37.3,274
42,2026-06-07T18:00,33.778557,-60.67163,38.4,272
43,2026-06-07T19:00,33.778557,-60.67163,42.0,268
44,2026-06-07T20:00,33.778557,-60.67163,43.2,268
45,2026-06-07T21:00,33.778557,-60.67163,45.6,270
46,2026-06-07T22:00,33.778557,-60.67163,46.8,270
47,2026-06-07T23:00,33.778557,-60.67163,49.4,264
0,2026-06-06T00:00,33.70826,-55.006195,67.7,233
1,2026-06-06T01:00,33.70826,-55.006195,69.9,235
2,2026-06-06T02:00,33.70826,-55.006195,68.6,237
3,2026-06-06T03:00,33.70826,-55.006195,63.9,236
4,2026-06-06T04:00,33.70826,-55.006195,62.2,230
5,2026-06-06T05:00,33.70826,-55.006195,63.6,226
6,2026-06-06T06:00,33.70826,-55.006195,69.6,225
7,2026-06-06T07:00,33.70826,-55.006195,77.4,229
8,2026-06-06T08:00,33.70826,-55.006195,81.7,230
9,2026-06-06T09:00,33.70826,-55.006195,82.3,227
10,2026-06-06T10:00,33.70826,-55.006195,83.2,226
11,2026-06-06T11:00,33.70826,-55.006195,86.5,225
12,2026-06-06T12:00,33.70826,-55.006195,93.4,224
13,2026-06-06T13:00,33.70826,-55.006195,96.8,223
14,2026-06-06T14:00,33.70826,-55.006195,101.1,223
15,2026-06-06T15:00,33.70826,-55.006195,106.1,225
16,2026-06-06T16:00,33.70826,-55.006195,105.1,232
17,2026-06-06T17:00,33.70826,-55.006195,97.2,237
18,2026-06-06T18:00,33.70826,-55.006195,87.3,238
19,2026-06-06T19:00,33.70826,-55.006195,78.4,245
20,2026-06-06T20:00,33.70826,-55.006195,72.1,252
21,2026-06-06T21:00,33.70826,-55.006195,64.5,252
22,2026-06-06T22:00,33.70826,-55.006195,55.1,250
23,2026-06-06T23:00,33.70826,-55.006195,48.6,250
24,2026-06-07T00:00,33.70826,-55.006195,42.5,254
25,2026-06-07T01:00,33.70826,-55.006195,43.1,257
26,2026-06-07T02:00,33.70826,-55.006195,41.4,260
27,2026-06-07T03:00,33.70826,-55.006195,40.1,261
28,2026-06-07T04:00,33.70826,-55.006195,37.4,264
29,2026-06-07T05:00,33.70826,-55.006195,34.9,266
30,2026-06-07T06:00,33.70826,-55.006195,31.2,268
31,2026-06-07T07:00,33.70826,-55.006195,26.5,275
32,2026-06-07T08:00,33.70826,-55.006195,22.1,283
33,2026-06-07T09:00,33.70826,-55.006195,16.7,291
34,2026-06-07T10:00,33.70826,-55.006195,14.5,294
35,2026-06-07T11:00,33.70826,-55.006195,10.7,297
36,2026-06-07T12:00,33.70826,-55.006195,9.1,293
37,2026-06-07T13:00,33.70826,-55.006195,8.7,286
38,2026-06-07T14:00,33.70826,-55.006195,8.4,270
39,2026-06-07T15:00,33.70826,-55.006195,8.4,270
40,2026-06-07T16:00,33.70826,-55.006195,10.9,264
41,2026-06-07T17:00,33.70826,-55.006195,12.0,270
42,2026-06-07T18:00,33.70826,-55.006195,14.4,270
43,2026-06-07T19:00,33.70826,-55.006195,16.8,270
44,2026-06-07T20:00,33.70826,-55.006195,19.2,266
45,2026-06-07T21:00,33.70826,-55.006195,22.8,267
46,2026-06-07T22:00,33.70826,-55.006195,26.4,270
47,2026-06-07T23:00,33.70826,-55.006195,29.4,282
0,2026-06-06T00:00,38.13708,-139.97305,84.3,281
1,2026-06-06T01:00,38.13708,-139.97305,81.6,287
2,2026-06-06T02:00,38.13708,-139.97305,88.1,287
3,2026-06-06T03:00,38.13708,-139.97305,87.3,288
4,2026-06-06T04:00,38.13708,-139.97305,89.9,289
5,2026-06-06T05:00,38.13708,-139.97305,90.7,296
6,2026-06-06T06:00,38.13708,-139.97305,84.1,312
7,2026-06-06T07:00,38.13708,-139.97305,82.6,324
8,2026-06-06T08:00,38.13708,-139.97305,78.6,326
9,2026-06-06T09:00,38.13708,-139.97305,80.9,328
10,2026-06-06T10:00,38.13708,-139.97305,86.5,326
11,2026-06-06T11:00,38.13708,-139.97305,92.9,324
12,2026-06-06T12:00,38.13708,-139.97305,92.8,320
13,2026-06-06T13:00,38.13708,-139.97305,95.4,320
14,2026-06-06T14:00,38.13708,-139.97305,91.9,319
15,2026-06-06T15:00,38.13708,-139.97305,92.7,319
16,2026-06-06T16:00,38.13708,-139.97305,88.3,316
17,2026-06-06T17:00,38.13708,-139.97305,79.8,315
18,2026-06-06T18:00,38.13708,-139.97305,76.5,319
19,2026-06-06T19:00,38.13708,-139.97305,92.9,335
20,2026-06-06T20:00,38.13708,-139.97305,110.9,347
21,2026-06-06T21:00,38.13708,-139.97305,89.3,329
22,2026-06-06T22:00,38.13708,-139.97305,85.9,332
23,2026-06-06T23:00,38.13708,-139.97305,87.7,330
24,2026-06-07T00:00,38.13708,-139.97305,94.9,325
25,2026-06-07T01:00,38.13708,-139.97305,93.9,328
26,2026-06-07T02:00,38.13708,-139.97305,97.7,323
27,2026-06-07T03:00,38.13708,-139.97305,99.2,325
28,2026-06-07T04:00,38.13708,-139.97305,110.2,327
29,2026-06-07T05:00,38.13708,-139.97305,122.4,332
30,2026-06-07T06:00,38.13708,-139.97305,119.8,331
31,2026-06-07T07:00,38.13708,-139.97305,116.6,331
32,2026-06-07T08:00,38.13708,-139.97305,108.7,329
33,2026-06-07T09:00,38.13708,-139.97305,103.2,327
34,2026-06-07T10:00,38.13708,-139.97305,97.8,327
35,2026-06-07T11:00,38.13708,-139.97305,102.2,326
36,2026-06-07T12:00,38.13708,-139.97305,89.2,331
37,2026-06-07T13:00,38.13708,-139.97305,89.3,329
38,2026-06-07T14:00,38.13708,-139.97305,94.5,320
39,2026-06-07T15:00,38.13708,-139.97305,95.4,320
40,2026-06-07T16:00,38.13708,-139.97305,90.2,319
41,2026-06-07T17:00,38.13708,-139.97305,102.0,319
42,2026-06-07T18:00,38.13708,-139.97305,98.4,316
43,2026-06-07T19:00,38.13708,-139.97305,102.8,312
44,2026-06-07T20:00,38.13708,-139.97305,101.1,312
45,2026-06-07T21:00,38.13708,-139.97305,102.5,308
46,2026-06-07T22:00,38.13708,-139.97305,100.1,308
47,2026-06-07T23:00,38.13708,-139.97305,99.0,309
0,2026-06-06T00:00,38.066784,-134.33379,92.8,256
1,2026-06-06T01:00,38.066784,-134.33379,100.1,256
2,2026-06-06T02:00,38.066784,-134.33379,105.7,258
3,2026-06-06T03:00,38.066784,-134.33379,108.5,260
4,2026-06-06T04:00,38.066784,-134.33379,107.3,264
5,2026-06-06T05:00,38.066784,-134.33379,103.2,271
6,2026-06-06T06:00,38.066784,-134.33379,99.7,273
7,2026-06-06T07:00,38.066784,-134.33379,108.0,269
8,2026-06-06T08:00,38.066784,-134.33379,113.0,267
9,2026-06-06T09:00,38.066784,-134.33379,120.4,265
10,2026-06-06T10:00,38.066784,-134.33379,117.8,266
11,2026-06-06T11:00,38.066784,-134.33379,109.6,275
12,2026-06-06T12:00,38.066784,-134.33379,107.6,292
13,2026-06-06T13:00,38.066784,-134.33379,119.2,310
14,2026-06-06T14:00,38.066784,-134.33379,130.3,320
15,2026-06-06T15:00,38.066784,-134.33379,128.4,318
16,2026-06-06T16:00,38.066784,-134.33379,116.5,319
17,2026-06-06T17:00,38.066784,-134.33379,112.8,322
18,2026-06-06T18:00,38.066784,-134.33379,99.0,321
19,2026-06-06T19:00,38.066784,-134.33379,86.7,318
20,2026-06-06T20:00,38.066784,-134.33379,78.9,314
21,2026-06-06T21:00,38.066784,-134.33379,75.0,310
22,2026-06-06T22:00,38.066784,-134.33379,72.0,307
23,2026-06-06T23:00,38.066784,-134.33379,78.2,311
24,2026-06-07T00:00,38.066784,-134.33379,85.0,324
25,2026-06-07T01:00,38.066784,-134.33379,86.9,340
26,2026-06-07T02:00,38.066784,-134.33379,85.5,326
27,2026-06-07T03:00,38.066784,-134.33379,83.4,330
28,2026-06-07T04:00,38.066784,-134.33379,87.7,330
29,2026-06-07T05:00,38.066784,-134.33379,85.5,322
30,2026-06-07T06:00,38.066784,-134.33379,87.1,322
31,2026-06-07T07:00,38.066784,-134.33379,101.9,326
32,2026-06-07T08:00,38.066784,-134.33379,107.5,327
33,2026-06-07T09:00,38.066784,-134.33379,106.3,323
34,2026-06-07T10:00,38.066784,-134.33379,97.2,327
35,2026-06-07T11:00,38.066784,-134.33379,106.9,335
36,2026-06-07T12:00,38.066784,-134.33379,119.2,339
37,2026-06-07T13:00,38.066784,-134.33379,115.4,333
38,2026-06-07T14:00,38.066784,-134.33379,106.3,333
39,2026-06-07T15:00,38.066784,-134.33379,100.9,332
40,2026-06-07T16:00,38.066784,-134.33379,101.1,330
41,2026-06-07T17:00,38.066784,-134.33379,105.2,325
42,2026-06-07T18:00,38.066784,-134.33379,102.5,325
43,2026-06-07T19:00,38.066784,-134.33379,94.5,320
44,2026-06-07T20:00,38.066784,-134.33379,99.3,316
45,2026-06-07T21:00,38.066784,-134.33379,112.0,314
46,2026-06-07T22:00,38.066784,-134.33379,114.6,314
47,2026-06-07T23:00,38.066784,-134.33379,124.1,318
0,2026-06-06T00:00,38.138016,-128.66006,94.0,275
1,2026-06-06T01:00,38.138016,-128.66006,92.2,278
2,2026-06-06T02:00,38.138016,-128.66006,88.0,281
3,2026-06-06T03:00,38.138016,-128.66006,88.3,282
4,2026-06-06T04:00,38.138016,-128.66006,88.3,282
5,2026-06-06T05:00,38.138016,-128.66006,93.9,280
6,2026-06-06T06:00,38.138016,-128.66006,99.8,280
7,2026-06-06T07:00,38.138016,-128.66006,106.7,278
8,2026-06-06T08:00,38.138016,-128.66006,111.3,277
9,2026-06-06T09:00,38.138016,-128.66006,114.8,277
10,2026-06-06T10:00,38.138016,-128.66006,119.3,275
11,2026-06-06T11:00,38.138016,-128.66006,122.7,274
12,2026-06-06T12:00,38.138016,-128.66006,125.0,273
13,2026-06-06T13:00,38.138016,-128.66006,127.3,272
14,2026-06-06T14:00,38.138016,-128.66006,129.6,271
15,2026-06-06T15:00,38.138016,-128.66006,132.0,269
16,2026-06-06T16:00,38.138016,-128.66006,134.4,270
17,2026-06-06T17:00,38.138016,-128.66006,117.6,271
18,2026-06-06T18:00,38.138016,-128.66006,97.3,273
19,2026-06-06T19:00,38.138016,-128.66006,77.4,283
20,2026-06-06T20:00,38.138016,-128.66006,68.7,297
21,2026-06-06T21:00,38.138016,-128.66006,67.3,310
22,2026-06-06T22:00,38.138016,-128.66006,65.6,320
23,2026-06-06T23:00,38.138016,-128.66006,66.6,326
24,2026-06-07T00:00,38.138016,-128.66006,65.5,334
25,2026-06-07T01:00,38.138016,-128.66006,71.8,339
26,2026-06-07T02:00,38.138016,-128.66006,79.8,344
27,2026-06-07T03:00,38.138016,-128.66006,87.6,347
28,2026-06-07T04:00,38.138016,-128.66006,93.0,349
29,2026-06-07T05:00,38.138016,-128.66006,94.9,351
30,2026-06-07T06:00,38.138016,-128.66006,96.1,351
31,2026-06-07T07:00,38.138016,-128.66006,89.9,347
32,2026-06-07T08:00,38.138016,-128.66006,82.0,342
33,2026-06-07T09:00,38.138016,-128.66006,75.8,337
34,2026-06-07T10:00,38.138016,-128.66006,78.4,333
35,2026-06-07T11:00,38.138016,-128.66006,82.8,330
36,2026-06-07T12:00,38.138016,-128.66006,87.3,328
37,2026-06-07T13:00,38.138016,-128.66006,88.7,337
38,2026-06-07T14:00,38.138016,-128.66006,91.4,346
39,2026-06-07T15:00,38.138016,-128.66006,96.3,356
40,2026-06-07T16:00,38.138016,-128.66006,97.6,355
41,2026-06-07T17:00,38.138016,-128.66006,95.9,351
42,2026-06-07T18:00,38.138016,-128.66006,94.6,348
43,2026-06-07T19:00,38.138016,-128.66006,96.3,346
44,2026-06-07T20:00,38.138016,-128.66006,99.6,345
45,2026-06-07T21:00,38.138016,-128.66006,101.7,343
46,2026-06-07T22:00,38.138016,-128.66006,99.0,341
47,2026-06-07T23:00,38.138016,-128.66006,96.3,337
0,2026-06-06T00:00,38.135925,-123.0076,109.9,276
1,2026-06-06T01:00,38.135925,-123.0076,111.2,277
2,2026-06-06T02:00,38.135925,-123.0076,116.3,278
3,2026-06-06T03:00,38.135925,-123.0076,112.2,276
4,2026-06-06T04:00,38.135925,-123.0076,114.5,275
5,2026-06-06T05:00,38.135925,-123.0076,114.2,274
6,2026-06-06T06:00,38.135925,-123.0076,115.3,272
7,2026-06-06T07:00,38.135925,-123.0076,109.3,273
8,2026-06-06T08:00,38.135925,-123.0076,102.1,272
9,2026-06-06T09:00,38.135925,-123.0076,96.0,271
10,2026-06-06T10:00,38.135925,-123.0076,93.6,270
11,2026-06-06T11:00,38.135925,-123.0076,93.6,270
12,2026-06-06T12:00,38.135925,-123.0076,96.0,269
13,2026-06-06T13:00,38.135925,-123.0076,100.8,269
14,2026-06-06T14:00,38.135925,-123.0076,103.3,268
15,2026-06-06T15:00,38.135925,-123.0076,103.3,268
16,2026-06-06T16:00,38.135925,-123.0076,107.0,266
17,2026-06-06T17:00,38.135925,-123.0076,109.4,266
18,2026-06-06T18:00,38.135925,-123.0076,112.0,265
19,2026-06-06T19:00,38.135925,-123.0076,113.6,263
20,2026-06-06T20:00,38.135925,-123.0076,118.6,262
21,2026-06-06T21:00,38.135925,-123.0076,123.5,262
22,2026-06-06T22:00,38.135925,-123.0076,131.3,258
23,2026-06-06T23:00,38.135925,-123.0076,131.9,257
24,2026-06-07T00:00,38.135925,-123.0076,133.3,256
25,2026-06-07T01:00,38.135925,-123.0076,131.6,257
26,2026-06-07T02:00,38.135925,-123.0076,121.9,264
27,2026-06-07T03:00,38.135925,-123.0076,98.5,272
28,2026-06-07T04:00,38.135925,-123.0076,82.7,279
29,2026-06-07T05:00,38.135925,-123.0076,71.4,287
30,2026-06-07T06:00,38.135925,-123.0076,62.8,296
31,2026-06-07T07:00,38.135925,-123.0076,55.3,304
32,2026-06-07T08:00,38.135925,-123.0076,56.4,308
33,2026-06-07T09:00,38.135925,-123.0076,58.6,313
34,2026-06-07T10:00,38.135925,-123.0076,61.9,316
35,2026-06-07T11:00,38.135925,-123.0076,71.6,325
36,2026-06-07T12:00,38.135925,-123.0076,77.3,332
37,2026-06-07T13:00,38.135925,-123.0076,75.7,333
38,2026-06-07T14:00,38.135925,-123.0076,76.2,332
39,2026-06-07T15:00,38.135925,-123.0076,67.9,328
40,2026-06-07T16:00,38.135925,-123.0076,63.6,324
41,2026-06-07T17:00,38.135925,-123.0076,59.6,320
42,2026-06-07T18:00,38.135925,-123.0076,53.5,318
43,2026-06-07T19:00,38.135925,-123.0076,50.9,315
44,2026-06-07T20:00,38.135925,-123.0076,49.2,313
45,2026-06-07T21:00,38.135925,-123.0076,48.4,316
46,2026-06-07T22:00,38.135925,-123.0076,57.9,326
47,2026-06-07T23:00,38.135925,-123.0076,69.4,330
0,2026-06-06T00:00,38.115913,-117.34234,60.2,275
1,2026-06-06T01:00,38.115913,-117.34234,63.3,280
2,2026-06-06T02:00,38.115913,-117.34234,74.4,280
3,2026-06-06T03:00,38.115913,-117.34234,75.6,280
4,2026-06-06T04:00,38.115913,-117.34234,76.7,280
5,2026-06-06T05:00,38.115913,-117.34234,77.0,281
6,2026-06-06T06:00,38.115913,-117.34234,78.5,276
7,2026-06-06T07:00,38.115913,-117.34234,75.6,270
8,2026-06-06T08:00,38.115913,-117.34234,75.6,268
9,2026-06-06T09:00,38.115913,-117.34234,77.0,266
10,2026-06-06T10:00,38.115913,-117.34234,81.1,262
11,2026-06-06T11:00,38.115913,-117.34234,84.0,260
12,2026-06-06T12:00,38.115913,-117.34234,86.2,261
13,2026-06-06T13:00,38.115913,-117.34234,92.0,263
14,2026-06-06T14:00,38.115913,-117.34234,95.9,261
15,2026-06-06T15:00,38.115913,-117.34234,101.5,263
16,2026-06-06T16:00,38.115913,-117.34234,105.0,264
17,2026-06-06T17:00,38.115913,-117.34234,107.3,264
18,2026-06-06T18:00,38.115913,-117.34234,108.5,264
19,2026-06-06T19:00,38.115913,-117.34234,110.9,264
20,2026-06-06T20:00,38.115913,-117.34234,114.5,265
21,2026-06-06T21:00,38.115913,-117.34234,117.1,264
22,2026-06-06T22:00,38.115913,-117.34234,116.8,261
23,2026-06-06T23:00,38.115913,-117.34234,119.6,260
24,2026-06-07T00:00,38.115913,-117.34234,120.0,258
25,2026-06-07T01:00,38.115913,-117.34234,119.4,257
26,2026-06-07T02:00,38.115913,-117.34234,120.5,255
27,2026-06-07T03:00,38.115913,-117.34234,123.1,255
28,2026-06-07T04:00,38.115913,-117.34234,116.1,256
29,2026-06-07T05:00,38.115913,-117.34234,113.2,257
30,2026-06-07T06:00,38.115913,-117.34234,112.1,257
31,2026-06-07T07:00,38.115913,-117.34234,114.7,257
32,2026-06-07T08:00,38.115913,-117.34234,115.0,256
33,2026-06-07T09:00,38.115913,-117.34234,113.2,255
34,2026-06-07T10:00,38.115913,-117.34234,113.5,252
35,2026-06-07T11:00,38.115913,-117.34234,114.2,251
36,2026-06-07T12:00,38.115913,-117.34234,104.0,253
37,2026-06-07T13:00,38.115913,-117.34234,89.9,257
38,2026-06-07T14:00,38.115913,-117.34234,75.4,261
39,2026-06-07T15:00,38.115913,-117.34234,63.6,268
40,2026-06-07T16:00,38.115913,-117.34234,58.8,269
41,2026-06-07T17:00,38.115913,-117.34234,55.2,271
42,2026-06-07T18:00,38.115913,-117.34234,48.1,274
43,2026-06-07T19:00,38.115913,-117.34234,45.2,287
44,2026-06-07T20:00,38.115913,-117.34234,43.5,294
45,2026-06-07T21:00,38.115913,-117.34234,44.5,297
46,2026-06-07T22:00,38.115913,-117.34234,46.2,298
47,2026-06-07T23:00,38.115913,-117.34234,44.9,304
0,2026-06-06T00:00,38.12795,-111.65787,33.8,333
1,2026-06-06T01:00,38.12795,-111.65787,29.3,325
2,2026-06-06T02:00,38.12795,-111.65787,31.5,320
3,2026-06-06T03:00,38.12795,-111.65787,33.8,297
4,2026-06-06T04:00,38.12795,-111.65787,37.3,285
5,2026-06-06T05:00,38.12795,-111.65787,36.3,278
6,2026-06-06T06:00,38.12795,-111.65787,36.0,272
7,2026-06-06T07:00,38.12795,-111.65787,33.7,266
8,2026-06-06T08:00,38.12795,-111.65787,35.8,256
9,2026-06-06T09:00,38.12795,-111.65787,40.2,260
10,2026-06-06T10:00,38.12795,-111.65787,39.8,265
11,2026-06-06T11:00,38.12795,-111.65787,43.3,273
12,2026-06-06T12:00,38.12795,-111.65787,44.5,275
13,2026-06-06T13:00,38.12795,-111.65787,42.0,272
14,2026-06-06T14:00,38.12795,-111.65787,43.2,270
15,2026-06-06T15:00,38.12795,-111.65787,48.2,264
16,2026-06-06T16:00,38.12795,-111.65787,51.1,261
17,2026-06-06T17:00,38.12795,-111.65787,53.7,260
18,2026-06-06T18:00,38.12795,-111.65787,57.9,257
19,2026-06-06T19:00,38.12795,-111.65787,60.8,255
20,2026-06-06T20:00,38.12795,-111.65787,55.9,255
21,2026-06-06T21:00,38.12795,-111.65787,57.0,255
22,2026-06-06T22:00,38.12795,-111.65787,58.8,258
23,2026-06-06T23:00,38.12795,-111.65787,63.3,260
24,2026-06-07T00:00,38.12795,-111.65787,62.1,260
25,2026-06-07T01:00,38.12795,-111.65787,63.5,259
26,2026-06-07T02:00,38.12795,-111.65787,68.7,258
27,2026-06-07T03:00,38.12795,-111.65787,69.9,258
28,2026-06-07T04:00,38.12795,-111.65787,71.9,255
29,2026-06-07T05:00,38.12795,-111.65787,75.2,253
30,2026-06-07T06:00,38.12795,-111.65787,80.1,251
31,2026-06-07T07:00,38.12795,-111.65787,88.1,250
32,2026-06-07T08:00,38.12795,-111.65787,93.0,250
33,2026-06-07T09:00,38.12795,-111.65787,98.3,252
34,2026-06-07T10:00,38.12795,-111.65787,102.5,254
35,2026-06-07T11:00,38.12795,-111.65787,103.4,255
36,2026-06-07T12:00,38.12795,-111.65787,105.5,253
37,2026-06-07T13:00,38.12795,-111.65787,103.6,252
38,2026-06-07T14:00,38.12795,-111.65787,98.7,249
39,2026-06-07T15:00,38.12795,-111.65787,92.4,245
40,2026-06-07T16:00,38.12795,-111.65787,91.8,241
41,2026-06-07T17:00,38.12795,-111.65787,90.8,241
42,2026-06-07T18:00,38.12795,-111.65787,88.1,241
43,2026-06-07T19:00,38.12795,-111.65787,87.7,240
44,2026-06-07T20:00,38.12795,-111.65787,93.5,241
45,2026-06-07T21:00,38.12795,-111.65787,96.3,239
46,2026-06-07T22:00,38.12795,-111.65787,99.0,239
47,2026-06-07T23:00,38.12795,-111.65787,96.7,240
0,2026-06-06T00:00,38.13546,-105.99054,6.1,11
1,2026-06-06T01:00,38.13546,-105.99054,9.1,23
2,2026-06-06T02:00,38.13546,-105.99054,13.3,5
3,2026-06-06T03:00,38.13546,-105.99054,15.8,351
4,2026-06-06T04:00,38.13546,-105.99054,15.2,18
5,2026-06-06T05:00,38.13546,-105.99054,12.1,6
6,2026-06-06T06:00,38.13546,-105.99054,8.4,360
7,2026-06-06T07:00,38.13546,-105.99054,13.2,360
8,2026-06-06T08:00,38.13546,-105.99054,20.5,353
9,2026-06-06T09:00,38.13546,-105.99054,26.2,344
10,2026-06-06T10:00,38.13546,-105.99054,27.4,331
11,2026-06-06T11:00,38.13546,-105.99054,29.3,325
12,2026-06-06T12:00,38.13546,-105.99054,30.3,326
13,2026-06-06T13:00,38.13546,-105.99054,27.6,326
14,2026-06-06T14:00,38.13546,-105.99054,30.0,323
15,2026-06-06T15:00,38.13546,-105.99054,32.0,326
16,2026-06-06T16:00,38.13546,-105.99054,28.5,338
17,2026-06-06T17:00,38.13546,-105.99054,25.2,360
18,2026-06-06T18:00,38.13546,-105.99054,20.1,17
19,2026-06-06T19:00,38.13546,-105.99054,12.1,6
20,2026-06-06T20:00,38.13546,-105.99054,8.5,8
21,2026-06-06T21:00,38.13546,-105.99054,5.4,297
22,2026-06-06T22:00,38.13546,-105.99054,12.1,276
23,2026-06-06T23:00,38.13546,-105.99054,18.0,274
24,2026-06-07T00:00,38.13546,-105.99054,19.3,277
25,2026-06-07T01:00,38.13546,-105.99054,13.3,275
26,2026-06-07T02:00,38.13546,-105.99054,16.7,249
27,2026-06-07T03:00,38.13546,-105.99054,23.6,255
28,2026-06-07T04:00,38.13546,-105.99054,20.4,267
29,2026-06-07T05:00,38.13546,-105.99054,24.7,256
30,2026-06-07T06:00,38.13546,-105.99054,35.3,252
31,2026-06-07T07:00,38.13546,-105.99054,35.8,256
32,2026-06-07T08:00,38.13546,-105.99054,31.2,254
33,2026-06-07T09:00,38.13546,-105.99054,29.7,256
34,2026-06-07T10:00,38.13546,-105.99054,31.2,254
35,2026-06-07T11:00,38.13546,-105.99054,31.5,252
36,2026-06-07T12:00,38.13546,-105.99054,28.6,237
37,2026-06-07T13:00,38.13546,-105.99054,32.6,234
38,2026-06-07T14:00,38.13546,-105.99054,41.9,246
39,2026-06-07T15:00,38.13546,-105.99054,42.4,262
40,2026-06-07T16:00,38.13546,-105.99054,37.3,266
41,2026-06-07T17:00,38.13546,-105.99054,38.6,265
42,2026-06-07T18:00,38.13546,-105.99054,44.5,265
43,2026-06-07T19:00,38.13546,-105.99054,56.6,265
44,2026-06-07T20:00,38.13546,-105.99054,70.2,257
45,2026-06-07T21:00,38.13546,-105.99054,74.7,246
46,2026-06-07T22:00,38.13546,-105.99054,65.9,237
47,2026-06-07T23:00,38.13546,-105.99054,66.5,231
0,2026-06-06T00:00,38.112553,-100.318695,107.0,223
1,2026-06-06T01:00,38.112553,-100.318695,113.7,226
2,2026-06-06T02:00,38.112553,-100.318695,116.3,224
3,2026-06-06T03:00,38.112553,-100.318695,108.6,224
4,2026-06-06T04:00,38.112553,-100.318695,90.9,222
5,2026-06-06T05:00,38.112553,-100.318695,86.9,215
6,2026-06-06T06:00,38.112553,-100.318695,73.1,222
7,2026-06-06T07:00,38.112553,-100.318695,64.6,228
8,2026-06-06T08:00,38.112553,-100.318695,63.0,220
9,2026-06-06T09:00,38.112553,-100.318695,59.4,223
10,2026-06-06T10:00,38.112553,-100.318695,45.6,235
11,2026-06-06T11:00,38.112553,-100.318695,37.6,243
12,2026-06-06T12:00,38.112553,-100.318695,37.1,241
13,2026-06-06T13:00,38.112553,-100.318695,38.9,236
14,2026-06-06T14:00,38.112553,-100.318695,35.0,232
15,2026-06-06T15:00,38.112553,-100.318695,27.4,209
16,2026-06-06T16:00,38.112553,-100.318695,26.5,185
17,2026-06-06T17:00,38.112553,-100.318695,25.2,177
18,2026-06-06T18:00,38.112553,-100.318695,25.2,155
19,2026-06-06T19:00,38.112553,-100.318695,27.2,139
20,2026-06-06T20:00,38.112553,-100.318695,26.3,133
21,2026-06-06T21:00,38.112553,-100.318695,20.4,140
22,2026-06-06T22:00,38.112553,-100.318695,21.6,146
23,2026-06-06T23:00,38.112553,-100.318695,12.1,174
24,2026-06-07T00:00,38.112553,-100.318695,5.4,207
25,2026-06-07T01:00,38.112553,-100.318695,7.7,309
26,2026-06-07T02:00,38.112553,-100.318695,12.9,338
27,2026-06-07T03:00,38.112553,-100.318695,12.1,354
28,2026-06-07T04:00,38.112553,-100.318695,9.7,353
29,2026-06-07T05:00,38.112553,-100.318695,19.0,288
30,2026-06-07T06:00,38.112553,-100.318695,24.1,276
31,2026-06-07T07:00,38.112553,-100.318695,24.0,273
32,2026-06-07T08:00,38.112553,-100.318695,23.1,261
33,2026-06-07T09:00,38.112553,-100.318695,25.3,265
34,2026-06-07T10:00,38.112553,-100.318695,38.7,277
35,2026-06-07T11:00,38.112553,-100.318695,36.4,287
36,2026-06-07T12:00,38.112553,-100.318695,38.4,284
37,2026-06-07T13:00,38.112553,-100.318695,28.0,280
38,2026-06-07T14:00,38.112553,-100.318695,18.2,262
39,2026-06-07T15:00,38.112553,-100.318695,17.5,254
40,2026-06-07T16:00,38.112553,-100.318695,16.7,240
41,2026-06-07T17:00,38.112553,-100.318695,21.4,218
42,2026-06-07T18:00,38.112553,-100.318695,26.4,219
43,2026-06-07T19:00,38.112553,-100.318695,31.7,233
44,2026-06-07T20:00,38.112553,-100.318695,31.2,247
45,2026-06-07T21:00,38.112553,-100.318695,27.1,257
46,2026-06-07T22:00,38.112553,-100.318695,27.1,257
47,2026-06-07T23:00,38.112553,-100.318695,31.2,254
0,2026-06-06T00:00,38.11206,-94.66026,109.8,254
1,2026-06-06T01:00,38.11206,-94.66026,96.5,249
2,2026-06-06T02:00,38.11206,-94.66026,90.6,238
3,2026-06-06T03:00,38.11206,-94.66026,103.3,239
4,2026-06-06T04:00,38.11206,-94.66026,97.8,241
5,2026-06-06T05:00,38.11206,-94.66026,76.7,253
6,2026-06-06T06:00,38.11206,-94.66026,73.2,260
7,2026-06-06T07:00,38.11206,-94.66026,74.2,247
8,2026-06-06T08:00,38.11206,-94.66026,71.6,239
9,2026-06-06T09:00,38.11206,-94.66026,65.6,235
10,2026-06-06T10:00,38.11206,-94.66026,68.2,236
11,2026-06-06T11:00,38.11206,-94.66026,70.6,235
12,2026-06-06T12:00,38.11206,-94.66026,71.6,230
13,2026-06-06T13:00,38.11206,-94.66026,78.1,223
14,2026-06-06T14:00,38.11206,-94.66026,92.5,224
15,2026-06-06T15:00,38.11206,-94.66026,90.1,228
16,2026-06-06T16:00,38.11206,-94.66026,97.3,231
17,2026-06-06T17:00,38.11206,-94.66026,82.5,221
18,2026-06-06T18:00,38.11206,-94.66026,82.6,213
19,2026-06-06T19:00,38.11206,-94.66026,77.4,204
20,2026-06-06T20:00,38.11206,-94.66026,68.4,202
21,2026-06-06T21:00,38.11206,-94.66026,77.7,193
22,2026-06-06T22:00,38.11206,-94.66026,86.5,183
23,2026-06-06T23:00,38.11206,-94.66026,97.8,194
24,2026-06-07T00:00,38.11206,-94.66026,77.4,193
25,2026-06-07T01:00,38.11206,-94.66026,93.9,207
26,2026-06-07T02:00,38.11206,-94.66026,93.7,199
27,2026-06-07T03:00,38.11206,-94.66026,90.8,195
28,2026-06-07T04:00,38.11206,-94.66026,81.7,183
29,2026-06-07T05:00,38.11206,-94.66026,81.0,187
30,2026-06-07T06:00,38.11206,-94.66026,86.4,181
31,2026-06-07T07:00,38.11206,-94.66026,79.3,183
32,2026-06-07T08:00,38.11206,-94.66026,99.8,207
33,2026-06-07T09:00,38.11206,-94.66026,113.1,197
34,2026-06-07T10:00,38.11206,-94.66026,70.8,180
35,2026-06-07T11:00,38.11206,-94.66026,68.9,187
36,2026-06-07T12:00,38.11206,-94.66026,48.6,213
37,2026-06-07T13:00,38.11206,-94.66026,87.5,237
38,2026-06-07T14:00,38.11206,-94.66026,114.4,242
39,2026-06-07T15:00,38.11206,-94.66026,109.0,242
40,2026-06-07T16:00,38.11206,-94.66026,104.8,240
41,2026-06-07T17:00,38.11206,-94.66026,90.8,241
42,2026-06-07T18:00,38.11206,-94.66026,82.1,245
43,2026-06-07T19:00,38.11206,-94.66026,77.4,246
44,2026-06-07T20:00,38.11206,-94.66026,80.7,227
45,2026-06-07T21:00,38.11206,-94.66026,84.5,215
46,2026-06-07T22:00,38.11206,-94.66026,77.9,209
47,2026-06-07T23:00,38.11206,-94.66026,85.4,209
0,2026-06-06T00:00,38.136417,-89.02264,116.9,275
1,2026-06-06T01:00,38.136417,-89.02264,115.5,274
2,2026-06-06T02:00,38.136417,-89.02264,109.6,275
3,2026-06-06T03:00,38.136417,-89.02264,102.1,273
4,2026-06-06T04:00,38.136417,-89.02264,96.1,267
5,2026-06-06T05:00,38.136417,-89.02264,97.1,261
6,2026-06-06T06:00,38.136417,-89.02264,103.2,270
7,2026-06-06T07:00,38.136417,-89.02264,100.9,267
8,2026-06-06T08:00,38.136417,-89.02264,96.4,265
9,2026-06-06T09:00,38.136417,-89.02264,117.7,268
10,2026-06-06T10:00,38.136417,-89.02264,121.2,270
11,2026-06-06T11:00,38.136417,-89.02264,116.4,271
12,2026-06-06T12:00,38.136417,-89.02264,107.2,275
13,2026-06-06T13:00,38.136417,-89.02264,106.8,270
14,2026-06-06T14:00,38.136417,-89.02264,100.9,268
15,2026-06-06T15:00,38.136417,-89.02264,102.9,263
16,2026-06-06T16:00,38.136417,-89.02264,94.2,263
17,2026-06-06T17:00,38.136417,-89.02264,91.2,272
18,2026-06-06T18:00,38.136417,-89.02264,87.6,272
19,2026-06-06T19:00,38.136417,-89.02264,85.3,272
20,2026-06-06T20:00,38.136417,-89.02264,77.6,262
21,2026-06-06T21:00,38.136417,-89.02264,73.0,261
22,2026-06-06T22:00,38.136417,-89.02264,63.8,266
23,2026-06-06T23:00,38.136417,-89.02264,73.6,276
24,2026-06-07T00:00,38.136417,-89.02264,65.0,274
25,2026-06-07T01:00,38.136417,-89.02264,67.4,274
26,2026-06-07T02:00,38.136417,-89.02264,69.6,269
27,2026-06-07T03:00,38.136417,-89.02264,61.2,268
28,2026-06-07T04:00,38.136417,-89.02264,65.1,265
29,2026-06-07T05:00,38.136417,-89.02264,68.1,256
30,2026-06-07T06:00,38.136417,-89.02264,65.2,257
31,2026-06-07T07:00,38.136417,-89.02264,75.4,256
32,2026-06-07T08:00,38.136417,-89.02264,66.7,262
33,2026-06-07T09:00,38.136417,-89.02264,60.0,250
34,2026-06-07T10:00,38.136417,-89.02264,73.1,247
35,2026-06-07T11:00,38.136417,-89.02264,80.0,244
36,2026-06-07T12:00,38.136417,-89.02264,72.2,238
37,2026-06-07T13:00,38.136417,-89.02264,71.3,234
38,2026-06-07T14:00,38.136417,-89.02264,73.9,223
39,2026-06-07T15:00,38.136417,-89.02264,61.9,226
40,2026-06-07T16:00,38.136417,-89.02264,49.2,225
41,2026-06-07T17:00,38.136417,-89.02264,50.9,236
42,2026-06-07T18:00,38.136417,-89.02264,50.6,248
43,2026-06-07T19:00,38.136417,-89.02264,53.7,241
44,2026-06-07T20:00,38.136417,-89.02264,55.8,242
45,2026-06-07T21:00,38.136417,-89.02264,60.7,252
46,2026-06-07T22:00,38.136417,-89.02264,45.7,240
47,2026-06-07T23:00,38.136417,-89.02264,69.2,231
0,2026-06-06T00:00,38.12542,-83.32133,48.4,240
1,2026-06-06T01:00,38.12542,-83.32133,41.4,260
2,2026-06-06T02:00,38.12542,-83.32133,37.2,270
3,2026-06-06T03:00,38.12542,-83.32133,55.2,270
4,2026-06-06T04:00,38.12542,-83.32133,63.8,286
5,2026-06-06T05:00,38.12542,-83.32133,68.0,291
6,2026-06-06T06:00,38.12542,-83.32133,63.5,285
7,2026-06-06T07:00,38.12542,-83.32133,65.5,284
8,2026-06-06T08:00,38.12542,-83.32133,81.5,279
9,2026-06-06T09:00,38.12542,-83.32133,91.8,281
10,2026-06-06T10:00,38.12542,-83.32133,91.5,275
11,2026-06-06T11:00,38.12542,-83.32133,89.0,266
12,2026-06-06T12:00,38.12542,-83.32133,100.8,269
13,2026-06-06T13:00,38.12542,-83.32133,97.5,274
14,2026-06-06T14:00,38.12542,-83.32133,95.7,278
15,2026-06-06T15:00,38.12542,-83.32133,105.9,280
16,2026-06-06T16:00,38.12542,-83.32133,103.1,282
17,2026-06-06T17:00,38.12542,-83.32133,91.5,287
18,2026-06-06T18:00,38.12542,-83.32133,91.6,281
19,2026-06-06T19:00,38.12542,-83.32133,97.3,279
20,2026-06-06T20:00,38.12542,-83.32133,97.0,282
21,2026-06-06T21:00,38.12542,-83.32133,94.9,279
22,2026-06-06T22:00,38.12542,-83.32133,97.8,284
23,2026-06-06T23:00,38.12542,-83.32133,111.8,282
24,2026-06-07T00:00,38.12542,-83.32133,119.7,286
25,2026-06-07T01:00,38.12542,-83.32133,117.0,280
26,2026-06-07T02:00,38.12542,-83.32133,114.8,281
27,2026-06-07T03:00,38.12542,-83.32133,106.2,284
28,2026-06-07T04:00,38.12542,-83.32133,96.4,287
29,2026-06-07T05:00,38.12542,-83.32133,92.4,295
30,2026-06-07T06:00,38.12542,-83.32133,98.2,297
31,2026-06-07T07:00,38.12542,-83.32133,101.7,300
32,2026-06-07T08:00,38.12542,-83.32133,92.3,298
33,2026-06-07T09:00,38.12542,-83.32133,95.5,297
34,2026-06-07T10:00,38.12542,-83.32133,93.5,299
35,2026-06-07T11:00,38.12542,-83.32133,105.3,299
36,2026-06-07T12:00,38.12542,-83.32133,102.0,295
37,2026-06-07T13:00,38.12542,-83.32133,97.7,296
38,2026-06-07T14:00,38.12542,-83.32133,93.1,292
39,2026-06-07T15:00,38.12542,-83.32133,79.7,288
40,2026-06-07T16:00,38.12542,-83.32133,71.8,280
41,2026-06-07T17:00,38.12542,-83.32133,74.7,276
42,2026-06-07T18:00,38.12542,-83.32133,82.2,277
43,2026-06-07T19:00,38.12542,-83.32133,82.8,270
44,2026-06-07T20:00,38.12542,-83.32133,82.9,267
45,2026-06-07T21:00,38.12542,-83.32133,78.2,266
46,2026-06-07T22:00,38.12542,-83.32133,71.1,265
47,2026-06-07T23:00,38.12542,-83.32133,73.4,275
0,2026-06-06T00:00,38.118126,-77.67059,61.5,253
1,2026-06-06T01:00,38.118126,-77.67059,51.5,258
2,2026-06-06T02:00,38.118126,-77.67059,51.8,265
3,2026-06-06T03:00,38.118126,-77.67059,49.2,269
4,2026-06-06T04:00,38.118126,-77.67059,48.1,267
5,2026-06-06T05:00,38.118126,-77.67059,49.4,264
6,2026-06-06T06:00,38.118126,-77.67059,49.3,267
7,2026-06-06T07:00,38.118126,-77.67059,49.7,262
8,2026-06-06T08:00,38.118126,-77.67059,56.0,260
9,2026-06-06T09:00,38.118126,-77.67059,55.6,256
10,2026-06-06T10:00,38.118126,-77.67059,60.0,271
11,2026-06-06T11:00,38.118126,-77.67059,61.5,291
12,2026-06-06T12:00,38.118126,-77.67059,63.1,291
13,2026-06-06T13:00,38.118126,-77.67059,57.6,271
14,2026-06-06T14:00,38.118126,-77.67059,76.7,260
15,2026-06-06T15:00,38.118126,-77.67059,84.1,267
16,2026-06-06T16:00,38.118126,-77.67059,91.3,267
17,2026-06-06T17:00,38.118126,-77.67059,91.6,265
18,2026-06-06T18:00,38.118126,-77.67059,79.2,268
19,2026-06-06T19:00,38.118126,-77.67059,73.4,274
20,2026-06-06T20:00,38.118126,-77.67059,70.0,264
21,2026-06-06T21:00,38.118126,-77.67059,63.0,262
22,2026-06-06T22:00,38.118126,-77.67059,67.3,273
23,2026-06-06T23:00,38.118126,-77.67059,95.7,278
24,2026-06-07T00:00,38.118126,-77.67059,99.3,282
25,2026-06-07T01:00,38.118126,-77.67059,95.5,282
26,2026-06-07T02:00,38.118126,-77.67059,100.4,285
27,2026-06-07T03:00,38.118126,-77.67059,92.3,291
28,2026-06-07T04:00,38.118126,-77.67059,100.7,285
29,2026-06-07T05:00,38.118126,-77.67059,99.8,283
30,2026-06-07T06:00,38.118126,-77.67059,106.0,286
31,2026-06-07T07:00,38.118126,-77.67059,109.7,290
32,2026-06-07T08:00,38.118126,-77.67059,122.6,288
33,2026-06-07T09:00,38.118126,-77.67059,110.0,295
34,2026-06-07T10:00,38.118126,-77.67059,113.8,296
35,2026-06-07T11:00,38.118126,-77.67059,112.7,297
36,2026-06-07T12:00,38.118126,-77.67059,112.3,293
37,2026-06-07T13:00,38.118126,-77.67059,105.3,294
38,2026-06-07T14:00,38.118126,-77.67059,108.0,294
39,2026-06-07T15:00,38.118126,-77.67059,110.6,296
40,2026-06-07T16:00,38.118126,-77.67059,109.2,293
41,2026-06-07T17:00,38.118126,-77.67059,114.2,289
42,2026-06-07T18:00,38.118126,-77.67059,104.8,286
43,2026-06-07T19:00,38.118126,-77.67059,100.5,282
44,2026-06-07T20:00,38.118126,-77.67059,112.4,286
45,2026-06-07T21:00,38.118126,-77.67059,107.4,284
46,2026-06-07T22:00,38.118126,-77.67059,126.8,290
47,2026-06-07T23:00,38.118126,-77.67059,132.8,293
0,2026-06-06T00:00,38.13878,-72.00513,73.0,295
1,2026-06-06T01:00,38.13878,-72.00513,67.6,303
2,2026-06-06T02:00,38.13878,-72.00513,62.6,302
3,2026-06-06T03:00,38.13878,-72.00513,59.9,303
4,2026-06-06T04:00,38.13878,-72.00513,57.6,301
5,2026-06-06T05:00,38.13878,-72.00513,56.3,297
6,2026-06-06T06:00,38.13878,-72.00513,53.5,290
7,2026-06-06T07:00,38.13878,-72.00513,51.8,283
8,2026-06-06T08:00,38.13878,-72.00513,47.5,280
9,2026-06-06T09:00,38.13878,-72.00513,42.8,281
10,2026-06-06T10:00,38.13878,-72.00513,44.5,275
11,2026-06-06T11:00,38.13878,-72.00513,40.8,270
12,2026-06-06T12:00,38.13878,-72.00513,42.4,262
13,2026-06-06T13:00,38.13878,-72.00513,47.5,260
14,2026-06-06T14:00,38.13878,-72.00513,49.3,267
15,2026-06-06T15:00,38.13878,-72.00513,51.7,267
16,2026-06-06T16:00,38.13878,-72.00513,54.2,265
17,2026-06-06T17:00,38.13878,-72.00513,55.6,256
18,2026-06-06T18:00,38.13878,-72.00513,55.1,254
19,2026-06-06T19:00,38.13878,-72.00513,55.5,264
20,2026-06-06T20:00,38.13878,-72.00513,54.5,262
21,2026-06-06T21:00,38.13878,-72.00513,64.5,260
22,2026-06-06T22:00,38.13878,-72.00513,64.5,260
23,2026-06-06T23:00,38.13878,-72.00513,66.0,268
24,2026-06-07T00:00,38.13878,-72.00513,65.0,266
25,2026-06-07T01:00,38.13878,-72.00513,55.3,268
26,2026-06-07T02:00,38.13878,-72.00513,61.3,267
27,2026-06-07T03:00,38.13878,-72.00513,64.8,270
28,2026-06-07T04:00,38.13878,-72.00513,71.1,258
29,2026-06-07T05:00,38.13878,-72.00513,77.1,255
30,2026-06-07T06:00,38.13878,-72.00513,90.0,261
31,2026-06-07T07:00,38.13878,-72.00513,99.6,270
32,2026-06-07T08:00,38.13878,-72.00513,96.2,266
33,2026-06-07T09:00,38.13878,-72.00513,95.0,274
34,2026-06-07T10:00,38.13878,-72.00513,101.4,276
35,2026-06-07T11:00,38.13878,-72.00513,103.5,275
36,2026-06-07T12:00,38.13878,-72.00513,102.6,276
37,2026-06-07T13:00,38.13878,-72.00513,100.3,277
38,2026-06-07T14:00,38.13878,-72.00513,98.9,276
39,2026-06-07T15:00,38.13878,-72.00513,97.3,273
40,2026-06-07T16:00,38.13878,-72.00513,98.5,272
41,2026-06-07T17:00,38.13878,-72.00513,97.3,272
42,2026-06-07T18:00,38.13878,-72.00513,96.3,274
43,2026-06-07T19:00,38.13878,-72.00513,98.6,273
44,2026-06-07T20:00,38.13878,-72.00513,103.5,275
45,2026-06-07T21:00,38.13878,-72.00513,114.3,274
46,2026-06-07T22:00,38.13878,-72.00513,129.7,272
47,2026-06-07T23:00,38.13878,-72.00513,141.6,269
0,2026-06-06T00:00,38.132523,-66.320076,77.0,307
1,2026-06-06T01:00,38.132523,-66.320076,68.1,311
2,2026-06-06T02:00,38.132523,-66.320076,69.6,314
3,2026-06-06T03:00,38.132523,-66.320076,65.4,313
4,2026-06-06T04:00,38.132523,-66.320076,63.0,310
5,2026-06-06T05:00,38.132523,-66.320076,65.6,310
6,2026-06-06T06:00,38.132523,-66.320076,66.7,308
7,2026-06-06T07:00,38.132523,-66.320076,66.0,307
8,2026-06-06T08:00,38.132523,-66.320076,65.3,306
9,2026-06-06T09:00,38.132523,-66.320076,63.9,304
10,2026-06-06T10:00,38.132523,-66.320076,64.6,305
11,2026-06-06T11:00,38.132523,-66.320076,61.2,298
12,2026-06-06T12:00,38.132523,-66.320076,59.3,291
13,2026-06-06T13:00,38.132523,-66.320076,54.3,288
14,2026-06-06T14:00,38.132523,-66.320076,52.8,287
15,2026-06-06T15:00,38.132523,-66.320076,50.9,285
16,2026-06-06T16:00,38.132523,-66.320076,46.9,283
17,2026-06-06T17:00,38.132523,-66.320076,45.4,282
18,2026-06-06T18:00,38.132523,-66.320076,43.6,278
19,2026-06-06T19:00,38.132523,-66.320076,42.0,270
20,2026-06-06T20:00,38.132523,-66.320076,41.4,260
21,2026-06-06T21:00,38.132523,-66.320076,43.7,254
22,2026-06-06T22:00,38.132523,-66.320076,48.2,251
23,2026-06-06T23:00,38.132523,-66.320076,57.0,248
24,2026-06-07T00:00,38.132523,-66.320076,55.1,250
25,2026-06-07T01:00,38.132523,-66.320076,57.3,250
26,2026-06-07T02:00,38.132523,-66.320076,57.0,248
27,2026-06-07T03:00,38.132523,-66.320076,57.0,248
28,2026-06-07T04:00,38.132523,-66.320076,60.4,249
29,2026-06-07T05:00,38.132523,-66.320076,64.0,247
30,2026-06-07T06:00,38.132523,-66.320076,63.1,249
31,2026-06-07T07:00,38.132523,-66.320076,60.8,248
32,2026-06-07T08:00,38.132523,-66.320076,63.4,241
33,2026-06-07T09:00,38.132523,-66.320076,65.3,234
34,2026-06-07T10:00,38.132523,-66.320076,70.9,236
35,2026-06-07T11:00,38.132523,-66.320076,75.4,233
36,2026-06-07T12:00,38.132523,-66.320076,79.9,234
37,2026-06-07T13:00,38.132523,-66.320076,84.8,245
38,2026-06-07T14:00,38.132523,-66.320076,92.0,239
39,2026-06-07T15:00,38.132523,-66.320076,90.2,245
40,2026-06-07T16:00,38.132523,-66.320076,95.6,246
41,2026-06-07T17:00,38.132523,-66.320076,104.5,248
42,2026-06-07T18:00,38.132523,-66.320076,110.1,250
43,2026-06-07T19:00,38.132523,-66.320076,108.9,251
44,2026-06-07T20:00,38.132523,-66.320076,108.9,251
45,2026-06-07T21:00,38.132523,-66.320076,105.9,252
46,2026-06-07T22:00,38.132523,-66.320076,102.1,252
47,2026-06-07T23:00,38.132523,-66.320076,98.3,252
0,2026-06-06T00:00,38.13708,-60.64691,28.9,318
1,2026-06-06T01:00,38.13708,-60.64691,70.6,10
2,2026-06-06T02:00,38.13708,-60.64691,81.0,12
3,2026-06-06T03:00,38.13708,-60.64691,68.4,1
4,2026-06-06T04:00,38.13708,-60.64691,61.0,350
5,2026-06-06T05:00,38.13708,-60.64691,57.3,340
6,2026-06-06T06:00,38.13708,-60.64691,48.0,328
7,2026-06-06T07:00,38.13708,-60.64691,45.9,317
8,2026-06-06T08:00,38.13708,-60.64691,46.9,310
9,2026-06-06T09:00,38.13708,-60.64691,50.4,308
10,2026-06-06T10:00,38.13708,-60.64691,52.6,313
11,2026-06-06T11:00,38.13708,-60.64691,57.0,319
12,2026-06-06T12:00,38.13708,-60.64691,58.0,333
13,2026-06-06T13:00,38.13708,-60.64691,54.4,346
14,2026-06-06T14:00,38.13708,-60.64691,50.9,352
15,2026-06-06T15:00,38.13708,-60.64691,44.1,331
16,2026-06-06T16:00,38.13708,-60.64691,48.4,312
17,2026-06-06T17:00,38.13708,-60.64691,49.3,311
18,2026-06-06T18:00,38.13708,-60.64691,51.0,311
19,2026-06-06T19:00,38.13708,-60.64691,49.3,319
20,2026-06-06T20:00,38.13708,-60.64691,47.0,322
21,2026-06-06T21:00,38.13708,-60.64691,43.3,318
22,2026-06-06T22:00,38.13708,-60.64691,40.8,313
23,2026-06-06T23:00,38.13708,-60.64691,43.0,306
24,2026-06-07T00:00,38.13708,-60.64691,43.3,304
25,2026-06-07T01:00,38.13708,-60.64691,41.0,302
26,2026-06-07T02:00,38.13708,-60.64691,39.2,297
27,2026-06-07T03:00,38.13708,-60.64691,38.3,290
28,2026-06-07T04:00,38.13708,-60.64691,37.9,281
29,2026-06-07T05:00,38.13708,-60.64691,36.0,270
30,2026-06-07T06:00,38.13708,-60.64691,37.5,263
31,2026-06-07T07:00,38.13708,-60.64691,37.0,257
32,2026-06-07T08:00,38.13708,-60.64691,36.1,249
33,2026-06-07T09:00,38.13708,-60.64691,39.2,243
34,2026-06-07T10:00,38.13708,-60.64691,45.1,245
35,2026-06-07T11:00,38.13708,-60.64691,48.2,251
36,2026-06-07T12:00,38.13708,-60.64691,48.6,250
37,2026-06-07T13:00,38.13708,-60.64691,52.8,249
38,2026-06-07T14:00,38.13708,-60.64691,55.8,251
39,2026-06-07T15:00,38.13708,-60.64691,53.7,243
40,2026-06-07T16:00,38.13708,-60.64691,57.0,240
41,2026-06-07T17:00,38.13708,-60.64691,63.5,248
42,2026-06-07T18:00,38.13708,-60.64691,63.5,255
43,2026-06-07T19:00,38.13708,-60.64691,63.6,238
44,2026-06-07T20:00,38.13708,-60.64691,74.1,241
45,2026-06-07T21:00,38.13708,-60.64691,73.6,242
46,2026-06-07T22:00,38.13708,-60.64691,75.7,245
47,2026-06-07T23:00,38.13708,-60.64691,76.8,245
0,2026-06-06T00:00,38.13708,-54.946106,125.4,231
1,2026-06-06T01:00,38.13708,-54.946106,126.9,230
2,2026-06-06T02:00,38.13708,-54.946106,134.2,232
3,2026-06-06T03:00,38.13708,-54.946106,140.6,230
4,2026-06-06T04:00,38.13708,-54.946106,140.4,230
5,2026-06-06T05:00,38.13708,-54.946106,137.6,228
6,2026-06-06T06:00,38.13708,-54.946106,131.6,223
7,2026-06-06T07:00,38.13708,-54.946106,144.4,222
8,2026-06-06T08:00,38.13708,-54.946106,146.9,227
9,2026-06-06T09:00,38.13708,-54.946106,153.1,229
10,2026-06-06T10:00,38.13708,-54.946106,145.8,231
11,2026-06-06T11:00,38.13708,-54.946106,135.9,232
12,2026-06-06T12:00,38.13708,-54.946106,123.3,229
13,2026-06-06T13:00,38.13708,-54.946106,98.7,229
14,2026-06-06T14:00,38.13708,-54.946106,102.7,226
15,2026-06-06T15:00,38.13708,-54.946106,103.3,219
16,2026-06-06T16:00,38.13708,-54.946106,69.6,212
17,2026-06-06T17:00,38.13708,-54.946106,36.5,243
18,2026-06-06T18:00,38.13708,-54.946106,36.7,322
19,2026-06-06T19:00,38.13708,-54.946106,48.7,322
20,2026-06-06T20:00,38.13708,-54.946106,50.1,312
21,2026-06-06T21:00,38.13708,-54.946106,55.7,307
22,2026-06-06T22:00,38.13708,-54.946106,60.7,308
23,2026-06-06T23:00,38.13708,-54.946106,58.6,314
24,2026-06-07T00:00,38.13708,-54.946106,51.8,312
25,2026-06-07T01:00,38.13708,-54.946106,45.9,319
26,2026-06-07T02:00,38.13708,-54.946106,43.5,321
27,2026-06-07T03:00,38.13708,-54.946106,45.9,317
28,2026-06-07T04:00,38.13708,-54.946106,44.2,313
29,2026-06-07T05:00,38.13708,-54.946106,40.3,307
30,2026-06-07T06:00,38.13708,-54.946106,38.1,298
31,2026-06-07T07:00,38.13708,-54.946106,37.7,292
32,2026-06-07T08:00,38.13708,-54.946106,35.7,290
33,2026-06-07T09:00,38.13708,-54.946106,32.8,294
34,2026-06-07T10:00,38.13708,-54.946106,27.4,299
35,2026-06-07T11:00,38.13708,-54.946106,22.0,299
36,2026-06-07T12:00,38.13708,-54.946106,19.0,288
37,2026-06-07T13:00,38.13708,-54.946106,19.2,274
38,2026-06-07T14:00,38.13708,-54.946106,20.7,260
39,2026-06-07T15:00,38.13708,-54.946106,23.9,252
40,2026-06-07T16:00,38.13708,-54.946106,27.4,247
41,2026-06-07T17:00,38.13708,-54.946106,31.1,242
42,2026-06-07T18:00,38.13708,-54.946106,35.0,239
43,2026-06-07T19:00,38.13708,-54.946106,38.9,236
44,2026-06-07T20:00,38.13708,-54.946106,45.3,238
45,2026-06-07T21:00,38.13708,-54.946106,48.4,240
46,2026-06-07T22:00,38.13708,-54.946106,48.8,242
47,2026-06-07T23:00,38.13708,-54.946106,48.9,245
0,2026-06-06T00:00,42.495605,-140.0294,99.4,293
1,2026-06-06T01:00,42.495605,-140.0294,100.9,297
2,2026-06-06T02:00,42.495605,-140.0294,106.2,302
3,2026-06-06T03:00,42.495605,-140.0294,112.5,310
4,2026-06-06T04:00,42.495605,-140.0294,119.7,316
5,2026-06-06T05:00,42.495605,-140.0294,129.7,321
6,2026-06-06T06:00,42.495605,-140.0294,144.1,326
7,2026-06-06T07:00,42.495605,-140.0294,158.9,329
8,2026-06-06T08:00,42.495605,-140.0294,161.4,327
9,2026-06-06T09:00,42.495605,-140.0294,147.1,322
10,2026-06-06T10:00,42.495605,-140.0294,142.1,319
11,2026-06-06T11:00,42.495605,-140.0294,139.2,316
12,2026-06-06T12:00,42.495605,-140.0294,130.7,314
13,2026-06-06T13:00,42.495605,-140.0294,119.7,316
14,2026-06-06T14:00,42.495605,-140.0294,111.2,316
15,2026-06-06T15:00,42.495605,-140.0294,111.2,315
16,2026-06-06T16:00,42.495605,-140.0294,106.9,316
17,2026-06-06T17:00,42.495605,-140.0294,109.1,320
18,2026-06-06T18:00,42.495605,-140.0294,133.9,324
19,2026-06-06T19:00,42.495605,-140.0294,120.5,316
20,2026-06-06T20:00,42.495605,-140.0294,120.1,310
21,2026-06-06T21:00,42.495605,-140.0294,115.7,311
22,2026-06-06T22:00,42.495605,-140.0294,113.8,305
23,2026-06-06T23:00,42.495605,-140.0294,114.3,306
24,2026-06-07T00:00,42.495605,-140.0294,121.9,306
25,2026-06-07T01:00,42.495605,-140.0294,138.0,307
26,2026-06-07T02:00,42.495605,-140.0294,147.8,302
27,2026-06-07T03:00,42.495605,-140.0294,134.5,303
28,2026-06-07T04:00,42.495605,-140.0294,116.2,303
29,2026-06-07T05:00,42.495605,-140.0294,147.2,305
30,2026-06-07T06:00,42.495605,-140.0294,158.4,307
31,2026-06-07T07:00,42.495605,-140.0294,162.1,309
32,2026-06-07T08:00,42.495605,-140.0294,161.8,305
33,2026-06-07T09:00,42.495605,-140.0294,167.0,307
34,2026-06-07T10:00,42.495605,-140.0294,168.3,308
35,2026-06-07T11:00,42.495605,-140.0294,177.7,305
36,2026-06-07T12:00,42.495605,-140.0294,173.1,304
37,2026-06-07T13:00,42.495605,-140.0294,173.1,302
38,2026-06-07T14:00,42.495605,-140.0294,170.2,301
39,2026-06-07T15:00,42.495605,-140.0294,163.7,298
40,2026-06-07T16:00,42.495605,-140.0294,170.1,296
41,2026-06-07T17:00,42.495605,-140.0294,167.5,295
42,2026-06-07T18:00,42.495605,-140.0294,174.3,291
43,2026-06-07T19:00,42.495605,-140.0294,177.8,294
44,2026-06-07T20:00,42.495605,-140.0294,183.1,294
45,2026-06-07T21:00,42.495605,-140.0294,180.4,295
46,2026-06-07T22:00,42.495605,-140.0294,189.1,299
47,2026-06-07T23:00,42.495605,-140.0294,188.9,297
0,2026-06-06T00:00,42.495605,-134.33823,138.7,264
1,2026-06-06T01:00,42.495605,-134.33823,128.4,269
2,2026-06-06T02:00,42.495605,-134.33823,128.5,272
3,2026-06-06T03:00,42.495605,-134.33823,124.0,274
4,2026-06-06T04:00,42.495605,-134.33823,120.9,277
5,2026-06-06T05:00,42.495605,-134.33823,114.6,280
6,2026-06-06T06:00,42.495605,-134.33823,109.5,285
7,2026-06-06T07:00,42.495605,-134.33823,111.6,289
8,2026-06-06T08:00,42.495605,-134.33823,119.7,296
9,2026-06-06T09:00,42.495605,-134.33823,123.9,302
10,2026-06-06T10:00,42.495605,-134.33823,119.8,305
11,2026-06-06T11:00,42.495605,-134.33823,116.8,310
12,2026-06-06T12:00,42.495605,-134.33823,117.1,314
13,2026-06-06T13:00,42.495605,-134.33823,119.8,318
14,2026-06-06T14:00,42.495605,-134.33823,123.1,322
15,2026-06-06T15:00,42.495605,-134.33823,130.8,325
16,2026-06-06T16:00,42.495605,-134.33823,144.1,327
17,2026-06-06T17:00,42.495605,-134.33823,153.9,329
18,2026-06-06T18:00,42.495605,-134.33823,145.9,329
19,2026-06-06T19:00,42.495605,-134.33823,133.2,324
20,2026-06-06T20:00,42.495605,-134.33823,127.2,324
21,2026-06-06T21:00,42.495605,-134.33823,121.5,322
22,2026-06-06T22:00,42.495605,-134.33823,125.4,321
23,2026-06-06T23:00,42.495605,-134.33823,132.5,326
24,2026-06-07T00:00,42.495605,-134.33823,129.9,324
25,2026-06-07T01:00,42.495605,-134.33823,122.5,319
26,2026-06-07T02:00,42.495605,-134.33823,113.8,313
27,2026-06-07T03:00,42.495605,-134.33823,110.6,307
28,2026-06-07T04:00,42.495605,-134.33823,98.2,305
29,2026-06-07T05:00,42.495605,-134.33823,94.9,305
30,2026-06-07T06:00,42.495605,-134.33823,92.8,310
31,2026-06-07T07:00,42.495605,-134.33823,100.1,315
32,2026-06-07T08:00,42.495605,-134.33823,112.1,308
33,2026-06-07T09:00,42.495605,-134.33823,120.8,311
34,2026-06-07T10:00,42.495605,-134.33823,146.0,314
35,2026-06-07T11:00,42.495605,-134.33823,157.6,310
36,2026-06-07T12:00,42.495605,-134.33823,169.8,309
37,2026-06-07T13:00,42.495605,-134.33823,164.8,312
38,2026-06-07T14:00,42.495605,-134.33823,163.6,310
39,2026-06-07T15:00,42.495605,-134.33823,162.2,306
40,2026-06-07T16:00,42.495605,-134.33823,160.1,304
41,2026-06-07T17:00,42.495605,-134.33823,165.5,302
42,2026-06-07T18:00,42.495605,-134.33823,174.9,301
43,2026-06-07T19:00,42.495605,-134.33823,181.6,299
44,2026-06-07T20:00,42.495605,-134.33823,177.6,297
45,2026-06-07T21:00,42.495605,-134.33823,177.8,294
46,2026-06-07T22:00,42.495605,-134.33823,177.4,293
47,2026-06-07T23:00,42.495605,-134.33823,181.2,291
0,2026-06-06T00:00,42.511974,-128.65569,168.0,270
1,2026-06-06T01:00,42.511974,-128.65569,176.4,270
2,2026-06-06T02:00,42.511974,-128.65569,180.0,269
3,2026-06-06T03:00,42.511974,-128.65569,179.0,267
4,2026-06-06T04:00,42.511974,-128.65569,180.0,269
5,2026-06-06T05:00,42.511974,-128.65569,172.8,271
6,2026-06-06T06:00,42.511974,-128.65569,169.3,272
7,2026-06-06T07:00,42.511974,-128.65569,164.8,274
8,2026-06-06T08:00,42.511974,-128.65569,160.5,276
9,2026-06-06T09:00,42.511974,-128.65569,156.6,279
10,2026-06-06T10:00,42.511974,-128.65569,150.6,281
11,2026-06-06T11:00,42.511974,-128.65569,141.8,285
12,2026-06-06T12:00,42.511974,-128.65569,129.0,288
13,2026-06-06T13:00,42.511974,-128.65569,115.2,292
14,2026-06-06T14:00,42.511974,-128.65569,99.8,297
15,2026-06-06T15:00,42.511974,-128.65569,89.0,307
16,2026-06-06T16:00,42.511974,-128.65569,90.7,323
17,2026-06-06T17:00,42.511974,-128.65569,90.8,331
18,2026-06-06T18:00,42.511974,-128.65569,89.6,332
19,2026-06-06T19:00,42.511974,-128.65569,92.9,331
20,2026-06-06T20:00,42.511974,-128.65569,94.5,333
21,2026-06-06T21:00,42.511974,-128.65569,90.8,331
22,2026-06-06T22:00,42.511974,-128.65569,89.6,332
23,2026-06-06T23:00,42.511974,-128.65569,94.5,334
24,2026-06-07T00:00,42.511974,-128.65569,99.2,339
25,2026-06-07T01:00,42.511974,-128.65569,107.0,340
26,2026-06-07T02:00,42.511974,-128.65569,115.8,343
27,2026-06-07T03:00,42.511974,-128.65569,120.3,343
28,2026-06-07T04:00,42.511974,-128.65569,125.3,343
29,2026-06-07T05:00,42.511974,-128.65569,125.7,339
30,2026-06-07T06:00,42.511974,-128.65569,121.9,335
31,2026-06-07T07:00,42.511974,-128.65569,114.9,331
32,2026-06-07T08:00,42.511974,-128.65569,109.3,329
33,2026-06-07T09:00,42.511974,-128.65569,106.2,328
34,2026-06-07T10:00,42.511974,-128.65569,104.5,326
35,2026-06-07T11:00,42.511974,-128.65569,100.1,322
36,2026-06-07T12:00,42.511974,-128.65569,103.2,324
37,2026-06-07T13:00,42.511974,-128.65569,118.8,327
38,2026-06-07T14:00,42.511974,-128.65569,129.5,327
39,2026-06-07T15:00,42.511974,-128.65569,130.8,325
40,2026-06-07T16:00,42.511974,-128.65569,131.6,322
41,2026-06-07T17:00,42.511974,-128.65569,134.6,320
42,2026-06-07T18:00,42.511974,-128.65569,143.2,320
43,2026-06-07T19:00,42.511974,-128.65569,153.5,321
44,2026-06-07T20:00,42.511974,-128.65569,161.8,320
45,2026-06-07T21:00,42.511974,-128.65569,162.4,319
46,2026-06-07T22:00,42.511974,-128.65569,160.6,318
47,2026-06-07T23:00,42.511974,-128.65569,153.6,315
0,2026-06-06T00:00,42.48695,-122.9757,125.8,263
1,2026-06-06T01:00,42.48695,-122.9757,126.7,260
2,2026-06-06T02:00,42.48695,-122.9757,129.9,258
3,2026-06-06T03:00,42.48695,-122.9757,136.5,260
4,2026-06-06T04:00,42.48695,-122.9757,139.1,260
5,2026-06-06T05:00,42.48695,-122.9757,144.4,257
6,2026-06-06T06:00,42.48695,-122.9757,151.2,254
7,2026-06-06T07:00,42.48695,-122.9757,154.1,253
8,2026-06-06T08:00,42.48695,-122.9757,157.5,252
9,2026-06-06T09:00,42.48695,-122.9757,160.5,252
10,2026-06-06T10:00,42.48695,-122.9757,165.1,252
11,2026-06-06T11:00,42.48695,-122.9757,168.6,254
12,2026-06-06T12:00,42.48695,-122.9757,172.9,256
13,2026-06-06T13:00,42.48695,-122.9757,171.8,258
14,2026-06-06T14:00,42.48695,-122.9757,169.3,260
15,2026-06-06T15:00,42.48695,-122.9757,163.0,261
16,2026-06-06T16:00,42.48695,-122.9757,157.7,262
17,2026-06-06T17:00,42.48695,-122.9757,153.6,263
18,2026-06-06T18:00,42.48695,-122.9757,145.8,265
19,2026-06-06T19:00,42.48695,-122.9757,132.0,269
20,2026-06-06T20:00,42.48695,-122.9757,119.3,275
21,2026-06-06T21:00,42.48695,-122.9757,116.1,284
22,2026-06-06T22:00,42.48695,-122.9757,115.8,287
23,2026-06-06T23:00,42.48695,-122.9757,118.6,296
24,2026-06-07T00:00,42.48695,-122.9757,119.6,301
25,2026-06-07T01:00,42.48695,-122.9757,116.5,302
26,2026-06-07T02:00,42.48695,-122.9757,111.8,303
27,2026-06-07T03:00,42.48695,-122.9757,102.5,303
28,2026-06-07T04:00,42.48695,-122.9757,93.0,300
29,2026-06-07T05:00,42.48695,-122.9757,84.9,299
30,2026-06-07T06:00,42.48695,-122.9757,78.4,297
31,2026-06-07T07:00,42.48695,-122.9757,76.2,298
32,2026-06-07T08:00,42.48695,-122.9757,78.6,301
33,2026-06-07T09:00,42.48695,-122.9757,81.6,311
34,2026-06-07T10:00,42.48695,-122.9757,90.0,317
35,2026-06-07T11:00,42.48695,-122.9757,97.5,322
36,2026-06-07T12:00,42.48695,-122.9757,101.6,325
37,2026-06-07T13:00,42.48695,-122.9757,103.9,324
38,2026-06-07T14:00,42.48695,-122.9757,99.6,319
39,2026-06-07T15:00,42.48695,-122.9757,99.4,317
40,2026-06-07T16:00,42.48695,-122.9757,95.0,315
41,2026-06-07T17:00,42.48695,-122.9757,92.5,314
42,2026-06-07T18:00,42.48695,-122.9757,95.1,313
43,2026-06-07T19:00,42.48695,-122.9757,103.1,310
44,2026-06-07T20:00,42.48695,-122.9757,105.9,305
45,2026-06-07T21:00,42.48695,-122.9757,106.2,302
46,2026-06-07T22:00,42.48695,-122.9757,103.2,299
47,2026-06-07T23:00,42.48695,-122.9757,107.6,301
0,2026-06-06T00:00,42.504883,-117.33589,103.7,254
1,2026-06-06T01:00,42.504883,-117.33589,112.6,256
2,2026-06-06T02:00,42.504883,-117.33589,108.6,254
3,2026-06-06T03:00,42.504883,-117.33589,108.9,251
4,2026-06-06T04:00,42.504883,-117.33589,102.1,250
5,2026-06-06T05:00,42.504883,-117.33589,100.1,247
6,2026-06-06T06:00,42.504883,-117.33589,93.7,251
7,2026-06-06T07:00,42.504883,-117.33589,88.8,254
8,2026-06-06T08:00,42.504883,-117.33589,85.4,253
9,2026-06-06T09:00,42.504883,-117.33589,83.6,249
10,2026-06-06T10:00,42.504883,-117.33589,86.9,244
11,2026-06-06T11:00,42.504883,-117.33589,90.7,242
12,2026-06-06T12:00,42.504883,-117.33589,96.1,242
13,2026-06-06T13:00,42.504883,-117.33589,104.1,244
14,2026-06-06T14:00,42.504883,-117.33589,110.6,243
15,2026-06-06T15:00,42.504883,-117.33589,116.1,240
16,2026-06-06T16:00,42.504883,-117.33589,124.1,240
17,2026-06-06T17:00,42.504883,-117.33589,130.4,243
18,2026-06-06T18:00,42.504883,-117.33589,134.7,244
19,2026-06-06T19:00,42.504883,-117.33589,141.7,244
20,2026-06-06T20:00,42.504883,-117.33589,148.7,243
21,2026-06-06T21:00,42.504883,-117.33589,154.6,242
22,2026-06-06T22:00,42.504883,-117.33589,155.7,242
23,2026-06-06T23:00,42.504883,-117.33589,164.3,242
24,2026-06-07T00:00,42.504883,-117.33589,161.6,242
25,2026-06-07T01:00,42.504883,-117.33589,158.4,245
26,2026-06-07T02:00,42.504883,-117.33589,143.5,249
27,2026-06-07T03:00,42.504883,-117.33589,122.2,252
28,2026-06-07T04:00,42.504883,-117.33589,106.3,254
29,2026-06-07T05:00,42.504883,-117.33589,105.1,256
30,2026-06-07T06:00,42.504883,-117.33589,104.0,259
31,2026-06-07T07:00,42.504883,-117.33589,97.1,261
32,2026-06-07T08:00,42.504883,-117.33589,92.3,261
33,2026-06-07T09:00,42.504883,-117.33589,91.3,260
34,2026-06-07T10:00,42.504883,-117.33589,91.0,262
35,2026-06-07T11:00,42.504883,-117.33589,90.0,261
36,2026-06-07T12:00,42.504883,-117.33589,88.4,262
37,2026-06-07T13:00,42.504883,-117.33589,85.5,265
38,2026-06-07T14:00,42.504883,-117.33589,84.0,272
39,2026-06-07T15:00,42.504883,-117.33589,81.3,278
40,2026-06-07T16:00,42.504883,-117.33589,81.6,296
41,2026-06-07T17:00,42.504883,-117.33589,80.9,305
42,2026-06-07T18:00,42.504883,-117.33589,76.8,299
43,2026-06-07T19:00,42.504883,-117.33589,80.0,296
44,2026-06-07T20:00,42.504883,-117.33589,82.8,300
45,2026-06-07T21:00,42.504883,-117.33589,81.0,297
46,2026-06-07T22:00,42.504883,-117.33589,78.7,291
47,2026-06-07T23:00,42.504883,-117.33589,78.3,285
0,2026-06-06T00:00,42.48949,-111.687,73.7,286
1,2026-06-06T01:00,42.48949,-111.687,71.1,282
2,2026-06-06T02:00,42.48949,-111.687,70.8,272
3,2026-06-06T03:00,42.48949,-111.687,72.0,268
4,2026-06-06T04:00,42.48949,-111.687,69.9,258
5,2026-06-06T05:00,42.48949,-111.687,74.8,258
6,2026-06-06T06:00,42.48949,-111.687,75.2,253
7,2026-06-06T07:00,42.48949,-111.687,72.0,246
8,2026-06-06T08:00,42.48949,-111.687,73.9,238
9,2026-06-06T09:00,42.48949,-111.687,78.5,231
10,2026-06-06T10:00,42.48949,-111.687,77.3,234
11,2026-06-06T11:00,42.48949,-111.687,82.1,232
12,2026-06-06T12:00,42.48949,-111.687,83.9,236
13,2026-06-06T13:00,42.48949,-111.687,85.2,235
14,2026-06-06T14:00,42.48949,-111.687,88.1,232
15,2026-06-06T15:00,42.48949,-111.687,88.6,234
16,2026-06-06T16:00,42.48949,-111.687,91.2,237
17,2026-06-06T17:00,42.48949,-111.687,94.9,235
18,2026-06-06T18:00,42.48949,-111.687,98.6,233
19,2026-06-06T19:00,42.48949,-111.687,102.0,233
20,2026-06-06T20:00,42.48949,-111.687,100.6,234
21,2026-06-06T21:00,42.48949,-111.687,97.5,236
22,2026-06-06T22:00,42.48949,-111.687,86.4,245
23,2026-06-06T23:00,42.48949,-111.687,78.4,241
24,2026-06-07T00:00,42.48949,-111.687,77.9,241
25,2026-06-07T01:00,42.48949,-111.687,85.4,241
26,2026-06-07T02:00,42.48949,-111.687,74.9,238
27,2026-06-07T03:00,42.48949,-111.687,75.3,239
28,2026-06-07T04:00,42.48949,-111.687,84.4,240
29,2026-06-07T05:00,42.48949,-111.687,94.9,238
30,2026-06-07T06:00,42.48949,-111.687,97.8,237
31,2026-06-07T07:00,42.48949,-111.687,96.7,233
32,2026-06-07T08:00,42.48949,-111.687,101.9,227
33,2026-06-07T09:00,42.48949,-111.687,109.5,225
34,2026-06-07T10:00,42.48949,-111.687,110.3,225
35,2026-06-07T11:00,42.48949,-111.687,114.6,225
36,2026-06-07T12:00,42.48949,-111.687,116.3,225
37,2026-06-07T13:00,42.48949,-111.687,128.5,229
38,2026-06-07T14:00,42.48949,-111.687,127.1,231
39,2026-06-07T15:00,42.48949,-111.687,131.9,229
40,2026-06-07T16:00,42.48949,-111.687,130.2,229
41,2026-06-07T17:00,42.48949,-111.687,117.1,232
42,2026-06-07T18:00,42.48949,-111.687,102.8,236
43,2026-06-07T19:00,42.48949,-111.687,85.4,241
44,2026-06-07T20:00,42.48949,-111.687,81.0,243
45,2026-06-07T21:00,42.48949,-111.687,77.3,244
46,2026-06-07T22:00,42.48949,-111.687,69.2,244
47,2026-06-07T23:00,42.48949,-111.687,62.4,247
0,2026-06-06T00:00,42.49454,-105.986694,41.7,288
1,2026-06-06T01:00,42.49454,-105.986694,38.7,286
2,2026-06-06T02:00,42.49454,-105.986694,38.4,268
3,2026-06-06T03:00,42.49454,-105.986694,42.3,263
4,2026-06-06T04:00,42.49454,-105.986694,35.7,250
5,2026-06-06T05:00,42.49454,-105.986694,43.0,240
6,2026-06-06T06:00,42.49454,-105.986694,41.9,246
7,2026-06-06T07:00,42.49454,-105.986694,38.1,257
8,2026-06-06T08:00,42.49454,-105.986694,33.6,268
9,2026-06-06T09:00,42.49454,-105.986694,32.6,276
10,2026-06-06T10:00,42.49454,-105.986694,32.5,274
11,2026-06-06T11:00,42.49454,-105.986694,33.7,266
12,2026-06-06T12:00,42.49454,-105.986694,33.0,260
13,2026-06-06T13:00,42.49454,-105.986694,35.0,248
14,2026-06-06T14:00,42.49454,-105.986694,38.1,242
15,2026-06-06T15:00,42.49454,-105.986694,41.9,246
16,2026-06-06T16:00,42.49454,-105.986694,43.0,240
17,2026-06-06T17:00,42.49454,-105.986694,46.9,238
18,2026-06-06T18:00,42.49454,-105.986694,48.4,228
19,2026-06-06T19:00,42.49454,-105.986694,50.1,222
20,2026-06-06T20:00,42.49454,-105.986694,56.1,222
21,2026-06-06T21:00,42.49454,-105.986694,56.9,226
22,2026-06-06T22:00,42.49454,-105.986694,57.7,227
23,2026-06-06T23:00,42.49454,-105.986694,59.4,227
24,2026-06-07T00:00,42.49454,-105.986694,55.5,231
25,2026-06-07T01:00,42.49454,-105.986694,55.0,234
26,2026-06-07T02:00,42.49454,-105.986694,53.0,232
27,2026-06-07T03:00,42.49454,-105.986694,52.9,231
28,2026-06-07T04:00,42.49454,-105.986694,50.9,227
29,2026-06-07T05:00,42.49454,-105.986694,53.0,232
30,2026-06-07T06:00,42.49454,-105.986694,54.5,230
31,2026-06-07T07:00,42.49454,-105.986694,60.7,218
32,2026-06-07T08:00,42.49454,-105.986694,64.1,218
33,2026-06-07T09:00,42.49454,-105.986694,67.2,221
34,2026-06-07T10:00,42.49454,-105.986694,69.0,220
35,2026-06-07T11:00,42.49454,-105.986694,75.6,223
36,2026-06-07T12:00,42.49454,-105.986694,77.3,222
37,2026-06-07T13:00,42.49454,-105.986694,78.6,214
38,2026-06-07T14:00,42.49454,-105.986694,82.6,213
39,2026-06-07T15:00,42.49454,-105.986694,81.9,215
40,2026-06-07T16:00,42.49454,-105.986694,76.6,215
41,2026-06-07T17:00,42.49454,-105.986694,77.9,214
42,2026-06-07T18:00,42.49454,-105.986694,83.6,215
43,2026-06-07T19:00,42.49454,-105.986694,98.2,219
44,2026-06-07T20:00,42.49454,-105.986694,105.1,218
45,2026-06-07T21:00,42.49454,-105.986694,108.7,222
46,2026-06-07T22:00,42.49454,-105.986694,107.8,226
47,2026-06-07T23:00,42.49454,-105.986694,103.0,229
0,2026-06-06T00:00,42.50883,-100.31845,44.6,336
1,2026-06-06T01:00,42.50883,-100.31845,40.2,343
2,2026-06-06T02:00,42.50883,-100.31845,35.5,348
3,2026-06-06T03:00,42.50883,-100.31845,33.8,333
4,2026-06-06T04:00,42.50883,-100.31845,17.8,340
5,2026-06-06T05:00,42.50883,-100.31845,6.0,307
6,2026-06-06T06:00,42.50883,-100.31845,19.5,223
7,2026-06-06T07:00,42.50883,-100.31845,19.4,248
8,2026-06-06T08:00,42.50883,-100.31845,24.1,243
9,2026-06-06T09:00,42.50883,-100.31845,26.6,234
10,2026-06-06T10:00,42.50883,-100.31845,30.0,233
11,2026-06-06T11:00,42.50883,-100.31845,26.3,246
12,2026-06-06T12:00,42.50883,-100.31845,30.1,265
13,2026-06-06T13:00,42.50883,-100.31845,28.9,275
14,2026-06-06T14:00,42.50883,-100.31845,22.8,273
15,2026-06-06T15:00,42.50883,-100.31845,13.3,275
16,2026-06-06T16:00,42.50883,-100.31845,9.1,247
17,2026-06-06T17:00,42.50883,-100.31845,15.6,212
18,2026-06-06T18:00,42.50883,-100.31845,20.5,201
19,2026-06-06T19:00,42.50883,-100.31845,23.6,204
20,2026-06-06T20:00,42.50883,-100.31845,25.8,208
21,2026-06-06T21:00,42.50883,-100.31845,27.6,214
22,2026-06-06T22:00,42.50883,-100.31845,28.3,216
23,2026-06-06T23:00,42.50883,-100.31845,28.0,227
24,2026-06-07T00:00,42.50883,-100.31845,25.5,221
25,2026-06-07T01:00,42.50883,-100.31845,29.8,220
26,2026-06-07T02:00,42.50883,-100.31845,32.6,216
27,2026-06-07T03:00,42.50883,-100.31845,32.0,214
28,2026-06-07T04:00,42.50883,-100.31845,31.5,230
29,2026-06-07T05:00,42.50883,-100.31845,24.0,267
30,2026-06-07T06:00,42.50883,-100.31845,16.3,287
31,2026-06-07T07:00,42.50883,-100.31845,19.4,292
32,2026-06-07T08:00,42.50883,-100.31845,36.6,293
33,2026-06-07T09:00,42.50883,-100.31845,28.8,315
34,2026-06-07T10:00,42.50883,-100.31845,16.1,312
35,2026-06-07T11:00,42.50883,-100.31845,14.4,312
36,2026-06-07T12:00,42.50883,-100.31845,12.5,287
37,2026-06-07T13:00,42.50883,-100.31845,9.4,230
38,2026-06-07T14:00,42.50883,-100.31845,9.6,180
39,2026-06-07T15:00,42.50883,-100.31845,13.7,195
40,2026-06-07T16:00,42.50883,-100.31845,22.0,209
41,2026-06-07T17:00,42.50883,-100.31845,25.4,199
42,2026-06-07T18:00,42.50883,-100.31845,25.4,199
43,2026-06-07T19:00,42.50883,-100.31845,32.3,211
44,2026-06-07T20:00,42.50883,-100.31845,35.0,211
45,2026-06-07T21:00,42.50883,-100.31845,41.0,218
46,2026-06-07T22:00,42.50883,-100.31845,40.9,230
47,2026-06-07T23:00,42.50883,-100.31845,40.6,236
0,2026-06-06T00:00,42.508327,-94.659134,86.4,268
1,2026-06-06T01:00,42.508327,-94.659134,82.9,272
2,2026-06-06T02:00,42.508327,-94.659134,68.3,288
3,2026-06-06T03:00,42.508327,-94.659134,72.2,291
4,2026-06-06T04:00,42.508327,-94.659134,92.0,277
5,2026-06-06T05:00,42.508327,-94.659134,106.9,279
6,2026-06-06T06:00,42.508327,-94.659134,92.9,295
7,2026-06-06T07:00,42.508327,-94.659134,98.1,262
8,2026-06-06T08:00,42.508327,-94.659134,79.5,259
9,2026-06-06T09:00,42.508327,-94.659134,69.8,266
10,2026-06-06T10:00,42.508327,-94.659134,63.3,260
11,2026-06-06T11:00,42.508327,-94.659134,56.7,276
12,2026-06-06T12:00,42.508327,-94.659134,58.0,277
13,2026-06-06T13:00,42.508327,-94.659134,49.2,283
14,2026-06-06T14:00,42.508327,-94.659134,35.3,280
15,2026-06-06T15:00,42.508327,-94.659134,30.0,272
16,2026-06-06T16:00,42.508327,-94.659134,32.4,270
17,2026-06-06T17:00,42.508327,-94.659134,36.4,253
18,2026-06-06T18:00,42.508327,-94.659134,38.3,250
19,2026-06-06T19:00,42.508327,-94.659134,35.4,242
20,2026-06-06T20:00,42.508327,-94.659134,37.0,234
21,2026-06-06T21:00,42.508327,-94.659134,41.7,229
22,2026-06-06T22:00,42.508327,-94.659134,57.7,249
23,2026-06-06T23:00,42.508327,-94.659134,49.7,233
24,2026-06-07T00:00,42.508327,-94.659134,55.2,228
25,2026-06-07T01:00,42.508327,-94.659134,58.8,231
26,2026-06-07T02:00,42.508327,-94.659134,62.1,229
27,2026-06-07T03:00,42.508327,-94.659134,54.3,227
28,2026-06-07T04:00,42.508327,-94.659134,46.7,228
29,2026-06-07T05:00,42.508327,-94.659134,46.3,217
30,2026-06-07T06:00,42.508327,-94.659134,37.4,222
31,2026-06-07T07:00,42.508327,-94.659134,28.0,223
32,2026-06-07T08:00,42.508327,-94.659134,16.1,228
33,2026-06-07T09:00,42.508327,-94.659134,10.8,180
34,2026-06-07T10:00,42.508327,-94.659134,23.2,159
35,2026-06-07T11:00,42.508327,-94.659134,37.0,193
36,2026-06-07T12:00,42.508327,-94.659134,60.3,197
37,2026-06-07T13:00,42.508327,-94.659134,56.2,196
38,2026-06-07T14:00,42.508327,-94.659134,66.0,180
39,2026-06-07T15:00,42.508327,-94.659134,70.0,174
40,2026-06-07T16:00,42.508327,-94.659134,63.5,191
41,2026-06-07T17:00,42.508327,-94.659134,55.5,174
42,2026-06-07T18:00,42.508327,-94.659134,49.2,180
43,2026-06-07T19:00,42.508327,-94.659134,43.6,172
44,2026-06-07T20:00,42.508327,-94.659134,44.5,166
45,2026-06-07T21:00,42.508327,-94.659134,43.3,175
46,2026-06-07T22:00,42.508327,-94.659134,46.7,162
47,2026-06-07T23:00,42.508327,-94.659134,46.7,154
0,2026-06-06T00:00,42.493027,-88.99099,97.6,238
1,2026-06-06T01:00,42.493027,-88.99099,95.6,242
2,2026-06-06T02:00,42.493027,-88.99099,108.5,241
3,2026-06-06T03:00,42.493027,-88.99099,108.2,253
4,2026-06-06T04:00,42.493027,-88.99099,98.7,266
5,2026-06-06T05:00,42.493027,-88.99099,92.8,275
6,2026-06-06T06:00,42.493027,-88.99099,84.9,278
7,2026-06-06T07:00,42.493027,-88.99099,108.3,283
8,2026-06-06T08:00,42.493027,-88.99099,134.5,286
9,2026-06-06T09:00,42.493027,-88.99099,162.9,281
10,2026-06-06T10:00,42.493027,-88.99099,156.8,279
11,2026-06-06T11:00,42.493027,-88.99099,127.5,284
12,2026-06-06T12:00,42.493027,-88.99099,140.2,277
13,2026-06-06T13:00,42.493027,-88.99099,123.8,273
14,2026-06-06T14:00,42.493027,-88.99099,117.8,279
15,2026-06-06T15:00,42.493027,-88.99099,110.6,283
16,2026-06-06T16:00,42.493027,-88.99099,102.5,286
17,2026-06-06T17:00,42.493027,-88.99099,91.5,289
18,2026-06-06T18:00,42.493027,-88.99099,84.7,291
19,2026-06-06T19:00,42.493027,-88.99099,75.6,290
20,2026-06-06T20:00,42.493027,-88.99099,67.8,293
21,2026-06-06T21:00,42.493027,-88.99099,61.5,291
22,2026-06-06T22:00,42.493027,-88.99099,58.8,287
23,2026-06-06T23:00,42.493027,-88.99099,56.9,277
24,2026-06-07T00:00,42.493027,-88.99099,62.5,273
25,2026-06-07T01:00,42.493027,-88.99099,59.0,275
26,2026-06-07T02:00,42.493027,-88.99099,62.4,270
27,2026-06-07T03:00,42.493027,-88.99099,70.9,273
28,2026-06-07T04:00,42.493027,-88.99099,84.0,268
29,2026-06-07T05:00,42.493027,-88.99099,81.6,269
30,2026-06-07T06:00,42.493027,-88.99099,78.0,272
31,2026-06-07T07:00,42.493027,-88.99099,72.0,272
32,2026-06-07T08:00,42.493027,-88.99099,68.8,264
33,2026-06-07T09:00,42.493027,-88.99099,60.0,258
34,2026-06-07T10:00,42.493027,-88.99099,53.5,261
35,2026-06-07T11:00,42.493027,-88.99099,60.3,257
36,2026-06-07T12:00,42.493027,-88.99099,72.6,262
37,2026-06-07T13:00,42.493027,-88.99099,74.4,260
38,2026-06-07T14:00,42.493027,-88.99099,69.8,251
39,2026-06-07T15:00,42.493027,-88.99099,61.3,247
40,2026-06-07T16:00,42.493027,-88.99099,54.3,239
41,2026-06-07T17:00,42.493027,-88.99099,50.6,248
42,2026-06-07T18:00,42.493027,-88.99099,47.1,251
43,2026-06-07T19:00,42.493027,-88.99099,46.7,226
44,2026-06-07T20:00,42.493027,-88.99099,44.4,232
45,2026-06-07T21:00,42.493027,-88.99099,36.5,226
46,2026-06-07T22:00,42.493027,-88.99099,38.3,212
47,2026-06-07T23:00,42.493027,-88.99099,32.4,182
0,2026-06-06T00:00,42.49109,-83.32692,88.9,249
1,2026-06-06T01:00,42.49109,-83.32692,92.5,247
2,2026-06-06T02:00,42.49109,-83.32692,101.3,239
3,2026-06-06T03:00,42.49109,-83.32692,85.4,241
4,2026-06-06T04:00,42.49109,-83.32692,91.4,240
5,2026-06-06T05:00,42.49109,-83.32692,90.7,242
6,2026-06-06T06:00,42.49109,-83.32692,89.2,246
7,2026-06-06T07:00,42.49109,-83.32692,82.8,253
8,2026-06-06T08:00,42.49109,-83.32692,84.8,245
9,2026-06-06T09:00,42.49109,-83.32692,73.6,246
10,2026-06-06T10:00,42.49109,-83.32692,102.7,256
11,2026-06-06T11:00,42.49109,-83.32692,121.5,250
12,2026-06-06T12:00,42.49109,-83.32692,123.0,253
13,2026-06-06T13:00,42.49109,-83.32692,141.7,259
14,2026-06-06T14:00,42.49109,-83.32692,148.1,265
15,2026-06-06T15:00,42.49109,-83.32692,156.2,267
16,2026-06-06T16:00,42.49109,-83.32692,174.0,270
17,2026-06-06T17:00,42.49109,-83.32692,160.8,270
18,2026-06-06T18:00,42.49109,-83.32692,148.2,279
19,2026-06-06T19:00,42.49109,-83.32692,135.1,282
20,2026-06-06T20:00,42.49109,-83.32692,135.5,290
21,2026-06-06T21:00,42.49109,-83.32692,137.0,294
22,2026-06-06T22:00,42.49109,-83.32692,136.8,297
23,2026-06-06T23:00,42.49109,-83.32692,124.0,298
24,2026-06-07T00:00,42.49109,-83.32692,116.7,300
25,2026-06-07T01:00,42.49109,-83.32692,112.0,301
26,2026-06-07T02:00,42.49109,-83.32692,110.9,301
27,2026-06-07T03:00,42.49109,-83.32692,112.8,299
28,2026-06-07T04:00,42.49109,-83.32692,114.1,292
29,2026-06-07T05:00,42.49109,-83.32692,114.6,293
30,2026-06-07T06:00,42.49109,-83.32692,114.9,295
31,2026-06-07T07:00,42.49109,-83.32692,112.7,295
32,2026-06-07T08:00,42.49109,-83.32692,113.8,295
33,2026-06-07T09:00,42.49109,-83.32692,111.7,294
34,2026-06-07T10:00,42.49109,-83.32692,112.7,297
35,2026-06-07T11:00,42.49109,-83.32692,105.7,296
36,2026-06-07T12:00,42.49109,-83.32692,99.8,297
37,2026-06-07T13:00,42.49109,-83.32692,96.7,293
38,2026-06-07T14:00,42.49109,-83.32692,95.6,294
39,2026-06-07T15:00,42.49109,-83.32692,93.1,292
40,2026-06-07T16:00,42.49109,-83.32692,101.4,291
41,2026-06-07T17:00,42.49109,-83.32692,103.8,292
42,2026-06-07T18:00,42.49109,-83.32692,107.6,292
43,2026-06-07T19:00,42.49109,-83.32692,102.0,295
44,2026-06-07T20:00,42.49109,-83.32692,98.0,292
45,2026-06-07T21:00,42.49109,-83.32692,100.3,291
46,2026-06-07T22:00,42.49109,-83.32692,100.7,292
47,2026-06-07T23:00,42.49109,-83.32692,105.6,291
0,2026-06-06T00:00,42.50711,-77.67787,81.0,277
1,2026-06-06T01:00,42.50711,-77.67787,76.9,273
2,2026-06-06T02:00,42.50711,-77.67787,74.4,272
3,2026-06-06T03:00,42.50711,-77.67787,75.8,265
4,2026-06-06T04:00,42.50711,-77.67787,74.7,264
5,2026-06-06T05:00,42.50711,-77.67787,76.3,257
6,2026-06-06T06:00,42.50711,-77.67787,74.0,253
7,2026-06-06T07:00,42.50711,-77.67787,80.5,245
8,2026-06-06T08:00,42.50711,-77.67787,90.7,244
9,2026-06-06T09:00,42.50711,-77.67787,93.4,242
10,2026-06-06T10:00,42.50711,-77.67787,94.1,240
11,2026-06-06T11:00,42.50711,-77.67787,88.5,237
12,2026-06-06T12:00,42.50711,-77.67787,84.9,247
13,2026-06-06T13:00,42.50711,-77.67787,81.6,246
14,2026-06-06T14:00,42.50711,-77.67787,81.9,238
15,2026-06-06T15:00,42.50711,-77.67787,80.0,246
16,2026-06-06T16:00,42.50711,-77.67787,109.0,242
17,2026-06-06T17:00,42.50711,-77.67787,114.4,242
18,2026-06-06T18:00,42.50711,-77.67787,118.8,247
19,2026-06-06T19:00,42.50711,-77.67787,122.6,252
20,2026-06-06T20:00,42.50711,-77.67787,129.8,251
21,2026-06-06T21:00,42.50711,-77.67787,127.1,251
22,2026-06-06T22:00,42.50711,-77.67787,117.0,249
23,2026-06-06T23:00,42.50711,-77.67787,88.5,254
24,2026-06-07T00:00,42.50711,-77.67787,90.4,265
25,2026-06-07T01:00,42.50711,-77.67787,91.2,271
26,2026-06-07T02:00,42.50711,-77.67787,96.9,278
27,2026-06-07T03:00,42.50711,-77.67787,104.2,285
28,2026-06-07T04:00,42.50711,-77.67787,113.1,289
29,2026-06-07T05:00,42.50711,-77.67787,117.9,292
30,2026-06-07T06:00,42.50711,-77.67787,129.9,295
31,2026-06-07T07:00,42.50711,-77.67787,139.6,295
32,2026-06-07T08:00,42.50711,-77.67787,147.1,297
33,2026-06-07T09:00,42.50711,-77.67787,153.5,297
34,2026-06-07T10:00,42.50711,-77.67787,158.3,297
35,2026-06-07T11:00,42.50711,-77.67787,154.0,296
36,2026-06-07T12:00,42.50711,-77.67787,152.4,296
37,2026-06-07T13:00,42.50711,-77.67787,151.5,294
38,2026-06-07T14:00,42.50711,-77.67787,151.1,293
39,2026-06-07T15:00,42.50711,-77.67787,150.4,291
40,2026-06-07T16:00,42.50711,-77.67787,141.3,294
41,2026-06-07T17:00,42.50711,-77.67787,127.8,302
42,2026-06-07T18:00,42.50711,-77.67787,115.7,323
43,2026-06-07T19:00,42.50711,-77.67787,114.2,328
44,2026-06-07T20:00,42.50711,-77.67787,87.6,324
45,2026-06-07T21:00,42.50711,-77.67787,90.1,312
46,2026-06-07T22:00,42.50711,-77.67787,80.8,311
47,2026-06-07T23:00,42.50711,-77.67787,88.1,308
0,2026-06-06T00:00,42.508327,-71.99277,93.1,292
1,2026-06-06T01:00,42.508327,-71.99277,99.2,291
2,2026-06-06T02:00,42.508327,-71.99277,91.6,292
3,2026-06-06T03:00,42.508327,-71.99277,83.1,288
4,2026-06-06T04:00,42.508327,-71.99277,81.5,284
5,2026-06-06T05:00,42.508327,-71.99277,81.9,281
6,2026-06-06T06:00,42.508327,-71.99277,76.7,280
7,2026-06-06T07:00,42.508327,-71.99277,76.5,279
8,2026-06-06T08:00,42.508327,-71.99277,75.6,271
9,2026-06-06T09:00,42.508327,-71.99277,84.1,272
10,2026-06-06T10:00,42.508327,-71.99277,86.4,272
11,2026-06-06T11:00,42.508327,-71.99277,81.6,269
12,2026-06-06T12:00,42.508327,-71.99277,74.0,262
13,2026-06-06T13:00,42.508327,-71.99277,76.5,256
14,2026-06-06T14:00,42.508327,-71.99277,76.3,254
15,2026-06-06T15:00,42.508327,-71.99277,72.6,248
16,2026-06-06T16:00,42.508327,-71.99277,72.5,241
17,2026-06-06T17:00,42.508327,-71.99277,80.2,231
18,2026-06-06T18:00,42.508327,-71.99277,77.0,233
19,2026-06-06T19:00,42.508327,-71.99277,74.7,225
20,2026-06-06T20:00,42.508327,-71.99277,82.3,223
21,2026-06-06T21:00,42.508327,-71.99277,91.0,229
22,2026-06-06T22:00,42.508327,-71.99277,82.0,252
23,2026-06-06T23:00,42.508327,-71.99277,93.0,246
24,2026-06-07T00:00,42.508327,-71.99277,83.7,243
25,2026-06-07T01:00,42.508327,-71.99277,71.9,242
26,2026-06-07T02:00,42.508327,-71.99277,87.4,224
27,2026-06-07T03:00,42.508327,-71.99277,93.1,218
28,2026-06-07T04:00,42.508327,-71.99277,99.9,209
29,2026-06-07T05:00,42.508327,-71.99277,108.5,205
30,2026-06-07T06:00,42.508327,-71.99277,99.3,207
31,2026-06-07T07:00,42.508327,-71.99277,91.2,215
32,2026-06-07T08:00,42.508327,-71.99277,75.2,231
33,2026-06-07T09:00,42.508327,-71.99277,63.4,241
34,2026-06-07T10:00,42.508327,-71.99277,58.4,251
35,2026-06-07T11:00,42.508327,-71.99277,58.8,258
36,2026-06-07T12:00,42.508327,-71.99277,62.4,271
37,2026-06-07T13:00,42.508327,-71.99277,65.7,279
38,2026-06-07T14:00,42.508327,-71.99277,65.2,276
39,2026-06-07T15:00,42.508327,-71.99277,58.8,270
40,2026-06-07T16:00,42.508327,-71.99277,58.8,271
41,2026-06-07T17:00,42.508327,-71.99277,62.7,275
42,2026-06-07T18:00,42.508327,-71.99277,58.9,266
43,2026-06-07T19:00,42.508327,-71.99277,49.2,257
44,2026-06-07T20:00,42.508327,-71.99277,31.5,252
45,2026-06-07T21:00,42.508327,-71.99277,8.5,262
46,2026-06-07T22:00,42.508327,-71.99277,19.3,7
47,2026-06-07T23:00,42.508327,-71.99277,36.1,356
0,2026-06-06T00:00,42.506496,-66.32319,96.9,292
1,2026-06-06T01:00,42.506496,-66.32319,94.0,298
2,2026-06-06T02:00,42.506496,-66.32319,93.0,294
3,2026-06-06T03:00,42.506496,-66.32319,94.0,298
4,2026-06-06T04:00,42.506496,-66.32319,99.5,304
5,2026-06-06T05:00,42.506496,-66.32319,90.2,299
6,2026-06-06T06:00,42.506496,-66.32319,92.6,289
7,2026-06-06T07:00,42.506496,-66.32319,93.0,287
8,2026-06-06T08:00,42.506496,-66.32319,92.5,293
9,2026-06-06T09:00,42.506496,-66.32319,92.5,293
10,2026-06-06T10:00,42.506496,-66.32319,91.2,291
11,2026-06-06T11:00,42.506496,-66.32319,89.2,290
12,2026-06-06T12:00,42.506496,-66.32319,83.9,287
13,2026-06-06T13:00,42.506496,-66.32319,78.4,281
14,2026-06-06T14:00,42.506496,-66.32319,80.8,276
15,2026-06-06T15:00,42.506496,-66.32319,81.9,275
16,2026-06-06T16:00,42.506496,-66.32319,78.1,274
17,2026-06-06T17:00,42.506496,-66.32319,82.8,272
18,2026-06-06T18:00,42.506496,-66.32319,84.0,268
19,2026-06-06T19:00,42.506496,-66.32319,79.8,263
20,2026-06-06T20:00,42.506496,-66.32319,77.7,257
21,2026-06-06T21:00,42.506496,-66.32319,75.6,250
22,2026-06-06T22:00,42.506496,-66.32319,73.0,243
23,2026-06-06T23:00,42.506496,-66.32319,71.9,237
24,2026-06-07T00:00,42.506496,-66.32319,66.9,237
25,2026-06-07T01:00,42.506496,-66.32319,66.7,232
26,2026-06-07T02:00,42.506496,-66.32319,68.2,236
27,2026-06-07T03:00,42.506496,-66.32319,70.8,231
28,2026-06-07T04:00,42.506496,-66.32319,63.3,243
29,2026-06-07T05:00,42.506496,-66.32319,61.2,242
30,2026-06-07T06:00,42.506496,-66.32319,64.8,231
31,2026-06-07T07:00,42.506496,-66.32319,73.2,229
32,2026-06-07T08:00,42.506496,-66.32319,78.9,213
33,2026-06-07T09:00,42.506496,-66.32319,76.8,205
34,2026-06-07T10:00,42.506496,-66.32319,80.1,210
35,2026-06-07T11:00,42.506496,-66.32319,75.6,200
36,2026-06-07T12:00,42.506496,-66.32319,72.0,204
37,2026-06-07T13:00,42.506496,-66.32319,68.7,199
38,2026-06-07T14:00,42.506496,-66.32319,81.8,194
39,2026-06-07T15:00,42.506496,-66.32319,94.4,192
40,2026-06-07T16:00,42.506496,-66.32319,85.8,198
41,2026-06-07T17:00,42.506496,-66.32319,76.7,207
42,2026-06-07T18:00,42.506496,-66.32319,70.3,217
43,2026-06-07T19:00,42.506496,-66.32319,65.4,227
44,2026-06-07T20:00,42.506496,-66.32319,62.6,234
45,2026-06-07T21:00,42.506496,-66.32319,58.0,240
46,2026-06-07T22:00,42.506496,-66.32319,58.7,239
47,2026-06-07T23:00,42.506496,-66.32319,58.6,235
0,2026-06-06T00:00,42.495605,-60.617645,69.8,297
1,2026-06-06T01:00,42.495605,-60.617645,66.0,295
2,2026-06-06T02:00,42.495605,-60.617645,65.5,296
3,2026-06-06T03:00,42.495605,-60.617645,63.4,299
4,2026-06-06T04:00,42.495605,-60.617645,67.0,306
5,2026-06-06T05:00,42.495605,-60.617645,69.4,300
6,2026-06-06T06:00,42.495605,-60.617645,70.6,291
7,2026-06-06T07:00,42.495605,-60.617645,73.6,298
8,2026-06-06T08:00,42.495605,-60.617645,89.1,317
9,2026-06-06T09:00,42.495605,-60.617645,106.8,322
10,2026-06-06T10:00,42.495605,-60.617645,104.5,313
11,2026-06-06T11:00,42.495605,-60.617645,99.0,309
12,2026-06-06T12:00,42.495605,-60.617645,94.3,312
13,2026-06-06T13:00,42.495605,-60.617645,95.9,314
14,2026-06-06T14:00,42.495605,-60.617645,98.5,317
15,2026-06-06T15:00,42.495605,-60.617645,100.1,315
16,2026-06-06T16:00,42.495605,-60.617645,97.0,311
17,2026-06-06T17:00,42.495605,-60.617645,90.0,313
18,2026-06-06T18:00,42.495605,-60.617645,84.3,306
19,2026-06-06T19:00,42.495605,-60.617645,81.7,300
20,2026-06-06T20:00,42.495605,-60.617645,83.6,302
21,2026-06-06T21:00,42.495605,-60.617645,77.3,306
22,2026-06-06T22:00,42.495605,-60.617645,69.2,304
23,2026-06-06T23:00,42.495605,-60.617645,66.6,296
24,2026-06-07T00:00,42.495605,-60.617645,76.0,291
25,2026-06-07T01:00,42.495605,-60.617645,77.4,289
26,2026-06-07T02:00,42.495605,-60.617645,69.9,286
27,2026-06-07T03:00,42.495605,-60.617645,73.0,279
28,2026-06-07T04:00,42.495605,-60.617645,72.2,274
29,2026-06-07T05:00,42.495605,-60.617645,69.9,265
30,2026-06-07T06:00,42.495605,-60.617645,68.7,254
31,2026-06-07T07:00,42.495605,-60.617645,73.6,251
32,2026-06-07T08:00,42.495605,-60.617645,71.5,247
33,2026-06-07T09:00,42.495605,-60.617645,67.2,251
34,2026-06-07T10:00,42.495605,-60.617645,66.1,254
35,2026-06-07T11:00,42.495605,-60.617645,68.0,249
36,2026-06-07T12:00,42.495605,-60.617645,66.6,244
37,2026-06-07T13:00,42.495605,-60.617645,67.2,235
38,2026-06-07T14:00,42.495605,-60.617645,76.1,232
39,2026-06-07T15:00,42.495605,-60.617645,91.2,235
40,2026-06-07T16:00,42.495605,-60.617645,91.9,234
41,2026-06-07T17:00,42.495605,-60.617645,94.3,228
42,2026-06-07T18:00,42.495605,-60.617645,97.7,227
43,2026-06-07T19:00,42.495605,-60.617645,100.2,227
44,2026-06-07T20:00,42.495605,-60.617645,104.5,228
45,2026-06-07T21:00,42.495605,-60.617645,94.8,232
46,2026-06-07T22:00,42.495605,-60.617645,84.5,231
47,2026-06-07T23:00,42.495605,-60.617645,96.8,223
0,2026-06-06T00:00,42.495605,-55.058807,114.3,243
1,2026-06-06T01:00,42.495605,-55.058807,94.5,244
2,2026-06-06T02:00,42.495605,-55.058807,83.8,246
3,2026-06-06T03:00,42.495605,-55.058807,84.0,248
4,2026-06-06T04:00,42.495605,-55.058807,84.0,248
5,2026-06-06T05:00,42.495605,-55.058807,86.2,249
6,2026-06-06T06:00,42.495605,-55.058807,83.8,257
7,2026-06-06T07:00,42.495605,-55.058807,76.4,262
8,2026-06-06T08:00,42.495605,-55.058807,75.0,263
9,2026-06-06T09:00,42.495605,-55.058807,75.0,263
10,2026-06-06T10:00,42.495605,-55.058807,81.0,263
11,2026-06-06T11:00,42.495605,-55.058807,85.7,264
12,2026-06-06T12:00,42.495605,-55.058807,91.0,262
13,2026-06-06T13:00,42.495605,-55.058807,84.1,267
14,2026-06-06T14:00,42.495605,-55.058807,73.4,281
15,2026-06-06T15:00,42.495605,-55.058807,70.2,287
16,2026-06-06T16:00,42.495605,-55.058807,71.0,286
17,2026-06-06T17:00,42.495605,-55.058807,75.2,290
18,2026-06-06T18:00,42.495605,-55.058807,75.7,295
19,2026-06-06T19:00,42.495605,-55.058807,74.7,300
20,2026-06-06T20:00,42.495605,-55.058807,76.9,304
21,2026-06-06T21:00,42.495605,-55.058807,78.7,308
22,2026-06-06T22:00,42.495605,-55.058807,85.0,312
23,2026-06-06T23:00,42.495605,-55.058807,84.9,313
24,2026-06-07T00:00,42.495605,-55.058807,76.1,308
25,2026-06-07T01:00,42.495605,-55.058807,76.6,305
26,2026-06-07T02:00,42.495605,-55.058807,75.2,309
27,2026-06-07T03:00,42.495605,-55.058807,73.9,302
28,2026-06-07T04:00,42.495605,-55.058807,71.4,297
29,2026-06-07T05:00,42.495605,-55.058807,66.2,292
30,2026-06-07T06:00,42.495605,-55.058807,61.1,290
31,2026-06-07T07:00,42.495605,-55.058807,56.5,282
32,2026-06-07T08:00,42.495605,-55.058807,57.7,274
33,2026-06-07T09:00,42.495605,-55.058807,62.4,272
34,2026-06-07T10:00,42.495605,-55.058807,61.2,272
35,2026-06-07T11:00,42.495605,-55.058807,64.9,267
36,2026-06-07T12:00,42.495605,-55.058807,64.3,261
37,2026-06-07T13:00,42.495605,-55.058807,70.6,249
38,2026-06-07T14:00,42.495605,-55.058807,76.8,245
39,2026-06-07T15:00,42.495605,-55.058807,81.6,244
40,2026-06-07T16:00,42.495605,-55.058807,83.2,243
41,2026-06-07T17:00,42.495605,-55.058807,81.1,245
42,2026-06-07T18:00,42.495605,-55.058807,79.4,243
43,2026-06-07T19:00,42.495605,-55.058807,80.0,242
44,2026-06-07T20:00,42.495605,-55.058807,81.6,242
45,2026-06-07T21:00,42.495605,-55.058807,79.4,243
46,2026-06-07T22:00,42.495605,-55.058807,74.7,246
47,2026-06-07T23:00,42.495605,-55.058807,77.8,243
0,2026-06-06T00:00,46.85413,-139.95145,123.1,316
1,2026-06-06T01:00,46.85413,-139.95145,117.4,319
2,2026-06-06T02:00,46.85413,-139.95145,127.3,322
3,2026-06-06T03:00,46.85413,-139.95145,139.7,323
4,2026-06-06T04:00,46.85413,-139.95145,134.9,321
5,2026-06-06T05:00,46.85413,-139.95145,123.4,319
6,2026-06-06T06:00,46.85413,-139.95145,118.9,317
7,2026-06-06T07:00,46.85413,-139.95145,113.0,318
8,2026-06-06T08:00,46.85413,-139.95145,111.4,319
9,2026-06-06T09:00,46.85413,-139.95145,124.8,322
10,2026-06-06T10:00,46.85413,-139.95145,149.4,326
11,2026-06-06T11:00,46.85413,-139.95145,150.7,323
12,2026-06-06T12:00,46.85413,-139.95145,141.8,317
13,2026-06-06T13:00,46.85413,-139.95145,135.1,312
14,2026-06-06T14:00,46.85413,-139.95145,129.4,307
15,2026-06-06T15:00,46.85413,-139.95145,128.5,303
16,2026-06-06T16:00,46.85413,-139.95145,128.3,298
17,2026-06-06T17:00,46.85413,-139.95145,122.7,301
18,2026-06-06T18:00,46.85413,-139.95145,126.2,302
19,2026-06-06T19:00,46.85413,-139.95145,143.3,295
20,2026-06-06T20:00,46.85413,-139.95145,146.9,293
21,2026-06-06T21:00,46.85413,-139.95145,144.6,289
22,2026-06-06T22:00,46.85413,-139.95145,139.8,286
23,2026-06-06T23:00,46.85413,-139.95145,129.8,284
24,2026-06-07T00:00,46.85413,-139.95145,125.1,279
25,2026-06-07T01:00,46.85413,-139.95145,126.0,271
26,2026-06-07T02:00,46.85413,-139.95145,136.2,276
27,2026-06-07T03:00,46.85413,-139.95145,161.1,278
28,2026-06-07T04:00,46.85413,-139.95145,186.9,276
29,2026-06-07T05:00,46.85413,-139.95145,202.0,274
30,2026-06-07T06:00,46.85413,-139.95145,207.2,275
31,2026-06-07T07:00,46.85413,-139.95145,223.7,277
32,2026-06-07T08:00,46.85413,-139.95145,236.4,283
33,2026-06-07T09:00,46.85413,-139.95145,246.7,289
34,2026-06-07T10:00,46.85413,-139.95145,271.9,292
35,2026-06-07T11:00,46.85413,-139.95145,261.9,290
36,2026-06-07T12:00,46.85413,-139.95145,243.4,290
37,2026-06-07T13:00,46.85413,-139.95145,233.0,289
38,2026-06-07T14:00,46.85413,-139.95145,236.8,288
39,2026-06-07T15:00,46.85413,-139.95145,224.7,287
40,2026-06-07T16:00,46.85413,-139.95145,214.0,285
41,2026-06-07T17:00,46.85413,-139.95145,207.8,284
42,2026-06-07T18:00,46.85413,-139.95145,216.2,284
43,2026-06-07T19:00,46.85413,-139.95145,224.0,286
44,2026-06-07T20:00,46.85413,-139.95145,227.7,287
45,2026-06-07T21:00,46.85413,-139.95145,214.9,290
46,2026-06-07T22:00,46.85413,-139.95145,211.8,290
47,2026-06-07T23:00,46.85413,-139.95145,208.6,291
0,2026-06-06T00:00,46.924427,-134.3436,103.9,301
1,2026-06-06T01:00,46.924427,-134.3436,102.2,310
2,2026-06-06T02:00,46.924427,-134.3436,106.5,320
3,2026-06-06T03:00,46.924427,-134.3436,117.2,327
4,2026-06-06T04:00,46.924427,-134.3436,128.9,328
5,2026-06-06T05:00,46.924427,-134.3436,128.8,326
6,2026-06-06T06:00,46.924427,-134.3436,125.8,325
7,2026-06-06T07:00,46.924427,-134.3436,125.0,323
8,2026-06-06T08:00,46.924427,-134.3436,127.5,325
9,2026-06-06T09:00,46.924427,-134.3436,128.2,328
10,2026-06-06T10:00,46.924427,-134.3436,130.5,331
11,2026-06-06T11:00,46.924427,-134.3436,131.0,335
12,2026-06-06T12:00,46.924427,-134.3436,128.4,339
13,2026-06-06T13:00,46.924427,-134.3436,118.2,336
14,2026-06-06T14:00,46.924427,-134.3436,111.2,331
15,2026-06-06T15:00,46.924427,-134.3436,106.9,327
16,2026-06-06T16:00,46.924427,-134.3436,106.1,322
17,2026-06-06T17:00,46.924427,-134.3436,108.0,319
18,2026-06-06T18:00,46.924427,-134.3436,125.9,319
19,2026-06-06T19:00,46.924427,-134.3436,141.9,322
20,2026-06-06T20:00,46.924427,-134.3436,130.3,320
21,2026-06-06T21:00,46.924427,-134.3436,135.0,317
22,2026-06-06T22:00,46.924427,-134.3436,145.7,320
23,2026-06-06T23:00,46.924427,-134.3436,140.9,317
24,2026-06-07T00:00,46.924427,-134.3436,145.5,311
25,2026-06-07T01:00,46.924427,-134.3436,141.9,306
26,2026-06-07T02:00,46.924427,-134.3436,132.2,302
27,2026-06-07T03:00,46.924427,-134.3436,131.0,298
28,2026-06-07T04:00,46.924427,-134.3436,124.3,292
29,2026-06-07T05:00,46.924427,-134.3436,131.0,286
30,2026-06-07T06:00,46.924427,-134.3436,119.4,283
31,2026-06-07T07:00,46.924427,-134.3436,125.2,282
32,2026-06-07T08:00,46.924427,-134.3436,149.6,276
33,2026-06-07T09:00,46.924427,-134.3436,159.6,269
34,2026-06-07T10:00,46.924427,-134.3436,164.1,261
35,2026-06-07T11:00,46.924427,-134.3436,153.7,260
36,2026-06-07T12:00,46.924427,-134.3436,138.0,271
37,2026-06-07T13:00,46.924427,-134.3436,159.6,280
38,2026-06-07T14:00,46.924427,-134.3436,190.4,285
39,2026-06-07T15:00,46.924427,-134.3436,202.6,285
40,2026-06-07T16:00,46.924427,-134.3436,200.0,285
41,2026-06-07T17:00,46.924427,-134.3436,184.6,286
42,2026-06-07T18:00,46.924427,-134.3436,165.3,283
43,2026-06-07T19:00,46.924427,-134.3436,181.5,282
44,2026-06-07T20:00,46.924427,-134.3436,178.6,281
45,2026-06-07T21:00,46.924427,-134.3436,171.8,282
46,2026-06-07T22:00,46.924427,-134.3436,163.6,283
47,2026-06-07T23:00,46.924427,-134.3436,161.2,285
0,2026-06-06T00:00,46.88696,-128.66365,142.8,271
1,2026-06-06T01:00,46.88696,-128.66365,121.3,268
2,2026-06-06T02:00,46.88696,-128.66365,107.0,273
3,2026-06-06T03:00,46.88696,-128.66365,95.2,275
4,2026-06-06T04:00,46.88696,-128.66365,81.5,279
5,2026-06-06T05:00,46.88696,-128.66365,79.3,288
6,2026-06-06T06:00,46.88696,-128.66365,77.8,297
7,2026-06-06T07:00,46.88696,-128.66365,73.9,302
8,2026-06-06T08:00,46.88696,-128.66365,69.8,311
9,2026-06-06T09:00,46.88696,-128.66365,69.8,319
10,2026-06-06T10:00,46.88696,-128.66365,73.2,325
11,2026-06-06T11:00,46.88696,-128.66365,77.0,329
12,2026-06-06T12:00,46.88696,-128.66365,83.2,333
13,2026-06-06T13:00,46.88696,-128.66365,93.5,336
14,2026-06-06T14:00,46.88696,-128.66365,103.0,339
15,2026-06-06T15:00,46.88696,-128.66365,110.0,342
16,2026-06-06T16:00,46.88696,-128.66365,111.2,342
17,2026-06-06T17:00,46.88696,-128.66365,119.9,342
18,2026-06-06T18:00,46.88696,-128.66365,137.7,345
19,2026-06-06T19:00,46.88696,-128.66365,151.9,346
20,2026-06-06T20:00,46.88696,-128.66365,163.0,346
21,2026-06-06T21:00,46.88696,-128.66365,165.0,345
22,2026-06-06T22:00,46.88696,-128.66365,168.6,344
23,2026-06-06T23:00,46.88696,-128.66365,159.1,343
24,2026-06-07T00:00,46.88696,-128.66365,145.7,343
25,2026-06-07T01:00,46.88696,-128.66365,133.6,342
26,2026-06-07T02:00,46.88696,-128.66365,124.9,340
27,2026-06-07T03:00,46.88696,-128.66365,126.6,338
28,2026-06-07T04:00,46.88696,-128.66365,131.7,337
29,2026-06-07T05:00,46.88696,-128.66365,137.6,336
30,2026-06-07T06:00,46.88696,-128.66365,136.4,335
31,2026-06-07T07:00,46.88696,-128.66365,131.6,331
32,2026-06-07T08:00,46.88696,-128.66365,124.9,325
33,2026-06-07T09:00,46.88696,-128.66365,121.4,317
34,2026-06-07T10:00,46.88696,-128.66365,113.8,308
35,2026-06-07T11:00,46.88696,-128.66365,112.8,299
36,2026-06-07T12:00,46.88696,-128.66365,113.2,291
37,2026-06-07T13:00,46.88696,-128.66365,113.5,283
38,2026-06-07T14:00,46.88696,-128.66365,117.8,279
39,2026-06-07T15:00,46.88696,-128.66365,113.3,275
40,2026-06-07T16:00,46.88696,-128.66365,103.4,273
41,2026-06-07T17:00,46.88696,-128.66365,96.0,271
42,2026-06-07T18:00,46.88696,-128.66365,91.2,271
43,2026-06-07T19:00,46.88696,-128.66365,89.0,274
44,2026-06-07T20:00,46.88696,-128.66365,91.7,276
45,2026-06-07T21:00,46.88696,-128.66365,95.6,277
46,2026-06-07T22:00,46.88696,-128.66365,98.1,282
47,2026-06-07T23:00,46.88696,-128.66365,100.2,287
0,2026-06-06T00:00,46.88395,-123.00894,212.3,260
1,2026-06-06T01:00,46.88395,-123.00894,214.7,260
2,2026-06-06T02:00,46.88395,-123.00894,207.2,257
3,2026-06-06T03:00,46.88395,-123.00894,204.6,255
4,2026-06-06T04:00,46.88395,-123.00894,200.0,253
5,2026-06-06T05:00,46.88395,-123.00894,192.8,251
6,2026-06-06T06:00,46.88395,-123.00894,182.7,249
7,2026-06-06T07:00,46.88395,-123.00894,166.7,247
8,2026-06-06T08:00,46.88395,-123.00894,150.9,245
9,2026-06-06T09:00,46.88395,-123.00894,136.9,245
10,2026-06-06T10:00,46.88395,-123.00894,120.8,245
11,2026-06-06T11:00,46.88395,-123.00894,106.4,246
12,2026-06-06T12:00,46.88395,-123.00894,102.1,250
13,2026-06-06T13:00,46.88395,-123.00894,93.5,254
14,2026-06-06T14:00,46.88395,-123.00894,87.9,256
15,2026-06-06T15:00,46.88395,-123.00894,80.5,260
16,2026-06-06T16:00,46.88395,-123.00894,75.2,262
17,2026-06-06T17:00,46.88395,-123.00894,72.8,261
18,2026-06-06T18:00,46.88395,-123.00894,71.0,266
19,2026-06-06T19:00,46.88395,-123.00894,67.2,270
20,2026-06-06T20:00,46.88395,-123.00894,63.8,274
21,2026-06-06T21:00,46.88395,-123.00894,58.2,278
22,2026-06-06T22:00,46.88395,-123.00894,59.3,291
23,2026-06-06T23:00,46.88395,-123.00894,58.0,300
24,2026-06-07T00:00,46.88395,-123.00894,60.5,309
25,2026-06-07T01:00,46.88395,-123.00894,64.5,315
26,2026-06-07T02:00,46.88395,-123.00894,68.2,321
27,2026-06-07T03:00,46.88395,-123.00894,74.6,327
28,2026-06-07T04:00,46.88395,-123.00894,82.8,330
29,2026-06-07T05:00,46.88395,-123.00894,90.2,335
30,2026-06-07T06:00,46.88395,-123.00894,96.7,337
31,2026-06-07T07:00,46.88395,-123.00894,108.1,337
32,2026-06-07T08:00,46.88395,-123.00894,118.8,337
33,2026-06-07T09:00,46.88395,-123.00894,129.0,337
34,2026-06-07T10:00,46.88395,-123.00894,138.5,335
35,2026-06-07T11:00,46.88395,-123.00894,141.2,332
36,2026-06-07T12:00,46.88395,-123.00894,138.3,329
37,2026-06-07T13:00,46.88395,-123.00894,140.5,327
38,2026-06-07T14:00,46.88395,-123.00894,138.3,324
39,2026-06-07T15:00,46.88395,-123.00894,127.4,317
40,2026-06-07T16:00,46.88395,-123.00894,119.8,308
41,2026-06-07T17:00,46.88395,-123.00894,117.8,303
42,2026-06-07T18:00,46.88395,-123.00894,108.4,298
43,2026-06-07T19:00,46.88395,-123.00894,97.9,289
44,2026-06-07T20:00,46.88395,-123.00894,91.3,280
45,2026-06-07T21:00,46.88395,-123.00894,84.0,270
46,2026-06-07T22:00,46.88395,-123.00894,78.7,262
47,2026-06-07T23:00,46.88395,-123.00894,76.5,261
0,2026-06-06T00:00,46.869637,-117.32855,192.8,252
1,2026-06-06T01:00,46.869637,-117.32855,191.7,253
2,2026-06-06T02:00,46.869637,-117.32855,190.2,254
3,2026-06-06T03:00,46.869637,-117.32855,181.0,251
4,2026-06-06T04:00,46.869637,-117.32855,180.3,251
5,2026-06-06T05:00,46.869637,-117.32855,182.3,249
6,2026-06-06T06:00,46.869637,-117.32855,181.2,247
7,2026-06-06T07:00,46.869637,-117.32855,177.7,245
8,2026-06-06T08:00,46.869637,-117.32855,178.5,240
9,2026-06-06T09:00,46.869637,-117.32855,185.4,237
10,2026-06-06T10:00,46.869637,-117.32855,190.4,235
11,2026-06-06T11:00,46.869637,-117.32855,194.2,232
12,2026-06-06T12:00,46.869637,-117.32855,196.7,230
13,2026-06-06T13:00,46.869637,-117.32855,198.8,228
14,2026-06-06T14:00,46.869637,-117.32855,200.4,227
15,2026-06-06T15:00,46.869637,-117.32855,196.0,226
16,2026-06-06T16:00,46.869637,-117.32855,189.2,224
17,2026-06-06T17:00,46.869637,-117.32855,185.8,225
18,2026-06-06T18:00,46.869637,-117.32855,182.5,227
19,2026-06-06T19:00,46.869637,-117.32855,175.7,227
20,2026-06-06T20:00,46.869637,-117.32855,163.0,226
21,2026-06-06T21:00,46.869637,-117.32855,152.1,228
22,2026-06-06T22:00,46.869637,-117.32855,145.5,232
23,2026-06-06T23:00,46.869637,-117.32855,140.4,233
24,2026-06-07T00:00,46.869637,-117.32855,134.9,234
25,2026-06-07T01:00,46.869637,-117.32855,129.6,234
26,2026-06-07T02:00,46.869637,-117.32855,121.2,234
27,2026-06-07T03:00,46.869637,-117.32855,111.9,235
28,2026-06-07T04:00,46.869637,-117.32855,103.8,236
29,2026-06-07T05:00,46.869637,-117.32855,99.9,237
30,2026-06-07T06:00,46.869637,-117.32855,95.0,242
31,2026-06-07T07:00,46.869637,-117.32855,87.5,243
32,2026-06-07T08:00,46.869637,-117.32855,84.8,245
33,2026-06-07T09:00,46.869637,-117.32855,85.1,248
34,2026-06-07T10:00,46.869637,-117.32855,82.7,251
35,2026-06-07T11:00,46.869637,-117.32855,80.3,256
36,2026-06-07T12:00,46.869637,-117.32855,76.5,261
37,2026-06-07T13:00,46.869637,-117.32855,71.0,266
38,2026-06-07T14:00,46.869637,-117.32855,71.1,275
39,2026-06-07T15:00,46.869637,-117.32855,74.8,282
40,2026-06-07T16:00,46.869637,-117.32855,74.0,287
41,2026-06-07T17:00,46.869637,-117.32855,79.6,293
42,2026-06-07T18:00,46.869637,-117.32855,88.6,298
43,2026-06-07T19:00,46.869637,-117.32855,100.2,304
44,2026-06-07T20:00,46.869637,-117.32855,112.5,304
45,2026-06-07T21:00,46.869637,-117.32855,113.2,297
46,2026-06-07T22:00,46.869637,-117.32855,108.1,293
47,2026-06-07T23:00,46.869637,-117.32855,106.2,284
0,2026-06-06T00:00,46.86174,-111.649025,111.3,254
1,2026-06-06T01:00,46.86174,-111.649025,111.6,253
2,2026-06-06T02:00,46.86174,-111.649025,113.6,254
3,2026-06-06T03:00,46.86174,-111.649025,116.7,255
4,2026-06-06T04:00,46.86174,-111.649025,121.4,256
5,2026-06-06T05:00,46.86174,-111.649025,125.2,256
6,2026-06-06T06:00,46.86174,-111.649025,128.3,253
7,2026-06-06T07:00,46.86174,-111.649025,124.1,251
8,2026-06-06T08:00,46.86174,-111.649025,118.4,250
9,2026-06-06T09:00,46.86174,-111.649025,115.7,247
10,2026-06-06T10:00,46.86174,-111.649025,120.9,246
11,2026-06-06T11:00,46.86174,-111.649025,120.3,241
12,2026-06-06T12:00,46.86174,-111.649025,118.6,234
13,2026-06-06T13:00,46.86174,-111.649025,118.3,230
14,2026-06-06T14:00,46.86174,-111.649025,118.0,227
15,2026-06-06T15:00,46.86174,-111.649025,118.8,227
16,2026-06-06T16:00,46.86174,-111.649025,122.3,227
17,2026-06-06T17:00,46.86174,-111.649025,125.7,227
18,2026-06-06T18:00,46.86174,-111.649025,128.2,226
19,2026-06-06T19:00,46.86174,-111.649025,129.0,226
20,2026-06-06T20:00,46.86174,-111.649025,135.8,226
21,2026-06-06T21:00,46.86174,-111.649025,138.6,229
22,2026-06-06T22:00,46.86174,-111.649025,150.2,227
23,2026-06-06T23:00,46.86174,-111.649025,153.9,228
24,2026-06-07T00:00,46.86174,-111.649025,160.6,228
25,2026-06-07T01:00,46.86174,-111.649025,157.0,224
26,2026-06-07T02:00,46.86174,-111.649025,163.3,221
27,2026-06-07T03:00,46.86174,-111.649025,165.3,220
28,2026-06-07T04:00,46.86174,-111.649025,166.6,216
29,2026-06-07T05:00,46.86174,-111.649025,167.7,214
30,2026-06-07T06:00,46.86174,-111.649025,165.8,214
31,2026-06-07T07:00,46.86174,-111.649025,156.5,216
32,2026-06-07T08:00,46.86174,-111.649025,151.1,219
33,2026-06-07T09:00,46.86174,-111.649025,149.7,221
34,2026-06-07T10:00,46.86174,-111.649025,151.1,223
35,2026-06-07T11:00,46.86174,-111.649025,155.3,225
36,2026-06-07T12:00,46.86174,-111.649025,156.2,227
37,2026-06-07T13:00,46.86174,-111.649025,155.6,228
38,2026-06-07T14:00,46.86174,-111.649025,150.6,229
39,2026-06-07T15:00,46.86174,-111.649025,142.8,228
40,2026-06-07T16:00,46.86174,-111.649025,136.3,230
41,2026-06-07T17:00,46.86174,-111.649025,126.1,230
42,2026-06-07T18:00,46.86174,-111.649025,122.4,233
43,2026-06-07T19:00,46.86174,-111.649025,117.1,232
44,2026-06-07T20:00,46.86174,-111.649025,102.0,229
45,2026-06-07T21:00,46.86174,-111.649025,111.1,242
46,2026-06-07T22:00,46.86174,-111.649025,139.7,249
47,2026-06-07T23:00,46.86174,-111.649025,152.0,254
0,2026-06-06T00:00,46.88291,-105.989525,88.3,277
1,2026-06-06T01:00,46.88291,-105.989525,87.7,273
2,2026-06-06T02:00,46.88291,-105.989525,85.2,269
3,2026-06-06T03:00,46.88291,-105.989525,76.8,269
4,2026-06-06T04:00,46.88291,-105.989525,75.6,260
5,2026-06-06T05:00,46.88291,-105.989525,78.6,254
6,2026-06-06T06:00,46.88291,-105.989525,81.8,248
7,2026-06-06T07:00,46.88291,-105.989525,75.0,263
8,2026-06-06T08:00,46.88291,-105.989525,80.1,261
9,2026-06-06T09:00,46.88291,-105.989525,83.5,252
10,2026-06-06T10:00,46.88291,-105.989525,76.3,246
11,2026-06-06T11:00,46.88291,-105.989525,72.2,249
12,2026-06-06T12:00,46.88291,-105.989525,76.8,245
13,2026-06-06T13:00,46.88291,-105.989525,81.6,244
14,2026-06-06T14:00,46.88291,-105.989525,89.1,243
15,2026-06-06T15:00,46.88291,-105.989525,92.6,239
16,2026-06-06T16:00,46.88291,-105.989525,101.6,235
17,2026-06-06T17:00,46.88291,-105.989525,115.7,233
18,2026-06-06T18:00,46.88291,-105.989525,115.5,228
19,2026-06-06T19:00,46.88291,-105.989525,114.6,226
20,2026-06-06T20:00,46.88291,-105.989525,107.9,228
21,2026-06-06T21:00,46.88291,-105.989525,106.6,231
22,2026-06-06T22:00,46.88291,-105.989525,110.0,231
23,2026-06-06T23:00,46.88291,-105.989525,102.0,229
24,2026-06-07T00:00,46.88291,-105.989525,101.3,221
25,2026-06-07T01:00,46.88291,-105.989525,86.8,229
26,2026-06-07T02:00,46.88291,-105.989525,101.8,226
27,2026-06-07T03:00,46.88291,-105.989525,95.9,227
28,2026-06-07T04:00,46.88291,-105.989525,95.4,220
29,2026-06-07T05:00,46.88291,-105.989525,101.0,217
30,2026-06-07T06:00,46.88291,-105.989525,96.3,216
31,2026-06-07T07:00,46.88291,-105.989525,96.7,224
32,2026-06-07T08:00,46.88291,-105.989525,107.2,214
33,2026-06-07T09:00,46.88291,-105.989525,112.8,209
34,2026-06-07T10:00,46.88291,-105.989525,113.9,209
35,2026-06-07T11:00,46.88291,-105.989525,114.0,210
36,2026-06-07T12:00,46.88291,-105.989525,118.6,212
37,2026-06-07T13:00,46.88291,-105.989525,123.7,210
38,2026-06-07T14:00,46.88291,-105.989525,121.5,210
39,2026-06-07T15:00,46.88291,-105.989525,127.8,208
40,2026-06-07T16:00,46.88291,-105.989525,131.0,207
41,2026-06-07T17:00,46.88291,-105.989525,127.2,205
42,2026-06-07T18:00,46.88291,-105.989525,126.1,205
43,2026-06-07T19:00,46.88291,-105.989525,125.0,207
44,2026-06-07T20:00,46.88291,-105.989525,131.0,207
45,2026-06-07T21:00,46.88291,-105.989525,136.4,208
46,2026-06-07T22:00,46.88291,-105.989525,149.6,211
47,2026-06-07T23:00,46.88291,-105.989525,150.0,210
0,2026-06-06T00:00,46.88074,-100.318184,113.2,320
1,2026-06-06T01:00,46.88074,-100.318184,111.3,318
2,2026-06-06T02:00,46.88074,-100.318184,106.5,310
3,2026-06-06T03:00,46.88074,-100.318184,96.9,301
4,2026-06-06T04:00,46.88074,-100.318184,89.2,303
5,2026-06-06T05:00,46.88074,-100.318184,83.9,304
6,2026-06-06T06:00,46.88074,-100.318184,76.4,300
7,2026-06-06T07:00,46.88074,-100.318184,68.2,294
8,2026-06-06T08:00,46.88074,-100.318184,65.5,284
9,2026-06-06T09:00,46.88074,-100.318184,62.4,272
10,2026-06-06T10:00,46.88074,-100.318184,66.9,261
11,2026-06-06T11:00,46.88074,-100.318184,67.6,253
12,2026-06-06T12:00,46.88074,-100.318184,73.4,259
13,2026-06-06T13:00,46.88074,-100.318184,73.3,267
14,2026-06-06T14:00,46.88074,-100.318184,68.5,273
15,2026-06-06T15:00,46.88074,-100.318184,68.7,265
16,2026-06-06T16:00,46.88074,-100.318184,68.5,259
17,2026-06-06T17:00,46.88074,-100.318184,64.9,254
18,2026-06-06T18:00,46.88074,-100.318184,66.4,253
19,2026-06-06T19:00,46.88074,-100.318184,67.8,257
20,2026-06-06T20:00,46.88074,-100.318184,62.7,265
21,2026-06-06T21:00,46.88074,-100.318184,58.6,259
22,2026-06-06T22:00,46.88074,-100.318184,57.4,254
23,2026-06-06T23:00,46.88074,-100.318184,61.8,246
24,2026-06-07T00:00,46.88074,-100.318184,62.8,241
25,2026-06-07T01:00,46.88074,-100.318184,67.7,240
26,2026-06-07T02:00,46.88074,-100.318184,69.9,235
27,2026-06-07T03:00,46.88074,-100.318184,61.0,234
28,2026-06-07T04:00,46.88074,-100.318184,54.3,239
29,2026-06-07T05:00,46.88074,-100.318184,51.1,240
30,2026-06-07T06:00,46.88074,-100.318184,48.6,237
31,2026-06-07T07:00,46.88074,-100.318184,48.8,242
32,2026-06-07T08:00,46.88074,-100.318184,56.0,225
33,2026-06-07T09:00,46.88074,-100.318184,55.3,221
34,2026-06-07T10:00,46.88074,-100.318184,48.4,222
35,2026-06-07T11:00,46.88074,-100.318184,55.0,216
36,2026-06-07T12:00,46.88074,-100.318184,50.4,218
37,2026-06-07T13:00,46.88074,-100.318184,52.6,215
38,2026-06-07T14:00,46.88074,-100.318184,62.3,205
39,2026-06-07T15:00,46.88074,-100.318184,69.1,197
40,2026-06-07T16:00,46.88074,-100.318184,69.3,194
41,2026-06-07T17:00,46.88074,-100.318184,70.6,198
42,2026-06-07T18:00,46.88074,-100.318184,76.3,196
43,2026-06-07T19:00,46.88074,-100.318184,72.5,199
44,2026-06-07T20:00,46.88074,-100.318184,73.3,201
45,2026-06-07T21:00,46.88074,-100.318184,75.8,203
46,2026-06-07T22:00,46.88074,-100.318184,76.8,205
47,2026-06-07T23:00,46.88074,-100.318184,76.3,204
0,2026-06-06T00:00,46.880234,-94.65786,61.2,281
1,2026-06-06T01:00,46.880234,-94.65786,61.2,296
2,2026-06-06T02:00,46.880234,-94.65786,78.3,306
3,2026-06-06T03:00,46.880234,-94.65786,85.7,313
4,2026-06-06T04:00,46.880234,-94.65786,94.4,311
5,2026-06-06T05:00,46.880234,-94.65786,118.5,320
6,2026-06-06T06:00,46.880234,-94.65786,129.1,322
7,2026-06-06T07:00,46.880234,-94.65786,121.0,323
8,2026-06-06T08:00,46.880234,-94.65786,107.8,322
9,2026-06-06T09:00,46.880234,-94.65786,95.1,317
10,2026-06-06T10:00,46.880234,-94.65786,92.6,318
11,2026-06-06T11:00,46.880234,-94.65786,89.1,316
12,2026-06-06T12:00,46.880234,-94.65786,84.0,316
13,2026-06-06T13:00,46.880234,-94.65786,76.7,310
14,2026-06-06T14:00,46.880234,-94.65786,72.9,303
15,2026-06-06T15:00,46.880234,-94.65786,69.5,291
16,2026-06-06T16:00,46.880234,-94.65786,67.1,280
17,2026-06-06T17:00,46.880234,-94.65786,60.0,270
18,2026-06-06T18:00,46.880234,-94.65786,63.9,265
19,2026-06-06T19:00,46.880234,-94.65786,66.0,268
20,2026-06-06T20:00,46.880234,-94.65786,61.9,279
21,2026-06-06T21:00,46.880234,-94.65786,60.8,285
22,2026-06-06T22:00,46.880234,-94.65786,61.0,280
23,2026-06-06T23:00,46.880234,-94.65786,52.9,274
24,2026-06-07T00:00,46.880234,-94.65786,51.7,273
25,2026-06-07T01:00,46.880234,-94.65786,48.1,274
26,2026-06-07T02:00,46.880234,-94.65786,43.3,273
27,2026-06-07T03:00,46.880234,-94.65786,38.4,270
28,2026-06-07T04:00,46.880234,-94.65786,34.8,272
29,2026-06-07T05:00,46.880234,-94.65786,30.2,277
30,2026-06-07T06:00,46.880234,-94.65786,25.5,278
31,2026-06-07T07:00,46.880234,-94.65786,28.2,282
32,2026-06-07T08:00,46.880234,-94.65786,19.5,281
33,2026-06-07T09:00,46.880234,-94.65786,7.3,279
34,2026-06-07T10:00,46.880234,-94.65786,4.8,270
35,2026-06-07T11:00,46.880234,-94.65786,8.7,236
36,2026-06-07T12:00,46.880234,-94.65786,13.6,225
37,2026-06-07T13:00,46.880234,-94.65786,16.7,210
38,2026-06-07T14:00,46.880234,-94.65786,21.0,193
39,2026-06-07T15:00,46.880234,-94.65786,23.9,198
40,2026-06-07T16:00,46.880234,-94.65786,25.2,183
41,2026-06-07T17:00,46.880234,-94.65786,29.2,199
42,2026-06-07T18:00,46.880234,-94.65786,31.7,209
43,2026-06-07T19:00,46.880234,-94.65786,40.7,225
44,2026-06-07T20:00,46.880234,-94.65786,45.9,223
45,2026-06-07T21:00,46.880234,-94.65786,43.3,222
46,2026-06-07T22:00,46.880234,-94.65786,46.1,219
47,2026-06-07T23:00,46.880234,-94.65786,46.9,212
0,2026-06-06T00:00,46.881397,-88.98662,91.7,233
1,2026-06-06T01:00,46.881397,-88.98662,88.7,220
2,2026-06-06T02:00,46.881397,-88.98662,106.1,218
3,2026-06-06T03:00,46.881397,-88.98662,108.0,217
4,2026-06-06T04:00,46.881397,-88.98662,107.4,220
5,2026-06-06T05:00,46.881397,-88.98662,90.1,228
6,2026-06-06T06:00,46.881397,-88.98662,79.0,227
7,2026-06-06T07:00,46.881397,-88.98662,58.9,237
8,2026-06-06T08:00,46.881397,-88.98662,52.8,271
9,2026-06-06T09:00,46.881397,-88.98662,64.5,288
10,2026-06-06T10:00,46.881397,-88.98662,81.3,301
11,2026-06-06T11:00,46.881397,-88.98662,95.2,312
12,2026-06-06T12:00,46.881397,-88.98662,110.9,321
13,2026-06-06T13:00,46.881397,-88.98662,112.3,323
14,2026-06-06T14:00,46.881397,-88.98662,122.1,330
15,2026-06-06T15:00,46.881397,-88.98662,131.3,329
16,2026-06-06T16:00,46.881397,-88.98662,128.5,327
17,2026-06-06T17:00,46.881397,-88.98662,120.1,326
18,2026-06-06T18:00,46.881397,-88.98662,118.9,325
19,2026-06-06T19:00,46.881397,-88.98662,113.1,319
20,2026-06-06T20:00,46.881397,-88.98662,99.3,315
21,2026-06-06T21:00,46.881397,-88.98662,94.4,311
22,2026-06-06T22:00,46.881397,-88.98662,82.6,306
23,2026-06-06T23:00,46.881397,-88.98662,73.7,307
24,2026-06-07T00:00,46.881397,-88.98662,64.6,305
25,2026-06-07T01:00,46.881397,-88.98662,55.7,307
26,2026-06-07T02:00,46.881397,-88.98662,45.6,305
27,2026-06-07T03:00,46.881397,-88.98662,45.4,307
28,2026-06-07T04:00,46.881397,-88.98662,43.9,305
29,2026-06-07T05:00,46.881397,-88.98662,45.6,297
30,2026-06-07T06:00,46.881397,-88.98662,49.3,288
31,2026-06-07T07:00,46.881397,-88.98662,49.5,284
32,2026-06-07T08:00,46.881397,-88.98662,48.2,289
33,2026-06-07T09:00,46.881397,-88.98662,47.8,295
34,2026-06-07T10:00,46.881397,-88.98662,46.3,301
35,2026-06-07T11:00,46.881397,-88.98662,40.9,310
36,2026-06-07T12:00,46.881397,-88.98662,38.3,319
37,2026-06-07T13:00,46.881397,-88.98662,34.6,326
38,2026-06-07T14:00,46.881397,-88.98662,32.6,324
39,2026-06-07T15:00,46.881397,-88.98662,26.0,326
40,2026-06-07T16:00,46.881397,-88.98662,18.7,320
41,2026-06-07T17:00,46.881397,-88.98662,20.0,303
42,2026-06-07T18:00,46.881397,-88.98662,23.1,298
43,2026-06-07T19:00,46.881397,-88.98662,25.8,298
44,2026-06-07T20:00,46.881397,-88.98662,27.4,293
45,2026-06-07T21:00,46.881397,-88.98662,24.3,290
46,2026-06-07T22:00,46.881397,-88.98662,30.2,277
47,2026-06-07T23:00,46.881397,-88.98662,27.7,288
0,2026-06-06T00:00,46.8856,-83.32132,111.7,242
1,2026-06-06T01:00,46.8856,-83.32132,118.1,245
2,2026-06-06T02:00,46.8856,-83.32132,118.7,242
3,2026-06-06T03:00,46.8856,-83.32132,98.2,243
4,2026-06-06T04:00,46.8856,-83.32132,91.6,248
5,2026-06-06T05:00,46.8856,-83.32132,91.5,251
6,2026-06-06T06:00,46.8856,-83.32132,103.0,244
7,2026-06-06T07:00,46.8856,-83.32132,83.2,242
8,2026-06-06T08:00,46.8856,-83.32132,89.2,237
9,2026-06-06T09:00,46.8856,-83.32132,83.4,230
10,2026-06-06T10:00,46.8856,-83.32132,89.3,229
11,2026-06-06T11:00,46.8856,-83.32132,77.3,228
12,2026-06-06T12:00,46.8856,-83.32132,68.9,221
13,2026-06-06T13:00,46.8856,-83.32132,55.2,222
14,2026-06-06T14:00,46.8856,-83.32132,44.9,236
15,2026-06-06T15:00,46.8856,-83.32132,40.2,253
16,2026-06-06T16:00,46.8856,-83.32132,40.8,272
17,2026-06-06T17:00,46.8856,-83.32132,45.5,288
18,2026-06-06T18:00,46.8856,-83.32132,56.9,295
19,2026-06-06T19:00,46.8856,-83.32132,67.1,297
20,2026-06-06T20:00,46.8856,-83.32132,75.6,306
21,2026-06-06T21:00,46.8856,-83.32132,84.9,314
22,2026-06-06T22:00,46.8856,-83.32132,98.2,321
23,2026-06-06T23:00,46.8856,-83.32132,108.0,323
24,2026-06-07T00:00,46.8856,-83.32132,117.5,326
25,2026-06-07T01:00,46.8856,-83.32132,127.2,328
26,2026-06-07T02:00,46.8856,-83.32132,127.2,328
27,2026-06-07T03:00,46.8856,-83.32132,124.3,329
28,2026-06-07T04:00,46.8856,-83.32132,125.9,329
29,2026-06-07T05:00,46.8856,-83.32132,128.6,329
30,2026-06-07T06:00,46.8856,-83.32132,127.4,330
31,2026-06-07T07:00,46.8856,-83.32132,125.1,332
32,2026-06-07T08:00,46.8856,-83.32132,119.7,333
33,2026-06-07T09:00,46.8856,-83.32132,113.8,334
34,2026-06-07T10:00,46.8856,-83.32132,104.7,335
35,2026-06-07T11:00,46.8856,-83.32132,97.7,335
36,2026-06-07T12:00,46.8856,-83.32132,87.1,337
37,2026-06-07T13:00,46.8856,-83.32132,77.8,340
38,2026-06-07T14:00,46.8856,-83.32132,67.3,344
39,2026-06-07T15:00,46.8856,-83.32132,57.4,349
40,2026-06-07T16:00,46.8856,-83.32132,47.2,353
41,2026-06-07T17:00,46.8856,-83.32132,43.2,360
42,2026-06-07T18:00,46.8856,-83.32132,39.9,7
43,2026-06-07T19:00,46.8856,-83.32132,35.3,10
44,2026-06-07T20:00,46.8856,-83.32132,35.7,20
45,2026-06-07T21:00,46.8856,-83.32132,32.8,24
46,2026-06-07T22:00,46.8856,-83.32132,28.5,22
47,2026-06-07T23:00,46.8856,-83.32132,21.6,19
0,2026-06-06T00:00,46.871834,-77.68615,114.3,266
1,2026-06-06T01:00,46.871834,-77.68615,105.7,261
2,2026-06-06T02:00,46.871834,-77.68615,109.2,258
3,2026-06-06T03:00,46.871834,-77.68615,119.4,255
4,2026-06-06T04:00,46.871834,-77.68615,114.3,253
5,2026-06-06T05:00,46.871834,-77.68615,109.7,250
6,2026-06-06T06:00,46.871834,-77.68615,105.6,249
7,2026-06-06T07:00,46.871834,-77.68615,112.7,243
8,2026-06-06T08:00,46.871834,-77.68615,108.5,245
9,2026-06-06T09:00,46.871834,-77.68615,102.5,243
10,2026-06-06T10:00,46.871834,-77.68615,97.1,243
11,2026-06-06T11:00,46.871834,-77.68615,86.9,244
12,2026-06-06T12:00,46.871834,-77.68615,88.7,240
13,2026-06-06T13:00,46.871834,-77.68615,78.6,239
14,2026-06-06T14:00,46.871834,-77.68615,78.5,247
15,2026-06-06T15:00,46.871834,-77.68615,84.9,237
16,2026-06-06T16:00,46.871834,-77.68615,73.0,226
17,2026-06-06T17:00,46.871834,-77.68615,76.7,230
18,2026-06-06T18:00,46.871834,-77.68615,61.2,215
19,2026-06-06T19:00,46.871834,-77.68615,55.3,207
20,2026-06-06T20:00,46.871834,-77.68615,57.4,196
21,2026-06-06T21:00,46.871834,-77.68615,60.2,203
22,2026-06-06T22:00,46.871834,-77.68615,61.2,208
23,2026-06-06T23:00,46.871834,-77.68615,52.6,204
24,2026-06-07T00:00,46.871834,-77.68615,48.4,224
25,2026-06-07T01:00,46.871834,-77.68615,52.1,241
26,2026-06-07T02:00,46.871834,-77.68615,53.2,242
27,2026-06-07T03:00,46.871834,-77.68615,53.9,249
28,2026-06-07T04:00,46.871834,-77.68615,58.0,263
29,2026-06-07T05:00,46.871834,-77.68615,63.6,270
30,2026-06-07T06:00,46.871834,-77.68615,60.0,286
31,2026-06-07T07:00,46.871834,-77.68615,51.0,297
32,2026-06-07T08:00,46.871834,-77.68615,39.1,313
33,2026-06-07T09:00,46.871834,-77.68615,30.6,334
34,2026-06-07T10:00,46.871834,-77.68615,33.0,10
35,2026-06-07T11:00,46.871834,-77.68615,55.5,39
36,2026-06-07T12:00,46.871834,-77.68615,61.7,37
37,2026-06-07T13:00,46.871834,-77.68615,64.6,22
38,2026-06-07T14:00,46.871834,-77.68615,73.6,6
39,2026-06-07T15:00,46.871834,-77.68615,59.0,355
40,2026-06-07T16:00,46.871834,-77.68615,63.9,355
41,2026-06-07T17:00,46.871834,-77.68615,76.5,351
42,2026-06-07T18:00,46.871834,-77.68615,84.0,359
43,2026-06-07T19:00,46.871834,-77.68615,94.1,6
44,2026-06-07T20:00,46.871834,-77.68615,102.6,11
45,2026-06-07T21:00,46.871834,-77.68615,110.9,16
46,2026-06-07T22:00,46.871834,-77.68615,116.2,20
47,2026-06-07T23:00,46.871834,-77.68615,126.4,23
0,2026-06-06T00:00,46.886765,-72.00555,132.8,283
1,2026-06-06T01:00,46.886765,-72.00555,129.6,272
2,2026-06-06T02:00,46.886765,-72.00555,112.8,271
3,2026-06-06T03:00,46.886765,-72.00555,123.1,276
4,2026-06-06T04:00,46.886765,-72.00555,120.9,277
5,2026-06-06T05:00,46.886765,-72.00555,122.5,272
6,2026-06-06T06:00,46.886765,-72.00555,116.4,271
7,2026-06-06T07:00,46.886765,-72.00555,115.3,268
8,2026-06-06T08:00,46.886765,-72.00555,115.4,267
9,2026-06-06T09:00,46.886765,-72.00555,110.7,266
10,2026-06-06T10:00,46.886765,-72.00555,108.8,263
11,2026-06-06T11:00,46.886765,-72.00555,105.9,260
12,2026-06-06T12:00,46.886765,-72.00555,104.5,255
13,2026-06-06T13:00,46.886765,-72.00555,107.8,253
14,2026-06-06T14:00,46.886765,-72.00555,114.6,250
15,2026-06-06T15:00,46.886765,-72.00555,112.5,248
16,2026-06-06T16:00,46.886765,-72.00555,109.0,245
17,2026-06-06T17:00,46.886765,-72.00555,105.5,236
18,2026-06-06T18:00,46.886765,-72.00555,95.3,234
19,2026-06-06T19:00,46.886765,-72.00555,91.8,228
20,2026-06-06T20:00,46.886765,-72.00555,78.2,229
21,2026-06-06T21:00,46.886765,-72.00555,71.4,228
22,2026-06-06T22:00,46.886765,-72.00555,73.3,230
23,2026-06-06T23:00,46.886765,-72.00555,64.5,225
24,2026-06-07T00:00,46.886765,-72.00555,71.9,208
25,2026-06-07T01:00,46.886765,-72.00555,68.0,201
26,2026-06-07T02:00,46.886765,-72.00555,55.1,191
27,2026-06-07T03:00,46.886765,-72.00555,55.3,207
28,2026-06-07T04:00,46.886765,-72.00555,51.3,201
29,2026-06-07T05:00,46.886765,-72.00555,43.6,188
30,2026-06-07T06:00,46.886765,-72.00555,25.5,188
31,2026-06-07T07:00,46.886765,-72.00555,8.7,196
32,2026-06-07T08:00,46.886765,-72.00555,11.4,342
33,2026-06-07T09:00,46.886765,-72.00555,25.3,355
34,2026-06-07T10:00,46.886765,-72.00555,40.8,360
35,2026-06-07T11:00,46.886765,-72.00555,42.1,3
36,2026-06-07T12:00,46.886765,-72.00555,43.5,6
37,2026-06-07T13:00,46.886765,-72.00555,50.5,3
38,2026-06-07T14:00,46.886765,-72.00555,52.8,1
39,2026-06-07T15:00,46.886765,-72.00555,49.4,354
40,2026-06-07T16:00,46.886765,-72.00555,46.9,347
41,2026-06-07T17:00,46.886765,-72.00555,40.7,346
42,2026-06-07T18:00,46.886765,-72.00555,47.4,351
43,2026-06-07T19:00,46.886765,-72.00555,53.9,348
44,2026-06-07T20:00,46.886765,-72.00555,49.2,347
45,2026-06-07T21:00,46.886765,-72.00555,48.3,346
46,2026-06-07T22:00,46.886765,-72.00555,49.3,342
47,2026-06-07T23:00,46.886765,-72.00555,59.0,355
0,2026-06-06T00:00,46.881516,-66.31375,123.8,286
1,2026-06-06T01:00,46.881516,-66.31375,131.0,284
2,2026-06-06T02:00,46.881516,-66.31375,125.6,287
3,2026-06-06T03:00,46.881516,-66.31375,128.6,292
4,2026-06-06T04:00,46.881516,-66.31375,141.5,292
5,2026-06-06T05:00,46.881516,-66.31375,144.6,287
6,2026-06-06T06:00,46.881516,-66.31375,136.8,285
7,2026-06-06T07:00,46.881516,-66.31375,136.8,283
8,2026-06-06T08:00,46.881516,-66.31375,130.1,284
9,2026-06-06T09:00,46.881516,-66.31375,124.6,283
10,2026-06-06T10:00,46.881516,-66.31375,121.9,280
11,2026-06-06T11:00,46.881516,-66.31375,118.5,277
12,2026-06-06T12:00,46.881516,-66.31375,113.7,277
13,2026-06-06T13:00,46.881516,-66.31375,107.2,275
14,2026-06-06T14:00,46.881516,-66.31375,93.8,274
15,2026-06-06T15:00,46.881516,-66.31375,97.5,266
16,2026-06-06T16:00,46.881516,-66.31375,105.9,265
17,2026-06-06T17:00,46.881516,-66.31375,120.3,266
18,2026-06-06T18:00,46.881516,-66.31375,123.2,263
19,2026-06-06T19:00,46.881516,-66.31375,129.3,263
20,2026-06-06T20:00,46.881516,-66.31375,120.2,261
21,2026-06-06T21:00,46.881516,-66.31375,111.3,259
22,2026-06-06T22:00,46.881516,-66.31375,106.7,253
23,2026-06-06T23:00,46.881516,-66.31375,96.1,246
24,2026-06-07T00:00,46.881516,-66.31375,90.8,241
25,2026-06-07T01:00,46.881516,-66.31375,84.3,242
26,2026-06-07T02:00,46.881516,-66.31375,81.6,242
27,2026-06-07T03:00,46.881516,-66.31375,83.4,247
28,2026-06-07T04:00,46.881516,-66.31375,91.6,238
29,2026-06-07T05:00,46.881516,-66.31375,96.9,248
30,2026-06-07T06:00,46.881516,-66.31375,102.0,229
31,2026-06-07T07:00,46.881516,-66.31375,91.9,229
32,2026-06-07T08:00,46.881516,-66.31375,81.5,223
33,2026-06-07T09:00,46.881516,-66.31375,80.8,221
34,2026-06-07T10:00,46.881516,-66.31375,76.8,219
35,2026-06-07T11:00,46.881516,-66.31375,73.0,216
36,2026-06-07T12:00,46.881516,-66.31375,68.7,205
37,2026-06-07T13:00,46.881516,-66.31375,76.8,194
38,2026-06-07T14:00,46.881516,-66.31375,80.5,190
39,2026-06-07T15:00,46.881516,-66.31375,75.8,185
40,2026-06-07T16:00,46.881516,-66.31375,78.5,174
41,2026-06-07T17:00,46.881516,-66.31375,74.2,166
42,2026-06-07T18:00,46.881516,-66.31375,72.5,164
43,2026-06-07T19:00,46.881516,-66.31375,53.5,171
44,2026-06-07T20:00,46.881516,-66.31375,39.8,175
45,2026-06-07T21:00,46.881516,-66.31375,26.8,190
46,2026-06-07T22:00,46.881516,-66.31375,17.1,219
47,2026-06-07T23:00,46.881516,-66.31375,13.4,260
0,2026-06-06T00:00,46.85413,-60.72815,122.9,296
1,2026-06-06T01:00,46.85413,-60.72815,120.7,297
2,2026-06-06T02:00,46.85413,-60.72815,114.8,296
3,2026-06-06T03:00,46.85413,-60.72815,110.6,297
4,2026-06-06T04:00,46.85413,-60.72815,110.1,299
5,2026-06-06T05:00,46.85413,-60.72815,109.3,301
6,2026-06-06T06:00,46.85413,-60.72815,107.2,302
7,2026-06-06T07:00,46.85413,-60.72815,107.2,302
8,2026-06-06T08:00,46.85413,-60.72815,108.1,300
9,2026-06-06T09:00,46.85413,-60.72815,109.7,300
10,2026-06-06T10:00,46.85413,-60.72815,109.9,302
11,2026-06-06T11:00,46.85413,-60.72815,115.7,301
12,2026-06-06T12:00,46.85413,-60.72815,122.5,303
13,2026-06-06T13:00,46.85413,-60.72815,130.5,304
14,2026-06-06T14:00,46.85413,-60.72815,138.1,303
15,2026-06-06T15:00,46.85413,-60.72815,131.2,303
16,2026-06-06T16:00,46.85413,-60.72815,129.4,307
17,2026-06-06T17:00,46.85413,-60.72815,127.8,298
18,2026-06-06T18:00,46.85413,-60.72815,120.9,294
19,2026-06-06T19:00,46.85413,-60.72815,122.6,290
20,2026-06-06T20:00,46.85413,-60.72815,126.0,289
21,2026-06-06T21:00,46.85413,-60.72815,135.5,290
22,2026-06-06T22:00,46.85413,-60.72815,136.6,293
23,2026-06-06T23:00,46.85413,-60.72815,135.3,295
24,2026-06-07T00:00,46.85413,-60.72815,120.6,292
25,2026-06-07T01:00,46.85413,-60.72815,117.9,285
26,2026-06-07T02:00,46.85413,-60.72815,111.5,278
27,2026-06-07T03:00,46.85413,-60.72815,103.3,273
28,2026-06-07T04:00,46.85413,-60.72815,102.3,266
29,2026-06-07T05:00,46.85413,-60.72815,105.9,265
30,2026-06-07T06:00,46.85413,-60.72815,111.9,266
31,2026-06-07T07:00,46.85413,-60.72815,105.0,264
32,2026-06-07T08:00,46.85413,-60.72815,102.8,259
33,2026-06-07T09:00,46.85413,-60.72815,101.7,258
34,2026-06-07T10:00,46.85413,-60.72815,105.7,258
35,2026-06-07T11:00,46.85413,-60.72815,95.5,258
36,2026-06-07T12:00,46.85413,-60.72815,91.8,253
37,2026-06-07T13:00,46.85413,-60.72815,99.8,252
38,2026-06-07T14:00,46.85413,-60.72815,97.9,251
39,2026-06-07T15:00,46.85413,-60.72815,96.7,247
40,2026-06-07T16:00,46.85413,-60.72815,92.0,239
41,2026-06-07T17:00,46.85413,-60.72815,103.0,234
42,2026-06-07T18:00,46.85413,-60.72815,91.7,223
43,2026-06-07T19:00,46.85413,-60.72815,95.1,223
44,2026-06-07T20:00,46.85413,-60.72815,94.6,219
45,2026-06-07T21:00,46.85413,-60.72815,110.5,221
46,2026-06-07T22:00,46.85413,-60.72815,108.2,220
47,2026-06-07T23:00,46.85413,-60.72815,105.9,219
0,2026-06-06T00:00,46.924427,-54.991913,141.8,267
1,2026-06-06T01:00,46.924427,-54.991913,136.4,264
2,2026-06-06T02:00,46.924427,-54.991913,127.7,265
3,2026-06-06T03:00,46.924427,-54.991913,124.9,267
4,2026-06-06T04:00,46.924427,-54.991913,123.6,269
5,2026-06-06T05:00,46.924427,-54.991913,118.8,271
6,2026-06-06T06:00,46.924427,-54.991913,113.0,273
7,2026-06-06T07:00,46.924427,-54.991913,105.9,275
8,2026-06-06T08:00,46.924427,-54.991913,100.3,277
9,2026-06-06T09:00,46.924427,-54.991913,96.3,280
10,2026-06-06T10:00,46.924427,-54.991913,92.8,284
11,2026-06-06T11:00,46.924427,-54.991913,88.8,289
12,2026-06-06T12:00,46.924427,-54.991913,83.4,293
13,2026-06-06T13:00,46.924427,-54.991913,78.5,293
14,2026-06-06T14:00,46.924427,-54.991913,74.4,291
15,2026-06-06T15:00,46.924427,-54.991913,72.5,286
16,2026-06-06T16:00,46.924427,-54.991913,76.8,284
17,2026-06-06T17:00,46.924427,-54.991913,86.9,288
18,2026-06-06T18:00,46.924427,-54.991913,96.7,293
19,2026-06-06T19:00,46.924427,-54.991913,113.2,302
20,2026-06-06T20:00,46.924427,-54.991913,142.1,311
21,2026-06-06T21:00,46.924427,-54.991913,148.6,308
22,2026-06-06T22:00,46.924427,-54.991913,139.8,305
23,2026-06-06T23:00,46.924427,-54.991913,131.3,301
24,2026-06-07T00:00,46.924427,-54.991913,120.8,298
25,2026-06-07T01:00,46.924427,-54.991913,113.2,296
26,2026-06-07T02:00,46.924427,-54.991913,113.4,293
27,2026-06-07T03:00,46.924427,-54.991913,116.8,292
28,2026-06-07T04:00,46.924427,-54.991913,119.1,296
29,2026-06-07T05:00,46.924427,-54.991913,125.3,293
30,2026-06-07T06:00,46.924427,-54.991913,122.0,285
31,2026-06-07T07:00,46.924427,-54.991913,117.8,279
32,2026-06-07T08:00,46.924427,-54.991913,117.7,272
33,2026-06-07T09:00,46.924427,-54.991913,114.0,271
34,2026-06-07T10:00,46.924427,-54.991913,115.2,271
35,2026-06-07T11:00,46.924427,-54.991913,111.8,267
36,2026-06-07T12:00,46.924427,-54.991913,111.1,264
37,2026-06-07T13:00,46.924427,-54.991913,111.3,263
38,2026-06-07T14:00,46.924427,-54.991913,109.5,261
39,2026-06-07T15:00,46.924427,-54.991913,100.7,258
40,2026-06-07T16:00,46.924427,-54.991913,98.1,258
41,2026-06-07T17:00,46.924427,-54.991913,98.7,257
42,2026-06-07T18:00,46.924427,-54.991913,96.9,255
43,2026-06-07T19:00,46.924427,-54.991913,102.1,250
44,2026-06-07T20:00,46.924427,-54.991913,103.0,249
45,2026-06-07T21:00,46.924427,-54.991913,98.8,246
46,2026-06-07T22:00,46.924427,-54.991913,93.4,244
47,2026-06-07T23:00,46.924427,-54.991913,88.6,242
0,2026-06-06T00:00,51.21265,-140.01797,62.9,13
1,2026-06-06T01:00,51.21265,-140.01797,61.7,13
2,2026-06-06T02:00,51.21265,-140.01797,60.0,16
3,2026-06-06T03:00,51.21265,-140.01797,60.0,16
4,2026-06-06T04:00,51.21265,-140.01797,54.6,9
5,2026-06-06T05:00,51.21265,-140.01797,50.9,352
6,2026-06-06T06:00,51.21265,-140.01797,53.9,339
7,2026-06-06T07:00,51.21265,-140.01797,54.8,331
8,2026-06-06T08:00,51.21265,-140.01797,52.9,327
9,2026-06-06T09:00,51.21265,-140.01797,49.0,324
10,2026-06-06T10:00,51.21265,-140.01797,43.3,314
11,2026-06-06T11:00,51.21265,-140.01797,42.6,302
12,2026-06-06T12:00,51.21265,-140.01797,48.6,290
13,2026-06-06T13:00,51.21265,-140.01797,62.8,296
14,2026-06-06T14:00,51.21265,-140.01797,81.6,298
15,2026-06-06T15:00,51.21265,-140.01797,94.7,292
16,2026-06-06T16:00,51.21265,-140.01797,94.9,283
17,2026-06-06T17:00,51.21265,-140.01797,92.9,276
18,2026-06-06T18:00,51.21265,-140.01797,100.9,273
19,2026-06-06T19:00,51.21265,-140.01797,124.8,271
20,2026-06-06T20:00,51.21265,-140.01797,132.3,266
21,2026-06-06T21:00,51.21265,-140.01797,133.0,257
22,2026-06-06T22:00,51.21265,-140.01797,118.4,250
23,2026-06-06T23:00,51.21265,-140.01797,111.6,243
24,2026-06-07T00:00,51.21265,-140.01797,109.9,238
25,2026-06-07T01:00,51.21265,-140.01797,110.6,229
26,2026-06-07T02:00,51.21265,-140.01797,115.5,222
27,2026-06-07T03:00,51.21265,-140.01797,107.6,215
28,2026-06-07T04:00,51.21265,-140.01797,91.6,212
29,2026-06-07T05:00,51.21265,-140.01797,92.2,215
30,2026-06-07T06:00,51.21265,-140.01797,78.9,213
31,2026-06-07T07:00,51.21265,-140.01797,66.7,218
32,2026-06-07T08:00,51.21265,-140.01797,60.3,223
33,2026-06-07T09:00,51.21265,-140.01797,56.1,228
34,2026-06-07T10:00,51.21265,-140.01797,55.0,234
35,2026-06-07T11:00,51.21265,-140.01797,54.2,242
36,2026-06-07T12:00,51.21265,-140.01797,56.9,252
37,2026-06-07T13:00,51.21265,-140.01797,60.0,258
38,2026-06-07T14:00,51.21265,-140.01797,60.2,265
39,2026-06-07T15:00,51.21265,-140.01797,56.4,270
40,2026-06-07T16:00,51.21265,-140.01797,56.4,270
41,2026-06-07T17:00,51.21265,-140.01797,58.8,272
42,2026-06-07T18:00,51.21265,-140.01797,61.8,278
43,2026-06-07T19:00,51.21265,-140.01797,62.6,282
44,2026-06-07T20:00,51.21265,-140.01797,64.9,286
45,2026-06-07T21:00,51.21265,-140.01797,66.8,288
46,2026-06-07T22:00,51.21265,-140.01797,71.0,289
47,2026-06-07T23:00,51.21265,-140.01797,74.4,291
0,2026-06-06T00:00,51.21265,-134.35251,88.0,11
1,2026-06-06T01:00,51.21265,-134.35251,90.2,10
2,2026-06-06T02:00,51.21265,-134.35251,90.6,7
3,2026-06-06T03:00,51.21265,-134.35251,93.7,2
4,2026-06-06T04:00,51.21265,-134.35251,100.8,359
5,2026-06-06T05:00,51.21265,-134.35251,110.4,360
6,2026-06-06T06:00,51.21265,-134.35251,119.0,3
7,2026-06-06T07:00,51.21265,-134.35251,125.5,6
8,2026-06-06T08:00,51.21265,-134.35251,131.6,6
9,2026-06-06T09:00,51.21265,-134.35251,138.3,4
10,2026-06-06T10:00,51.21265,-134.35251,138.2,3
11,2026-06-06T11:00,51.21265,-134.35251,126.0,359
12,2026-06-06T12:00,51.21265,-134.35251,118.1,355
13,2026-06-06T13:00,51.21265,-134.35251,113.6,353
14,2026-06-06T14:00,51.21265,-134.35251,106.3,354
15,2026-06-06T15:00,51.21265,-134.35251,94.9,351
16,2026-06-06T16:00,51.21265,-134.35251,83.9,343
17,2026-06-06T17:00,51.21265,-134.35251,76.9,337
18,2026-06-06T18:00,51.21265,-134.35251,68.8,331
19,2026-06-06T19:00,51.21265,-134.35251,63.2,321
20,2026-06-06T20:00,51.21265,-134.35251,57.8,312
21,2026-06-06T21:00,51.21265,-134.35251,54.3,301
22,2026-06-06T22:00,51.21265,-134.35251,58.5,298
23,2026-06-06T23:00,51.21265,-134.35251,81.6,298
24,2026-06-07T00:00,51.21265,-134.35251,94.7,300
25,2026-06-07T01:00,51.21265,-134.35251,101.5,299
26,2026-06-07T02:00,51.21265,-134.35251,116.1,284
27,2026-06-07T03:00,51.21265,-134.35251,99.8,283
28,2026-06-07T04:00,51.21265,-134.35251,96.2,274
29,2026-06-07T05:00,51.21265,-134.35251,91.6,265
30,2026-06-07T06:00,51.21265,-134.35251,91.5,253
31,2026-06-07T07:00,51.21265,-134.35251,86.0,240
32,2026-06-07T08:00,51.21265,-134.35251,80.7,227
33,2026-06-07T09:00,51.21265,-134.35251,84.0,217
34,2026-06-07T10:00,51.21265,-134.35251,85.9,207
35,2026-06-07T11:00,51.21265,-134.35251,82.9,194
36,2026-06-07T12:00,51.21265,-134.35251,82.9,182
37,2026-06-07T13:00,51.21265,-134.35251,76.5,189
38,2026-06-07T14:00,51.21265,-134.35251,67.6,186
39,2026-06-07T15:00,51.21265,-134.35251,58.0,187
40,2026-06-07T16:00,51.21265,-134.35251,50.8,187
41,2026-06-07T17:00,51.21265,-134.35251,45.7,194
42,2026-06-07T18:00,51.21265,-134.35251,43.0,203
43,2026-06-07T19:00,51.21265,-134.35251,40.8,208
44,2026-06-07T20:00,51.21265,-134.35251,37.9,215
45,2026-06-07T21:00,51.21265,-134.35251,37.5,220
46,2026-06-07T22:00,51.21265,-134.35251,39.0,225
47,2026-06-07T23:00,51.21265,-134.35251,39.2,230
0,2026-06-06T00:00,51.21265,-128.68704,12.0,323
1,2026-06-06T01:00,51.21265,-128.68704,11.1,347
2,2026-06-06T02:00,51.21265,-128.68704,10.8,360
3,2026-06-06T03:00,51.21265,-128.68704,12.1,354
4,2026-06-06T04:00,51.21265,-128.68704,15.8,351
5,2026-06-06T05:00,51.21265,-128.68704,20.7,350
6,2026-06-06T06:00,51.21265,-128.68704,28.0,350
7,2026-06-06T07:00,51.21265,-128.68704,36.2,354
8,2026-06-06T08:00,51.21265,-128.68704,42.0,360
9,2026-06-06T09:00,51.21265,-128.68704,48.1,3
10,2026-06-06T10:00,51.21265,-128.68704,53.0,5
11,2026-06-06T11:00,51.21265,-128.68704,56.6,5
12,2026-06-06T12:00,51.21265,-128.68704,59.0,5
13,2026-06-06T13:00,51.21265,-128.68704,61.5,6
14,2026-06-06T14:00,51.21265,-128.68704,63.8,4
15,2026-06-06T15:00,51.21265,-128.68704,68.4,2
16,2026-06-06T16:00,51.21265,-128.68704,74.4,2
17,2026-06-06T17:00,51.21265,-128.68704,80.5,3
18,2026-06-06T18:00,51.21265,-128.68704,87.6,2
19,2026-06-06T19:00,51.21265,-128.68704,98.5,2
20,2026-06-06T20:00,51.21265,-128.68704,108.0,1
21,2026-06-06T21:00,51.21265,-128.68704,117.8,357
22,2026-06-06T22:00,51.21265,-128.68704,125.1,356
23,2026-06-06T23:00,51.21265,-128.68704,131.5,354
24,2026-06-07T00:00,51.21265,-128.68704,134.2,350
25,2026-06-07T01:00,51.21265,-128.68704,131.3,346
26,2026-06-07T02:00,51.21265,-128.68704,127.5,342
27,2026-06-07T03:00,51.21265,-128.68704,123.0,339
28,2026-06-07T04:00,51.21265,-128.68704,113.6,338
29,2026-06-07T05:00,51.21265,-128.68704,101.6,337
30,2026-06-07T06:00,51.21265,-128.68704,90.2,333
31,2026-06-07T07:00,51.21265,-128.68704,79.0,330
32,2026-06-07T08:00,51.21265,-128.68704,68.9,325
33,2026-06-07T09:00,51.21265,-128.68704,63.6,316
34,2026-06-07T10:00,51.21265,-128.68704,63.8,311
35,2026-06-07T11:00,51.21265,-128.68704,73.9,306
36,2026-06-07T12:00,51.21265,-128.68704,70.3,297
37,2026-06-07T13:00,51.21265,-128.68704,60.5,284
38,2026-06-07T14:00,51.21265,-128.68704,50.9,278
39,2026-06-07T15:00,51.21265,-128.68704,43.2,270
40,2026-06-07T16:00,51.21265,-128.68704,33.2,257
41,2026-06-07T17:00,51.21265,-128.68704,26.6,234
42,2026-06-07T18:00,51.21265,-128.68704,23.9,198
43,2026-06-07T19:00,51.21265,-128.68704,31.6,171
44,2026-06-07T20:00,51.21265,-128.68704,40.6,161
45,2026-06-07T21:00,51.21265,-128.68704,46.7,162
46,2026-06-07T22:00,51.21265,-128.68704,53.5,171
47,2026-06-07T23:00,51.21265,-128.68704,60.8,171
0,2026-06-06T00:00,51.21265,-123.021576,58.6,227
1,2026-06-06T01:00,51.21265,-123.021576,56.9,226
2,2026-06-06T02:00,51.21265,-123.021576,54.3,223
3,2026-06-06T03:00,51.21265,-123.021576,53.6,220
4,2026-06-06T04:00,51.21265,-123.021576,52.9,219
5,2026-06-06T05:00,51.21265,-123.021576,51.0,221
6,2026-06-06T06:00,51.21265,-123.021576,47.5,223
7,2026-06-06T07:00,51.21265,-123.021576,44.1,225
8,2026-06-06T08:00,51.21265,-123.021576,36.5,226
9,2026-06-06T09:00,51.21265,-123.021576,31.4,223
10,2026-06-06T10:00,51.21265,-123.021576,28.3,216
11,2026-06-06T11:00,51.21265,-123.021576,25.3,211
12,2026-06-06T12:00,51.21265,-123.021576,22.6,212
13,2026-06-06T13:00,51.21265,-123.021576,20.4,208
14,2026-06-06T14:00,51.21265,-123.021576,18.8,207
15,2026-06-06T15:00,51.21265,-123.021576,17.1,219
16,2026-06-06T16:00,51.21265,-123.021576,13.4,243
17,2026-06-06T17:00,51.21265,-123.021576,10.3,291
18,2026-06-06T18:00,51.21265,-123.021576,8.7,344
19,2026-06-06T19:00,51.21265,-123.021576,10.3,21
20,2026-06-06T20:00,51.21265,-123.021576,10.3,36
21,2026-06-06T21:00,51.21265,-123.021576,8.7,34
22,2026-06-06T22:00,51.21265,-123.021576,9.7,7
23,2026-06-06T23:00,51.21265,-123.021576,15.6,356
24,2026-06-07T00:00,51.21265,-123.021576,19.2,356
25,2026-06-07T01:00,51.21265,-123.021576,22.8,360
26,2026-06-07T02:00,51.21265,-123.021576,25.2,357
27,2026-06-07T03:00,51.21265,-123.021576,32.5,356
28,2026-06-07T04:00,51.21265,-123.021576,39.6,2
29,2026-06-07T05:00,51.21265,-123.021576,43.6,8
30,2026-06-07T06:00,51.21265,-123.021576,45.4,12
31,2026-06-07T07:00,51.21265,-123.021576,46.3,17
32,2026-06-07T08:00,51.21265,-123.021576,44.8,20
33,2026-06-07T09:00,51.21265,-123.021576,40.6,19
34,2026-06-07T10:00,51.21265,-123.021576,33.7,4
35,2026-06-07T11:00,51.21265,-123.021576,42.2,345
36,2026-06-07T12:00,51.21265,-123.021576,50.1,349
37,2026-06-07T13:00,51.21265,-123.021576,56.8,347
38,2026-06-07T14:00,51.21265,-123.021576,61.2,344
39,2026-06-07T15:00,51.21265,-123.021576,62.2,341
40,2026-06-07T16:00,51.21265,-123.021576,61.5,339
41,2026-06-07T17:00,51.21265,-123.021576,59.7,338
42,2026-06-07T18:00,51.21265,-123.021576,56.9,335
43,2026-06-07T19:00,51.21265,-123.021576,55.4,330
44,2026-06-07T20:00,51.21265,-123.021576,52.9,327
45,2026-06-07T21:00,51.21265,-123.021576,50.6,324
46,2026-06-07T22:00,51.21265,-123.021576,48.6,320
47,2026-06-07T23:00,51.21265,-123.021576,45.9,313
0,2026-06-06T00:00,51.25966,-117.34705,120.3,245
1,2026-06-06T01:00,51.25966,-117.34705,119.0,248
2,2026-06-06T02:00,51.25966,-117.34705,121.7,248
3,2026-06-06T03:00,51.25966,-117.34705,125.0,249
4,2026-06-06T04:00,51.25966,-117.34705,134.1,248
5,2026-06-06T05:00,51.25966,-117.34705,138.7,247
6,2026-06-06T06:00,51.25966,-117.34705,143.9,245
7,2026-06-06T07:00,51.25966,-117.34705,150.8,243
8,2026-06-06T08:00,51.25966,-117.34705,155.3,241
9,2026-06-06T09:00,51.25966,-117.34705,157.9,238
10,2026-06-06T10:00,51.25966,-117.34705,162.4,236
11,2026-06-06T11:00,51.25966,-117.34705,162.5,232
12,2026-06-06T12:00,51.25966,-117.34705,163.3,229
13,2026-06-06T13:00,51.25966,-117.34705,160.5,227
14,2026-06-06T14:00,51.25966,-117.34705,156.1,224
15,2026-06-06T15:00,51.25966,-117.34705,152.2,221
16,2026-06-06T16:00,51.25966,-117.34705,144.0,220
17,2026-06-06T17:00,51.25966,-117.34705,134.4,217
18,2026-06-06T18:00,51.25966,-117.34705,125.5,214
19,2026-06-06T19:00,51.25966,-117.34705,114.6,211
20,2026-06-06T20:00,51.25966,-117.34705,107.6,211
21,2026-06-06T21:00,51.25966,-117.34705,102.7,210
22,2026-06-06T22:00,51.25966,-117.34705,86.5,214
23,2026-06-06T23:00,51.25966,-117.34705,82.9,214
24,2026-06-07T00:00,51.25966,-117.34705,75.9,215
25,2026-06-07T01:00,51.25966,-117.34705,68.2,214
26,2026-06-07T02:00,51.25966,-117.34705,60.9,212
27,2026-06-07T03:00,51.25966,-117.34705,52.7,210
28,2026-06-07T04:00,51.25966,-117.34705,49.6,212
29,2026-06-07T05:00,51.25966,-117.34705,44.9,214
30,2026-06-07T06:00,51.25966,-117.34705,42.0,217
31,2026-06-07T07:00,51.25966,-117.34705,38.4,219
32,2026-06-07T08:00,51.25966,-117.34705,33.2,221
33,2026-06-07T09:00,51.25966,-117.34705,28.9,222
34,2026-06-07T10:00,51.25966,-117.34705,26.3,227
35,2026-06-07T11:00,51.25966,-117.34705,24.0,233
36,2026-06-07T12:00,51.25966,-117.34705,22.6,238
37,2026-06-07T13:00,51.25966,-117.34705,19.0,252
38,2026-06-07T14:00,51.25966,-117.34705,18.0,270
39,2026-06-07T15:00,51.25966,-117.34705,16.3,287
40,2026-06-07T16:00,51.25966,-117.34705,18.3,302
41,2026-06-07T17:00,51.25966,-117.34705,20.4,310
42,2026-06-07T18:00,51.25966,-117.34705,22.9,317
43,2026-06-07T19:00,51.25966,-117.34705,23.1,321
44,2026-06-07T20:00,51.25966,-117.34705,23.3,325
45,2026-06-07T21:00,51.25966,-117.34705,24.7,331
46,2026-06-07T22:00,51.25966,-117.34705,27.6,326
47,2026-06-07T23:00,51.25966,-117.34705,30.6,318
0,2026-06-06T00:00,51.255997,-111.666115,194.7,238
1,2026-06-06T01:00,51.255997,-111.666115,204.8,235
2,2026-06-06T02:00,51.255997,-111.666115,211.0,242
3,2026-06-06T03:00,51.255997,-111.666115,206.8,246
4,2026-06-06T04:00,51.255997,-111.666115,206.6,247
5,2026-06-06T05:00,51.255997,-111.666115,207.0,247
6,2026-06-06T06:00,51.255997,-111.666115,208.2,247
7,2026-06-06T07:00,51.255997,-111.666115,203.4,244
8,2026-06-06T08:00,51.255997,-111.666115,205.6,245
9,2026-06-06T09:00,51.255997,-111.666115,200.2,243
10,2026-06-06T10:00,51.255997,-111.666115,195.4,245
11,2026-06-06T11:00,51.255997,-111.666115,193.2,243
12,2026-06-06T12:00,51.255997,-111.666115,195.1,240
13,2026-06-06T13:00,51.255997,-111.666115,196.5,239
14,2026-06-06T14:00,51.255997,-111.666115,195.7,237
15,2026-06-06T15:00,51.255997,-111.666115,194.0,232
16,2026-06-06T16:00,51.255997,-111.666115,192.1,229
17,2026-06-06T17:00,51.255997,-111.666115,192.6,226
18,2026-06-06T18:00,51.255997,-111.666115,195.2,224
19,2026-06-06T19:00,51.255997,-111.666115,195.5,222
20,2026-06-06T20:00,51.255997,-111.666115,197.7,220
21,2026-06-06T21:00,51.255997,-111.666115,195.7,218
22,2026-06-06T22:00,51.255997,-111.666115,198.0,217
23,2026-06-06T23:00,51.255997,-111.666115,196.8,216
24,2026-06-07T00:00,51.255997,-111.666115,190.4,215
25,2026-06-07T01:00,51.255997,-111.666115,190.4,214
26,2026-06-07T02:00,51.255997,-111.666115,184.8,212
27,2026-06-07T03:00,51.255997,-111.666115,185.5,210
28,2026-06-07T04:00,51.255997,-111.666115,181.4,208
29,2026-06-07T05:00,51.255997,-111.666115,173.9,205
30,2026-06-07T06:00,51.255997,-111.666115,169.6,206
31,2026-06-07T07:00,51.255997,-111.666115,170.1,206
32,2026-06-07T08:00,51.255997,-111.666115,165.3,206
33,2026-06-07T09:00,51.255997,-111.666115,158.3,207
34,2026-06-07T10:00,51.255997,-111.666115,158.9,208
35,2026-06-07T11:00,51.255997,-111.666115,149.7,207
36,2026-06-07T12:00,51.255997,-111.666115,141.3,204
37,2026-06-07T13:00,51.255997,-111.666115,136.6,203
38,2026-06-07T14:00,51.255997,-111.666115,130.2,203
39,2026-06-07T15:00,51.255997,-111.666115,126.6,202
40,2026-06-07T16:00,51.255997,-111.666115,125.7,204
41,2026-06-07T17:00,51.255997,-111.666115,126.8,203
42,2026-06-07T18:00,51.255997,-111.666115,126.6,202
43,2026-06-07T19:00,51.255997,-111.666115,122.6,203
44,2026-06-07T20:00,51.255997,-111.666115,116.6,204
45,2026-06-07T21:00,51.255997,-111.666115,109.5,205
46,2026-06-07T22:00,51.255997,-111.666115,99.3,205
47,2026-06-07T23:00,51.255997,-111.666115,89.1,207
0,2026-06-06T00:00,51.245068,-105.996635,128.5,268
1,2026-06-06T01:00,51.245068,-105.996635,125.3,265
2,2026-06-06T02:00,51.245068,-105.996635,127.8,260
3,2026-06-06T03:00,51.245068,-105.996635,126.6,255
4,2026-06-06T04:00,51.245068,-105.996635,129.8,251
5,2026-06-06T05:00,51.245068,-105.996635,140.1,250
6,2026-06-06T06:00,51.245068,-105.996635,146.5,250
7,2026-06-06T07:00,51.245068,-105.996635,144.0,249
8,2026-06-06T08:00,51.245068,-105.996635,143.9,245
9,2026-06-06T09:00,51.245068,-105.996635,146.0,245
10,2026-06-06T10:00,51.245068,-105.996635,142.2,242
11,2026-06-06T11:00,51.245068,-105.996635,143.9,242
12,2026-06-06T12:00,51.245068,-105.996635,144.9,244
13,2026-06-06T13:00,51.245068,-105.996635,140.1,244
14,2026-06-06T14:00,51.245068,-105.996635,137.4,242
15,2026-06-06T15:00,51.245068,-105.996635,136.0,240
16,2026-06-06T16:00,51.245068,-105.996635,140.8,236
17,2026-06-06T17:00,51.245068,-105.996635,131.1,235
18,2026-06-06T18:00,51.245068,-105.996635,125.3,234
19,2026-06-06T19:00,51.245068,-105.996635,126.0,233
20,2026-06-06T20:00,51.245068,-105.996635,128.4,233
21,2026-06-06T21:00,51.245068,-105.996635,134.4,233
22,2026-06-06T22:00,51.245068,-105.996635,138.0,230
23,2026-06-06T23:00,51.245068,-105.996635,133.2,225
24,2026-06-07T00:00,51.245068,-105.996635,130.7,226
25,2026-06-07T01:00,51.245068,-105.996635,127.3,224
26,2026-06-07T02:00,51.245068,-105.996635,135.8,225
27,2026-06-07T03:00,51.245068,-105.996635,138.7,220
28,2026-06-07T04:00,51.245068,-105.996635,150.0,210
29,2026-06-07T05:00,51.245068,-105.996635,162.8,204
30,2026-06-07T06:00,51.245068,-105.996635,164.5,187
31,2026-06-07T07:00,51.245068,-105.996635,133.9,192
32,2026-06-07T08:00,51.245068,-105.996635,126.8,200
33,2026-06-07T09:00,51.245068,-105.996635,137.8,197
34,2026-06-07T10:00,51.245068,-105.996635,135.5,200
35,2026-06-07T11:00,51.245068,-105.996635,135.0,202
36,2026-06-07T12:00,51.245068,-105.996635,139.6,204
37,2026-06-07T13:00,51.245068,-105.996635,145.8,200
38,2026-06-07T14:00,51.245068,-105.996635,155.2,204
39,2026-06-07T15:00,51.245068,-105.996635,161.7,209
40,2026-06-07T16:00,51.245068,-105.996635,162.6,207
41,2026-06-07T17:00,51.245068,-105.996635,158.9,205
42,2026-06-07T18:00,51.245068,-105.996635,162.9,203
43,2026-06-07T19:00,51.245068,-105.996635,171.3,204
44,2026-06-07T20:00,51.245068,-105.996635,171.9,200
45,2026-06-07T21:00,51.245068,-105.996635,176.9,197
46,2026-06-07T22:00,51.245068,-105.996635,186.3,195
47,2026-06-07T23:00,51.245068,-105.996635,172.4,196
0,2026-06-06T00:00,51.25321,-100.32044,134.8,309
1,2026-06-06T01:00,51.25321,-100.32044,135.6,306
2,2026-06-06T02:00,51.25321,-100.32044,129.5,303
3,2026-06-06T03:00,51.25321,-100.32044,120.2,297
4,2026-06-06T04:00,51.25321,-100.32044,108.1,293
5,2026-06-06T05:00,51.25321,-100.32044,106.6,289
6,2026-06-06T06:00,51.25321,-100.32044,105.4,285
7,2026-06-06T07:00,51.25321,-100.32044,108.3,280
8,2026-06-06T08:00,51.25321,-100.32044,112.2,276
9,2026-06-06T09:00,51.25321,-100.32044,105.7,273
10,2026-06-06T10:00,51.25321,-100.32044,102.3,265
11,2026-06-06T11:00,51.25321,-100.32044,106.2,264
12,2026-06-06T12:00,51.25321,-100.32044,109.0,262
13,2026-06-06T13:00,51.25321,-100.32044,111.3,259
14,2026-06-06T14:00,51.25321,-100.32044,106.6,258
15,2026-06-06T15:00,51.25321,-100.32044,102.7,256
16,2026-06-06T16:00,51.25321,-100.32044,98.4,254
17,2026-06-06T17:00,51.25321,-100.32044,94.9,257
18,2026-06-06T18:00,51.25321,-100.32044,94.9,254
19,2026-06-06T19:00,51.25321,-100.32044,97.1,252
20,2026-06-06T20:00,51.25321,-100.32044,101.8,249
21,2026-06-06T21:00,51.25321,-100.32044,102.3,248
22,2026-06-06T22:00,51.25321,-100.32044,99.4,252
23,2026-06-06T23:00,51.25321,-100.32044,93.7,251
24,2026-06-07T00:00,51.25321,-100.32044,96.9,248
25,2026-06-07T01:00,51.25321,-100.32044,81.3,254
26,2026-06-07T02:00,51.25321,-100.32044,60.0,272
27,2026-06-07T03:00,51.25321,-100.32044,45.9,223
28,2026-06-07T04:00,51.25321,-100.32044,57.9,230
29,2026-06-07T05:00,51.25321,-100.32044,58.1,218
30,2026-06-07T06:00,51.25321,-100.32044,80.4,232
31,2026-06-07T07:00,51.25321,-100.32044,91.1,230
32,2026-06-07T08:00,51.25321,-100.32044,106.8,232
33,2026-06-07T09:00,51.25321,-100.32044,116.0,219
34,2026-06-07T10:00,51.25321,-100.32044,106.3,186
35,2026-06-07T11:00,51.25321,-100.32044,111.2,209
36,2026-06-07T12:00,51.25321,-100.32044,94.5,204
37,2026-06-07T13:00,51.25321,-100.32044,109.8,196
38,2026-06-07T14:00,51.25321,-100.32044,91.1,193
39,2026-06-07T15:00,51.25321,-100.32044,69.6,181
40,2026-06-07T16:00,51.25321,-100.32044,93.4,200
41,2026-06-07T17:00,51.25321,-100.32044,107.9,201
42,2026-06-07T18:00,51.25321,-100.32044,112.3,198
43,2026-06-07T19:00,51.25321,-100.32044,114.4,195
44,2026-06-07T20:00,51.25321,-100.32044,106.0,196
45,2026-06-07T21:00,51.25321,-100.32044,105.9,198
46,2026-06-07T22:00,51.25321,-100.32044,115.6,195
47,2026-06-07T23:00,51.25321,-100.32044,75.4,189
0,2026-06-06T00:00,51.252716,-94.6538,42.0,307
1,2026-06-06T01:00,51.252716,-94.6538,50.9,304
2,2026-06-06T02:00,51.252716,-94.6538,56.6,306
3,2026-06-06T03:00,51.252716,-94.6538,63.2,309
4,2026-06-06T04:00,51.252716,-94.6538,69.6,315
5,2026-06-06T05:00,51.252716,-94.6538,80.0,320
6,2026-06-06T06:00,51.252716,-94.6538,97.5,326
7,2026-06-06T07:00,51.252716,-94.6538,118.9,325
8,2026-06-06T08:00,51.252716,-94.6538,126.1,320
9,2026-06-06T09:00,51.252716,-94.6538,124.7,315
10,2026-06-06T10:00,51.252716,-94.6538,117.5,310
11,2026-06-06T11:00,51.252716,-94.6538,113.2,304
12,2026-06-06T12:00,51.252716,-94.6538,104.8,303
13,2026-06-06T13:00,51.252716,-94.6538,105.0,301
14,2026-06-06T14:00,51.252716,-94.6538,96.6,297
15,2026-06-06T15:00,51.252716,-94.6538,96.3,293
16,2026-06-06T16:00,51.252716,-94.6538,94.5,288
17,2026-06-06T17:00,51.252716,-94.6538,92.0,285
18,2026-06-06T18:00,51.252716,-94.6538,83.1,281
19,2026-06-06T19:00,51.252716,-94.6538,83.8,279
20,2026-06-06T20:00,51.252716,-94.6538,84.1,273
21,2026-06-06T21:00,51.252716,-94.6538,78.1,273
22,2026-06-06T22:00,51.252716,-94.6538,70.0,264
23,2026-06-06T23:00,51.252716,-94.6538,73.6,264
24,2026-06-07T00:00,51.252716,-94.6538,68.6,266
25,2026-06-07T01:00,51.252716,-94.6538,73.2,270
26,2026-06-07T02:00,51.252716,-94.6538,74.5,267
27,2026-06-07T03:00,51.252716,-94.6538,75.8,275
28,2026-06-07T04:00,51.252716,-94.6538,75.8,274
29,2026-06-07T05:00,51.252716,-94.6538,74.4,272
30,2026-06-07T06:00,51.252716,-94.6538,79.8,282
31,2026-06-07T07:00,51.252716,-94.6538,65.1,275
32,2026-06-07T08:00,51.252716,-94.6538,46.9,266
33,2026-06-07T09:00,51.252716,-94.6538,45.9,250
34,2026-06-07T10:00,51.252716,-94.6538,54.4,248
35,2026-06-07T11:00,51.252716,-94.6538,61.2,259
36,2026-06-07T12:00,51.252716,-94.6538,60.0,268
37,2026-06-07T13:00,51.252716,-94.6538,48.3,256
38,2026-06-07T14:00,51.252716,-94.6538,44.0,259
39,2026-06-07T15:00,51.252716,-94.6538,49.8,255
40,2026-06-07T16:00,51.252716,-94.6538,49.2,269
41,2026-06-07T17:00,51.252716,-94.6538,38.6,265
42,2026-06-07T18:00,51.252716,-94.6538,38.3,250
43,2026-06-07T19:00,51.252716,-94.6538,30.6,228
44,2026-06-07T20:00,51.252716,-94.6538,37.6,197
45,2026-06-07T21:00,51.252716,-94.6538,43.8,189
46,2026-06-07T22:00,51.252716,-94.6538,48.3,207
47,2026-06-07T23:00,51.252716,-94.6538,58.8,200
0,2026-06-06T00:00,51.24358,-88.97772,87.5,243
1,2026-06-06T01:00,51.24358,-88.97772,79.8,249
2,2026-06-06T02:00,51.24358,-88.97772,71.0,266
3,2026-06-06T03:00,51.24358,-88.97772,66.9,291
4,2026-06-06T04:00,51.24358,-88.97772,67.1,299
5,2026-06-06T05:00,51.24358,-88.97772,70.6,302
6,2026-06-06T06:00,51.24358,-88.97772,72.3,306
7,2026-06-06T07:00,51.24358,-88.97772,69.9,309
8,2026-06-06T08:00,51.24358,-88.97772,68.1,311
9,2026-06-06T09:00,51.24358,-88.97772,69.6,314
10,2026-06-06T10:00,51.24358,-88.97772,72.1,316
11,2026-06-06T11:00,51.24358,-88.97772,78.4,320
12,2026-06-06T12:00,51.24358,-88.97772,84.7,322
13,2026-06-06T13:00,51.24358,-88.97772,96.3,321
14,2026-06-06T14:00,51.24358,-88.97772,113.0,323
15,2026-06-06T15:00,51.24358,-88.97772,125.5,326
16,2026-06-06T16:00,51.24358,-88.97772,134.2,328
17,2026-06-06T17:00,51.24358,-88.97772,131.5,326
18,2026-06-06T18:00,51.24358,-88.97772,129.9,324
19,2026-06-06T19:00,51.24358,-88.97772,124.3,323
20,2026-06-06T20:00,51.24358,-88.97772,116.0,321
21,2026-06-06T21:00,51.24358,-88.97772,107.0,318
22,2026-06-06T22:00,51.24358,-88.97772,103.6,317
23,2026-06-06T23:00,51.24358,-88.97772,95.9,317
24,2026-06-07T00:00,51.24358,-88.97772,90.8,314
25,2026-06-07T01:00,51.24358,-88.97772,84.1,312
26,2026-06-07T02:00,51.24358,-88.97772,78.5,309
27,2026-06-07T03:00,51.24358,-88.97772,73.9,306
28,2026-06-07T04:00,51.24358,-88.97772,70.6,302
29,2026-06-07T05:00,51.24358,-88.97772,70.3,297
30,2026-06-07T06:00,51.24358,-88.97772,66.6,296
31,2026-06-07T07:00,51.24358,-88.97772,63.9,296
32,2026-06-07T08:00,51.24358,-88.97772,59.1,299
33,2026-06-07T09:00,51.24358,-88.97772,53.3,306
34,2026-06-07T10:00,51.24358,-88.97772,54.7,308
35,2026-06-07T11:00,51.24358,-88.97772,47.6,311
36,2026-06-07T12:00,51.24358,-88.97772,41.0,308
37,2026-06-07T13:00,51.24358,-88.97772,34.3,306
38,2026-06-07T14:00,51.24358,-88.97772,27.0,302
39,2026-06-07T15:00,51.24358,-88.97772,36.1,291
40,2026-06-07T16:00,51.24358,-88.97772,38.7,277
41,2026-06-07T17:00,51.24358,-88.97772,43.6,278
42,2026-06-07T18:00,51.24358,-88.97772,42.2,285
43,2026-06-07T19:00,51.24358,-88.97772,38.7,277
44,2026-06-07T20:00,51.24358,-88.97772,35.1,262
45,2026-06-07T21:00,51.24358,-88.97772,38.7,254
46,2026-06-07T22:00,51.24358,-88.97772,36.7,259
47,2026-06-07T23:00,51.24358,-88.97772,34.4,241
0,2026-06-06T00:00,51.257553,-83.34991,139.6,245
1,2026-06-06T01:00,51.257553,-83.34991,153.0,245
2,2026-06-06T02:00,51.257553,-83.34991,157.8,245
3,2026-06-06T03:00,51.257553,-83.34991,156.2,245
4,2026-06-06T04:00,51.257553,-83.34991,153.5,243
5,2026-06-06T05:00,51.257553,-83.34991,147.6,243
6,2026-06-06T06:00,51.257553,-83.34991,138.1,240
7,2026-06-06T07:00,51.257553,-83.34991,117.5,243
8,2026-06-06T08:00,51.257553,-83.34991,94.3,248
9,2026-06-06T09:00,51.257553,-83.34991,82.4,254
10,2026-06-06T10:00,51.257553,-83.34991,71.1,258
11,2026-06-06T11:00,51.257553,-83.34991,66.1,267
12,2026-06-06T12:00,51.257553,-83.34991,57.2,280
13,2026-06-06T13:00,51.257553,-83.34991,49.4,299
14,2026-06-06T14:00,51.257553,-83.34991,49.2,315
15,2026-06-06T15:00,51.257553,-83.34991,58.0,333
16,2026-06-06T16:00,51.257553,-83.34991,66.0,341
17,2026-06-06T17:00,51.257553,-83.34991,73.7,348
18,2026-06-06T18:00,51.257553,-83.34991,82.4,347
19,2026-06-06T19:00,51.257553,-83.34991,82.7,347
20,2026-06-06T20:00,51.257553,-83.34991,78.2,342
21,2026-06-06T21:00,51.257553,-83.34991,77.1,339
22,2026-06-06T22:00,51.257553,-83.34991,91.5,341
23,2026-06-06T23:00,51.257553,-83.34991,91.9,340
24,2026-06-07T00:00,51.257553,-83.34991,92.7,339
25,2026-06-07T01:00,51.257553,-83.34991,95.7,340
26,2026-06-07T02:00,51.257553,-83.34991,105.5,343
27,2026-06-07T03:00,51.257553,-83.34991,119.0,345
28,2026-06-07T04:00,51.257553,-83.34991,124.9,346
29,2026-06-07T05:00,51.257553,-83.34991,118.2,345
30,2026-06-07T06:00,51.257553,-83.34991,110.8,342
31,2026-06-07T07:00,51.257553,-83.34991,102.5,339
32,2026-06-07T08:00,51.257553,-83.34991,94.1,337
33,2026-06-07T09:00,51.257553,-83.34991,85.9,335
34,2026-06-07T10:00,51.257553,-83.34991,81.6,334
35,2026-06-07T11:00,51.257553,-83.34991,79.0,336
36,2026-06-07T12:00,51.257553,-83.34991,77.5,338
37,2026-06-07T13:00,51.257553,-83.34991,73.6,341
38,2026-06-07T14:00,51.257553,-83.34991,70.4,346
39,2026-06-07T15:00,51.257553,-83.34991,65.9,350
40,2026-06-07T16:00,51.257553,-83.34991,60.4,353
41,2026-06-07T17:00,51.257553,-83.34991,58.2,352
42,2026-06-07T18:00,51.257553,-83.34991,53.0,347
43,2026-06-07T19:00,51.257553,-83.34991,48.6,340
44,2026-06-07T20:00,51.257553,-83.34991,46.7,331
45,2026-06-07T21:00,51.257553,-83.34991,41.6,327
46,2026-06-07T22:00,51.257553,-83.34991,37.6,333
47,2026-06-07T23:00,51.257553,-83.34991,32.0,326
0,2026-06-06T00:00,51.261814,-77.66878,131.7,263
1,2026-06-06T01:00,51.261814,-77.66878,133.1,263
2,2026-06-06T02:00,51.261814,-77.66878,134.1,263
3,2026-06-06T03:00,51.261814,-77.66878,138.9,264
4,2026-06-06T04:00,51.261814,-77.66878,132.5,265
5,2026-06-06T05:00,51.261814,-77.66878,134.4,262
6,2026-06-06T06:00,51.261814,-77.66878,137.7,260
7,2026-06-06T07:00,51.261814,-77.66878,139.8,258
8,2026-06-06T08:00,51.261814,-77.66878,133.0,255
9,2026-06-06T09:00,51.261814,-77.66878,124.9,252
10,2026-06-06T10:00,51.261814,-77.66878,120.9,246
11,2026-06-06T11:00,51.261814,-77.66878,124.1,240
12,2026-06-06T12:00,51.261814,-77.66878,128.8,236
13,2026-06-06T13:00,51.261814,-77.66878,124.8,237
14,2026-06-06T14:00,51.261814,-77.66878,109.9,234
15,2026-06-06T15:00,51.261814,-77.66878,94.6,231
16,2026-06-06T16:00,51.261814,-77.66878,80.6,226
17,2026-06-06T17:00,51.261814,-77.66878,73.1,222
18,2026-06-06T18:00,51.261814,-77.66878,65.0,218
19,2026-06-06T19:00,51.261814,-77.66878,54.6,213
20,2026-06-06T20:00,51.261814,-77.66878,44.5,207
21,2026-06-06T21:00,51.261814,-77.66878,35.7,200
22,2026-06-06T22:00,51.261814,-77.66878,22.9,186
23,2026-06-06T23:00,51.261814,-77.66878,12.4,209
24,2026-06-07T00:00,51.261814,-77.66878,2.4,90
25,2026-06-07T01:00,51.261814,-77.66878,9.7,30
26,2026-06-07T02:00,51.261814,-77.66878,18.3,23
27,2026-06-07T03:00,51.261814,-77.66878,24.7,23
28,2026-06-07T04:00,51.261814,-77.66878,29.4,12
29,2026-06-07T05:00,51.261814,-77.66878,34.9,4
30,2026-06-07T06:00,51.261814,-77.66878,40.8,360
31,2026-06-07T07:00,51.261814,-77.66878,46.2,351
32,2026-06-07T08:00,51.261814,-77.66878,51.3,344
33,2026-06-07T09:00,51.261814,-77.66878,56.6,339
34,2026-06-07T10:00,51.261814,-77.66878,71.9,345
35,2026-06-07T11:00,51.261814,-77.66878,86.4,350
36,2026-06-07T12:00,51.261814,-77.66878,101.5,353
37,2026-06-07T13:00,51.261814,-77.66878,111.2,353
38,2026-06-07T14:00,51.261814,-77.66878,121.0,353
39,2026-06-07T15:00,51.261814,-77.66878,130.8,352
40,2026-06-07T16:00,51.261814,-77.66878,130.7,353
41,2026-06-07T17:00,51.261814,-77.66878,130.5,353
42,2026-06-07T18:00,51.261814,-77.66878,129.1,354
43,2026-06-07T19:00,51.261814,-77.66878,124.4,353
44,2026-06-07T20:00,51.261814,-77.66878,119.7,353
45,2026-06-07T21:00,51.261814,-77.66878,113.9,352
46,2026-06-07T22:00,51.261814,-77.66878,105.1,353
47,2026-06-07T23:00,51.261814,-77.66878,96.4,355
0,2026-06-06T00:00,51.28295,-72.0,111.0,292
1,2026-06-06T01:00,51.28295,-72.0,108.3,291
2,2026-06-06T02:00,51.28295,-72.0,106.7,291
3,2026-06-06T03:00,51.28295,-72.0,111.9,293
4,2026-06-06T04:00,51.28295,-72.0,124.6,294
5,2026-06-06T05:00,51.28295,-72.0,139.6,294
6,2026-06-06T06:00,51.28295,-72.0,150.6,292
7,2026-06-06T07:00,51.28295,-72.0,144.0,291
8,2026-06-06T08:00,51.28295,-72.0,137.6,294
9,2026-06-06T09:00,51.28295,-72.0,141.6,287
10,2026-06-06T10:00,51.28295,-72.0,138.9,282
11,2026-06-06T11:00,51.28295,-72.0,132.9,277
12,2026-06-06T12:00,51.28295,-72.0,128.7,274
13,2026-06-06T13:00,51.28295,-72.0,127.3,272
14,2026-06-06T14:00,51.28295,-72.0,127.2,270
15,2026-06-06T15:00,51.28295,-72.0,122.5,267
16,2026-06-06T16:00,51.28295,-72.0,122.5,267
17,2026-06-06T17:00,51.28295,-72.0,115.3,268
18,2026-06-06T18:00,51.28295,-72.0,106.4,263
19,2026-06-06T19:00,51.28295,-72.0,101.3,256
20,2026-06-06T20:00,51.28295,-72.0,99.9,254
21,2026-06-06T21:00,51.28295,-72.0,97.5,256
22,2026-06-06T22:00,51.28295,-72.0,92.7,260
23,2026-06-06T23:00,51.28295,-72.0,88.4,262
24,2026-06-07T00:00,51.28295,-72.0,82.3,262
25,2026-06-07T01:00,51.28295,-72.0,76.4,262
26,2026-06-07T02:00,51.28295,-72.0,69.6,272
27,2026-06-07T03:00,51.28295,-72.0,59.1,283
28,2026-06-07T04:00,51.28295,-72.0,51.0,297
29,2026-06-07T05:00,51.28295,-72.0,53.6,310
30,2026-06-07T06:00,51.28295,-72.0,61.3,320
31,2026-06-07T07:00,51.28295,-72.0,62.6,324
32,2026-06-07T08:00,51.28295,-72.0,62.6,324
33,2026-06-07T09:00,51.28295,-72.0,64.3,323
34,2026-06-07T10:00,51.28295,-72.0,69.8,333
35,2026-06-07T11:00,51.28295,-72.0,78.6,341
36,2026-06-07T12:00,51.28295,-72.0,91.8,349
37,2026-06-07T13:00,51.28295,-72.0,98.9,354
38,2026-06-07T14:00,51.28295,-72.0,108.4,355
39,2026-06-07T15:00,51.28295,-72.0,123.7,358
40,2026-06-07T16:00,51.28295,-72.0,140.4,360
41,2026-06-07T17:00,51.28295,-72.0,163.4,3
42,2026-06-07T18:00,51.28295,-72.0,172.9,2
43,2026-06-07T19:00,51.28295,-72.0,175.2,360
44,2026-06-07T20:00,51.28295,-72.0,175.5,356
45,2026-06-07T21:00,51.28295,-72.0,167.2,356
46,2026-06-07T22:00,51.28295,-72.0,175.6,356
47,2026-06-07T23:00,51.28295,-72.0,182.9,356
0,2026-06-06T00:00,51.28295,-66.32434,117.4,307
1,2026-06-06T01:00,51.28295,-66.32434,110.4,307
2,2026-06-06T02:00,51.28295,-66.32434,103.9,306
3,2026-06-06T03:00,51.28295,-66.32434,99.9,305
4,2026-06-06T04:00,51.28295,-66.32434,97.2,305
5,2026-06-06T05:00,51.28295,-66.32434,93.6,306
6,2026-06-06T06:00,51.28295,-66.32434,88.2,304
7,2026-06-06T07:00,51.28295,-66.32434,83.4,300
8,2026-06-06T08:00,51.28295,-66.32434,83.7,295
9,2026-06-06T09:00,51.28295,-66.32434,91.6,292
10,2026-06-06T10:00,51.28295,-66.32434,103.0,291
11,2026-06-06T11:00,51.28295,-66.32434,111.9,293
12,2026-06-06T12:00,51.28295,-66.32434,134.8,298
13,2026-06-06T13:00,51.28295,-66.32434,139.0,296
14,2026-06-06T14:00,51.28295,-66.32434,140.9,290
15,2026-06-06T15:00,51.28295,-66.32434,145.7,287
16,2026-06-06T16:00,51.28295,-66.32434,146.1,284
17,2026-06-06T17:00,51.28295,-66.32434,147.4,280
18,2026-06-06T18:00,51.28295,-66.32434,144.1,278
19,2026-06-06T19:00,51.28295,-66.32434,151.5,278
20,2026-06-06T20:00,51.28295,-66.32434,146.3,277
21,2026-06-06T21:00,51.28295,-66.32434,140.5,272
22,2026-06-06T22:00,51.28295,-66.32434,138.1,268
23,2026-06-06T23:00,51.28295,-66.32434,136.0,265
24,2026-06-07T00:00,51.28295,-66.32434,133.7,265
25,2026-06-07T01:00,51.28295,-66.32434,130.0,261
26,2026-06-07T02:00,51.28295,-66.32434,131.2,261
27,2026-06-07T03:00,51.28295,-66.32434,127.9,264
28,2026-06-07T04:00,51.28295,-66.32434,122.6,267
29,2026-06-07T05:00,51.28295,-66.32434,110.4,269
30,2026-06-07T06:00,51.28295,-66.32434,102.0,270
31,2026-06-07T07:00,51.28295,-66.32434,96.0,271
32,2026-06-07T08:00,51.28295,-66.32434,93.6,271
33,2026-06-07T09:00,51.28295,-66.32434,90.1,272
34,2026-06-07T10:00,51.28295,-66.32434,81.9,275
35,2026-06-07T11:00,51.28295,-66.32434,73.7,277
36,2026-06-07T12:00,51.28295,-66.32434,69.9,286
37,2026-06-07T13:00,51.28295,-66.32434,66.0,295
38,2026-06-07T14:00,51.28295,-66.32434,59.7,300
39,2026-06-07T15:00,51.28295,-66.32434,54.5,310
40,2026-06-07T16:00,51.28295,-66.32434,58.8,321
41,2026-06-07T17:00,51.28295,-66.32434,62.8,331
42,2026-06-07T18:00,51.28295,-66.32434,67.9,343
43,2026-06-07T19:00,51.28295,-66.32434,77.0,349
44,2026-06-07T20:00,51.28295,-66.32434,78.7,352
45,2026-06-07T21:00,51.28295,-66.32434,85.5,355
46,2026-06-07T22:00,51.28295,-66.32434,94.9,357
47,2026-06-07T23:00,51.28295,-66.32434,100.8,359
0,2026-06-06T00:00,51.28295,-60.64865,138.8,305
1,2026-06-06T01:00,51.28295,-60.64865,147.5,309
2,2026-06-06T02:00,51.28295,-60.64865,154.3,310
3,2026-06-06T03:00,51.28295,-60.64865,155.6,308
4,2026-06-06T04:00,51.28295,-60.64865,154.8,306
5,2026-06-06T05:00,51.28295,-60.64865,153.2,305
6,2026-06-06T06:00,51.28295,-60.64865,154.8,308
7,2026-06-06T07:00,51.28295,-60.64865,157.9,313
8,2026-06-06T08:00,51.28295,-60.64865,153.6,314
9,2026-06-06T09:00,51.28295,-60.64865,144.6,311
10,2026-06-06T10:00,51.28295,-60.64865,139.1,309
11,2026-06-06T11:00,51.28295,-60.64865,133.2,306
12,2026-06-06T12:00,51.28295,-60.64865,123.5,299
13,2026-06-06T13:00,51.28295,-60.64865,112.5,292
14,2026-06-06T14:00,51.28295,-60.64865,110.1,290
15,2026-06-06T15:00,51.28295,-60.64865,122.0,294
16,2026-06-06T16:00,51.28295,-60.64865,135.9,295
17,2026-06-06T17:00,51.28295,-60.64865,152.1,294
18,2026-06-06T18:00,51.28295,-60.64865,158.3,296
19,2026-06-06T19:00,51.28295,-60.64865,164.0,293
20,2026-06-06T20:00,51.28295,-60.64865,164.0,293
21,2026-06-06T21:00,51.28295,-60.64865,157.8,292
22,2026-06-06T22:00,51.28295,-60.64865,162.4,289
23,2026-06-06T23:00,51.28295,-60.64865,168.6,286
24,2026-06-07T00:00,51.28295,-60.64865,166.2,283
25,2026-06-07T01:00,51.28295,-60.64865,164.5,280
26,2026-06-07T02:00,51.28295,-60.64865,167.8,276
27,2026-06-07T03:00,51.28295,-60.64865,166.9,272
28,2026-06-07T04:00,51.28295,-60.64865,165.6,270
29,2026-06-07T05:00,51.28295,-60.64865,164.4,269
30,2026-06-07T06:00,51.28295,-60.64865,163.4,267
31,2026-06-07T07:00,51.28295,-60.64865,159.1,265
32,2026-06-07T08:00,51.28295,-60.64865,157.5,262
33,2026-06-07T09:00,51.28295,-60.64865,156.5,259
34,2026-06-07T10:00,51.28295,-60.64865,153.4,256
35,2026-06-07T11:00,51.28295,-60.64865,151.4,252
36,2026-06-07T12:00,51.28295,-60.64865,152.0,249
37,2026-06-07T13:00,51.28295,-60.64865,151.6,247
38,2026-06-07T14:00,51.28295,-60.64865,152.1,246
39,2026-06-07T15:00,51.28295,-60.64865,147.7,246
40,2026-06-07T16:00,51.28295,-60.64865,137.5,245
41,2026-06-07T17:00,51.28295,-60.64865,120.9,246
42,2026-06-07T18:00,51.28295,-60.64865,106.5,247
43,2026-06-07T19:00,51.28295,-60.64865,100.4,245
44,2026-06-07T20:00,51.28295,-60.64865,90.3,247
45,2026-06-07T21:00,51.28295,-60.64865,81.3,248
46,2026-06-07T22:00,51.28295,-60.64865,68.7,251
47,2026-06-07T23:00,51.28295,-60.64865,60.0,254
0,2026-06-06T00:00,51.28295,-54.972992,122.6,286
1,2026-06-06T01:00,51.28295,-54.972992,122.2,290
2,2026-06-06T02:00,51.28295,-54.972992,120.6,292
3,2026-06-06T03:00,51.28295,-54.972992,117.6,295
4,2026-06-06T04:00,51.28295,-54.972992,115.9,297
5,2026-06-06T05:00,51.28295,-54.972992,117.1,299
6,2026-06-06T06:00,51.28295,-54.972992,120.0,301
7,2026-06-06T07:00,51.28295,-54.972992,123.7,300
8,2026-06-06T08:00,51.28295,-54.972992,125.9,301
9,2026-06-06T09:00,51.28295,-54.972992,128.9,302
10,2026-06-06T10:00,51.28295,-54.972992,135.5,305
11,2026-06-06T11:00,51.28295,-54.972992,147.4,307
12,2026-06-06T12:00,51.28295,-54.972992,163.6,310
13,2026-06-06T13:00,51.28295,-54.972992,176.4,310
14,2026-06-06T14:00,51.28295,-54.972992,175.5,307
15,2026-06-06T15:00,51.28295,-54.972992,172.4,305
16,2026-06-06T16:00,51.28295,-54.972992,167.1,302
17,2026-06-06T17:00,51.28295,-54.972992,155.8,300
18,2026-06-06T18:00,51.28295,-54.972992,142.2,298
19,2026-06-06T19:00,51.28295,-54.972992,134.7,296
20,2026-06-06T20:00,51.28295,-54.972992,135.3,295
21,2026-06-06T21:00,51.28295,-54.972992,143.3,295
22,2026-06-06T22:00,51.28295,-54.972992,160.3,301
23,2026-06-06T23:00,51.28295,-54.972992,185.2,301
24,2026-06-07T00:00,51.28295,-54.972992,183.6,298
25,2026-06-07T01:00,51.28295,-54.972992,175.5,296
26,2026-06-07T02:00,51.28295,-54.972992,176.7,294
27,2026-06-07T03:00,51.28295,-54.972992,179.4,292
28,2026-06-07T04:00,51.28295,-54.972992,180.7,287
29,2026-06-07T05:00,51.28295,-54.972992,183.1,284
30,2026-06-07T06:00,51.28295,-54.972992,180.8,281
31,2026-06-07T07:00,51.28295,-54.972992,179.7,279
32,2026-06-07T08:00,51.28295,-54.972992,177.6,277
33,2026-06-07T09:00,51.28295,-54.972992,174.3,273
34,2026-06-07T10:00,51.28295,-54.972992,171.7,272
35,2026-06-07T11:00,51.28295,-54.972992,171.6,270
36,2026-06-07T12:00,51.28295,-54.972992,169.4,268
37,2026-06-07T13:00,51.28295,-54.972992,167.6,264
38,2026-06-07T14:00,51.28295,-54.972992,170.6,263
39,2026-06-07T15:00,51.28295,-54.972992,171.6,260
40,2026-06-07T16:00,51.28295,-54.972992,171.2,257
41,2026-06-07T17:00,51.28295,-54.972992,172.4,254
42,2026-06-07T18:00,51.28295,-54.972992,173.8,251
43,2026-06-07T19:00,51.28295,-54.972992,169.4,249
44,2026-06-07T20:00,51.28295,-54.972992,164.9,249
45,2026-06-07T21:00,51.28295,-54.972992,167.4,250
46,2026-06-07T22:00,51.28295,-54.972992,175.1,246
47,2026-06-07T23:00,51.28295,-54.972992,186.8,244
0,2026-06-06T00:00,55.641476,-140.02028,60.7,38
1,2026-06-06T01:00,55.641476,-140.02028,51.7,31
2,2026-06-06T02:00,55.641476,-140.02028,44.6,24
3,2026-06-06T03:00,55.641476,-140.02028,37.0,13
4,2026-06-06T04:00,55.641476,-140.02028,31.3,4
5,2026-06-06T05:00,55.641476,-140.02028,26.8,350
6,2026-06-06T06:00,55.641476,-140.02028,22.6,328
7,2026-06-06T07:00,55.641476,-140.02028,21.6,304
8,2026-06-06T08:00,55.641476,-140.02028,22.9,276
9,2026-06-06T09:00,55.641476,-140.02028,28.2,258
10,2026-06-06T10:00,55.641476,-140.02028,34.4,245
11,2026-06-06T11:00,55.641476,-140.02028,37.3,237
12,2026-06-06T12:00,55.641476,-140.02028,41.0,232
13,2026-06-06T13:00,55.641476,-140.02028,44.1,225
14,2026-06-06T14:00,55.641476,-140.02028,50.2,220
15,2026-06-06T15:00,55.641476,-140.02028,51.3,213
16,2026-06-06T16:00,55.641476,-140.02028,56.6,212
17,2026-06-06T17:00,55.641476,-140.02028,49.2,225
18,2026-06-06T18:00,55.641476,-140.02028,46.7,241
19,2026-06-06T19:00,55.641476,-140.02028,47.3,234
20,2026-06-06T20:00,55.641476,-140.02028,53.5,228
21,2026-06-06T21:00,55.641476,-140.02028,62.1,229
22,2026-06-06T22:00,55.641476,-140.02028,66.2,226
23,2026-06-06T23:00,55.641476,-140.02028,81.7,240
24,2026-06-07T00:00,55.641476,-140.02028,109.3,231
25,2026-06-07T01:00,55.641476,-140.02028,95.9,223
26,2026-06-07T02:00,55.641476,-140.02028,79.6,211
27,2026-06-07T03:00,55.641476,-140.02028,80.5,200
28,2026-06-07T04:00,55.641476,-140.02028,74.7,186
29,2026-06-07T05:00,55.641476,-140.02028,79.3,177
30,2026-06-07T06:00,55.641476,-140.02028,81.0,168
31,2026-06-07T07:00,55.641476,-140.02028,83.5,162
32,2026-06-07T08:00,55.641476,-140.02028,79.8,159
33,2026-06-07T09:00,55.641476,-140.02028,83.6,159
34,2026-06-07T10:00,55.641476,-140.02028,84.8,155
35,2026-06-07T11:00,55.641476,-140.02028,84.9,151
36,2026-06-07T12:00,55.641476,-140.02028,91.8,154
37,2026-06-07T13:00,55.641476,-140.02028,88.6,152
38,2026-06-07T14:00,55.641476,-140.02028,85.5,146
39,2026-06-07T15:00,55.641476,-140.02028,85.5,146
40,2026-06-07T16:00,55.641476,-140.02028,80.3,148
41,2026-06-07T17:00,55.641476,-140.02028,78.5,141
42,2026-06-07T18:00,55.641476,-140.02028,79.8,135
43,2026-06-07T19:00,55.641476,-140.02028,78.1,135
44,2026-06-07T20:00,55.641476,-140.02028,77.2,134
45,2026-06-07T21:00,55.641476,-140.02028,79.8,134
46,2026-06-07T22:00,55.641476,-140.02028,76.5,131
47,2026-06-07T23:00,55.641476,-140.02028,73.2,131
0,2026-06-06T00:00,55.641476,-134.36105,122.8,39
1,2026-06-06T01:00,55.641476,-134.36105,117.6,36
2,2026-06-06T02:00,55.641476,-134.36105,118.5,34
3,2026-06-06T03:00,55.641476,-134.36105,116.7,30
4,2026-06-06T04:00,55.641476,-134.36105,110.6,26
5,2026-06-06T05:00,55.641476,-134.36105,103.4,22
6,2026-06-06T06:00,55.641476,-134.36105,99.4,20
7,2026-06-06T07:00,55.641476,-134.36105,93.7,19
8,2026-06-06T08:00,55.641476,-134.36105,87.4,16
9,2026-06-06T09:00,55.641476,-134.36105,81.5,14
10,2026-06-06T10:00,55.641476,-134.36105,74.2,9
11,2026-06-06T11:00,55.641476,-134.36105,67.2,1
12,2026-06-06T12:00,55.641476,-134.36105,62.6,356
13,2026-06-06T13:00,55.641476,-134.36105,57.2,350
14,2026-06-06T14:00,55.641476,-134.36105,50.6,346
15,2026-06-06T15:00,55.641476,-134.36105,44.8,340
16,2026-06-06T16:00,55.641476,-134.36105,38.7,330
17,2026-06-06T17:00,55.641476,-134.36105,33.2,319
18,2026-06-06T18:00,55.641476,-134.36105,29.3,305
19,2026-06-06T19:00,55.641476,-134.36105,28.8,287
20,2026-06-06T20:00,55.641476,-134.36105,28.8,268
21,2026-06-06T21:00,55.641476,-134.36105,33.0,251
22,2026-06-06T22:00,55.641476,-134.36105,38.3,238
23,2026-06-06T23:00,55.641476,-134.36105,43.5,231
24,2026-06-07T00:00,55.641476,-134.36105,45.0,226
25,2026-06-07T01:00,55.641476,-134.36105,44.3,229
26,2026-06-07T02:00,55.641476,-134.36105,40.8,242
27,2026-06-07T03:00,55.641476,-134.36105,42.8,259
28,2026-06-07T04:00,55.641476,-134.36105,49.4,276
29,2026-06-07T05:00,55.641476,-134.36105,51.3,286
30,2026-06-07T06:00,55.641476,-134.36105,44.4,272
31,2026-06-07T07:00,55.641476,-134.36105,41.0,255
32,2026-06-07T08:00,55.641476,-134.36105,33.3,244
33,2026-06-07T09:00,55.641476,-134.36105,27.2,221
34,2026-06-07T10:00,55.641476,-134.36105,32.3,195
35,2026-06-07T11:00,55.641476,-134.36105,34.9,176
36,2026-06-07T12:00,55.641476,-134.36105,43.5,174
37,2026-06-07T13:00,55.641476,-134.36105,48.5,171
38,2026-06-07T14:00,55.641476,-134.36105,52.0,161
39,2026-06-07T15:00,55.641476,-134.36105,55.8,155
40,2026-06-07T16:00,55.641476,-134.36105,61.2,152
41,2026-06-07T17:00,55.641476,-134.36105,64.2,147
42,2026-06-07T18:00,55.641476,-134.36105,68.6,144
43,2026-06-07T19:00,55.641476,-134.36105,72.5,141
44,2026-06-07T20:00,55.641476,-134.36105,74.1,140
45,2026-06-07T21:00,55.641476,-134.36105,75.6,138
46,2026-06-07T22:00,55.641476,-134.36105,78.1,135
47,2026-06-07T23:00,55.641476,-134.36105,79.8,133
0,2026-06-06T00:00,55.641476,-128.70183,67.7,53
1,2026-06-06T01:00,55.641476,-128.70183,65.8,52
2,2026-06-06T02:00,55.641476,-128.70183,67.2,49
3,2026-06-06T03:00,55.641476,-128.70183,67.9,44
4,2026-06-06T04:00,55.641476,-128.70183,70.7,40
5,2026-06-06T05:00,55.641476,-128.70183,74.2,39
6,2026-06-06T06:00,55.641476,-128.70183,77.8,38
7,2026-06-06T07:00,55.641476,-128.70183,83.0,37
8,2026-06-06T08:00,55.641476,-128.70183,88.3,37
9,2026-06-06T09:00,55.641476,-128.70183,97.2,35
10,2026-06-06T10:00,55.641476,-128.70183,102.0,37
11,2026-06-06T11:00,55.641476,-128.70183,104.5,34
12,2026-06-06T12:00,55.641476,-128.70183,111.8,30
13,2026-06-06T13:00,55.641476,-128.70183,121.8,28
14,2026-06-06T14:00,55.641476,-128.70183,125.0,27
15,2026-06-06T15:00,55.641476,-128.70183,123.1,24
16,2026-06-06T16:00,55.641476,-128.70183,120.0,20
17,2026-06-06T17:00,55.641476,-128.70183,115.8,17
18,2026-06-06T18:00,55.641476,-128.70183,111.8,15
19,2026-06-06T19:00,55.641476,-128.70183,104.3,12
20,2026-06-06T20:00,55.641476,-128.70183,95.1,10
21,2026-06-06T21:00,55.641476,-128.70183,87.1,7
22,2026-06-06T22:00,55.641476,-128.70183,78.2,4
23,2026-06-06T23:00,55.641476,-128.70183,72.0,360
24,2026-06-07T00:00,55.641476,-128.70183,67.4,356
25,2026-06-07T01:00,55.641476,-128.70183,63.9,355
26,2026-06-07T02:00,55.641476,-128.70183,57.8,355
27,2026-06-07T03:00,55.641476,-128.70183,51.8,355
28,2026-06-07T04:00,55.641476,-128.70183,47.4,351
29,2026-06-07T05:00,55.641476,-128.70183,41.4,350
30,2026-06-07T06:00,55.641476,-128.70183,34.9,344
31,2026-06-07T07:00,55.641476,-128.70183,30.4,342
32,2026-06-07T08:00,55.641476,-128.70183,25.4,341
33,2026-06-07T09:00,55.641476,-128.70183,19.3,330
34,2026-06-07T10:00,55.641476,-128.70183,14.4,318
35,2026-06-07T11:00,55.641476,-128.70183,9.4,310
36,2026-06-07T12:00,55.641476,-128.70183,7.2,270
37,2026-06-07T13:00,55.641476,-128.70183,7.7,231
38,2026-06-07T14:00,55.641476,-128.70183,8.7,214
39,2026-06-07T15:00,55.641476,-128.70183,11.1,193
40,2026-06-07T16:00,55.641476,-128.70183,14.4,185
41,2026-06-07T17:00,55.641476,-128.70183,17.2,168
42,2026-06-07T18:00,55.641476,-128.70183,20.5,159
43,2026-06-07T19:00,55.641476,-128.70183,22.1,158
44,2026-06-07T20:00,55.641476,-128.70183,23.2,159
45,2026-06-07T21:00,55.641476,-128.70183,25.2,155
46,2026-06-07T22:00,55.641476,-128.70183,25.2,155
47,2026-06-07T23:00,55.641476,-128.70183,24.7,151
0,2026-06-06T00:00,55.641476,-123.0426,32.0,103
1,2026-06-06T01:00,55.641476,-123.0426,33.2,103
2,2026-06-06T02:00,55.641476,-123.0426,35.3,100
3,2026-06-06T03:00,55.641476,-123.0426,35.1,98
4,2026-06-06T04:00,55.641476,-123.0426,35.1,98
5,2026-06-06T05:00,55.641476,-123.0426,35.1,98
6,2026-06-06T06:00,55.641476,-123.0426,32.4,92
7,2026-06-06T07:00,55.641476,-123.0426,31.2,88
8,2026-06-06T08:00,55.641476,-123.0426,31.8,79
9,2026-06-06T09:00,55.641476,-123.0426,34.2,72
10,2026-06-06T10:00,55.641476,-123.0426,37.7,68
11,2026-06-06T11:00,55.641476,-123.0426,41.4,68
12,2026-06-06T12:00,55.641476,-123.0426,44.0,64
13,2026-06-06T13:00,55.641476,-123.0426,49.9,63
14,2026-06-06T14:00,55.641476,-123.0426,53.7,63
15,2026-06-06T15:00,55.641476,-123.0426,56.4,61
16,2026-06-06T16:00,55.641476,-123.0426,60.7,60
17,2026-06-06T17:00,55.641476,-123.0426,64.5,61
18,2026-06-06T18:00,55.641476,-123.0426,63.9,62
19,2026-06-06T19:00,55.641476,-123.0426,63.9,62
20,2026-06-06T20:00,55.641476,-123.0426,60.1,61
21,2026-06-06T21:00,55.641476,-123.0426,59.6,62
22,2026-06-06T22:00,55.641476,-123.0426,61.7,63
23,2026-06-06T23:00,55.641476,-123.0426,64.4,63
24,2026-06-07T00:00,55.641476,-123.0426,63.9,62
25,2026-06-07T01:00,55.641476,-123.0426,61.9,58
26,2026-06-07T02:00,55.641476,-123.0426,61.2,55
27,2026-06-07T03:00,55.641476,-123.0426,59.3,54
28,2026-06-07T04:00,55.641476,-123.0426,56.6,54
29,2026-06-07T05:00,55.641476,-123.0426,51.6,54
30,2026-06-07T06:00,55.641476,-123.0426,48.3,55
31,2026-06-07T07:00,55.641476,-123.0426,48.7,52
32,2026-06-07T08:00,55.641476,-123.0426,47.3,54
33,2026-06-07T09:00,55.641476,-123.0426,40.9,50
34,2026-06-07T10:00,55.641476,-123.0426,37.4,42
35,2026-06-07T11:00,55.641476,-123.0426,36.6,41
36,2026-06-07T12:00,55.641476,-123.0426,35.6,45
37,2026-06-07T13:00,55.641476,-123.0426,33.9,45
38,2026-06-07T14:00,55.641476,-123.0426,29.8,40
39,2026-06-07T15:00,55.641476,-123.0426,28.3,36
40,2026-06-07T16:00,55.641476,-123.0426,28.0,31
41,2026-06-07T17:00,55.641476,-123.0426,27.4,29
42,2026-06-07T18:00,55.641476,-123.0426,27.0,32
43,2026-06-07T19:00,55.641476,-123.0426,26.6,36
44,2026-06-07T20:00,55.641476,-123.0426,26.6,36
45,2026-06-07T21:00,55.641476,-123.0426,25.0,35
46,2026-06-07T22:00,55.641476,-123.0426,21.0,31
47,2026-06-07T23:00,55.641476,-123.0426,18.3,32
0,2026-06-06T00:00,55.641476,-117.38336,51.3,169
1,2026-06-06T01:00,55.641476,-117.38336,48.3,166
2,2026-06-06T02:00,55.641476,-117.38336,49.5,166
3,2026-06-06T03:00,55.641476,-117.38336,44.8,164
4,2026-06-06T04:00,55.641476,-117.38336,42.5,164
5,2026-06-06T05:00,55.641476,-117.38336,37.2,159
6,2026-06-06T06:00,55.641476,-117.38336,34.9,153
7,2026-06-06T07:00,55.641476,-117.38336,35.4,152
8,2026-06-06T08:00,55.641476,-117.38336,33.3,150
9,2026-06-06T09:00,55.641476,-117.38336,32.2,153
10,2026-06-06T10:00,55.641476,-117.38336,28.0,149
11,2026-06-06T11:00,55.641476,-117.38336,28.3,144
12,2026-06-06T12:00,55.641476,-117.38336,30.3,146
13,2026-06-06T13:00,55.641476,-117.38336,29.8,140
14,2026-06-06T14:00,55.641476,-117.38336,29.7,133
15,2026-06-06T15:00,55.641476,-117.38336,31.4,133
16,2026-06-06T16:00,55.641476,-117.38336,32.2,135
17,2026-06-06T17:00,55.641476,-117.38336,32.2,135
18,2026-06-06T18:00,55.641476,-117.38336,30.5,135
19,2026-06-06T19:00,55.641476,-117.38336,29.8,130
20,2026-06-06T20:00,55.641476,-117.38336,29.0,120
21,2026-06-06T21:00,55.641476,-117.38336,31.2,113
22,2026-06-06T22:00,55.641476,-117.38336,32.8,114
23,2026-06-06T23:00,55.641476,-117.38336,33.3,116
24,2026-06-07T00:00,55.641476,-117.38336,31.9,110
25,2026-06-07T01:00,55.641476,-117.38336,29.7,104
26,2026-06-07T02:00,55.641476,-117.38336,28.8,92
27,2026-06-07T03:00,55.641476,-117.38336,29.2,81
28,2026-06-07T04:00,55.641476,-117.38336,31.5,72
29,2026-06-07T05:00,55.641476,-117.38336,34.6,70
30,2026-06-07T06:00,55.641476,-117.38336,38.8,68
31,2026-06-07T07:00,55.641476,-117.38336,39.2,67
32,2026-06-07T08:00,55.641476,-117.38336,39.3,59
33,2026-06-07T09:00,55.641476,-117.38336,41.3,54
34,2026-06-07T10:00,55.641476,-117.38336,42.0,53
35,2026-06-07T11:00,55.641476,-117.38336,45.9,49
36,2026-06-07T12:00,55.641476,-117.38336,48.6,50
37,2026-06-07T13:00,55.641476,-117.38336,52.3,53
38,2026-06-07T14:00,55.641476,-117.38336,51.0,63
39,2026-06-07T15:00,55.641476,-117.38336,46.7,64
40,2026-06-07T16:00,55.641476,-117.38336,42.4,61
41,2026-06-07T17:00,55.641476,-117.38336,37.1,61
42,2026-06-07T18:00,55.641476,-117.38336,32.8,62
43,2026-06-07T19:00,55.641476,-117.38336,27.4,61
44,2026-06-07T20:00,55.641476,-117.38336,22.6,58
45,2026-06-07T21:00,55.641476,-117.38336,19.5,43
46,2026-06-07T22:00,55.641476,-117.38336,21.0,31
47,2026-06-07T23:00,55.641476,-117.38336,25.3,31
0,2026-06-06T00:00,55.571175,-111.68016,101.3,216
1,2026-06-06T01:00,55.571175,-111.68016,110.0,207
2,2026-06-06T02:00,55.571175,-111.68016,111.8,192
3,2026-06-06T03:00,55.571175,-111.68016,108.2,177
4,2026-06-06T04:00,55.571175,-111.68016,94.7,171
5,2026-06-06T05:00,55.571175,-111.68016,75.4,171
6,2026-06-06T06:00,55.571175,-111.68016,62.4,179
7,2026-06-06T07:00,55.571175,-111.68016,54.8,190
8,2026-06-06T08:00,55.571175,-111.68016,50.1,197
9,2026-06-06T09:00,55.571175,-111.68016,49.0,202
10,2026-06-06T10:00,55.571175,-111.68016,44.0,206
11,2026-06-06T11:00,55.571175,-111.68016,47.3,210
12,2026-06-06T12:00,55.571175,-111.68016,49.9,215
13,2026-06-06T13:00,55.571175,-111.68016,53.8,219
14,2026-06-06T14:00,55.571175,-111.68016,61.1,223
15,2026-06-06T15:00,55.571175,-111.68016,69.7,228
16,2026-06-06T16:00,55.571175,-111.68016,75.0,230
17,2026-06-06T17:00,55.571175,-111.68016,80.2,231
18,2026-06-06T18:00,55.571175,-111.68016,88.8,232
19,2026-06-06T19:00,55.571175,-111.68016,99.4,227
20,2026-06-06T20:00,55.571175,-111.68016,103.5,225
21,2026-06-06T21:00,55.571175,-111.68016,99.5,222
22,2026-06-06T22:00,55.571175,-111.68016,91.3,219
23,2026-06-06T23:00,55.571175,-111.68016,83.3,216
24,2026-06-07T00:00,55.571175,-111.68016,77.2,213
25,2026-06-07T01:00,55.571175,-111.68016,71.0,210
26,2026-06-07T02:00,55.571175,-111.68016,64.5,209
27,2026-06-07T03:00,55.571175,-111.68016,59.6,208
28,2026-06-07T04:00,55.571175,-111.68016,59.6,208
29,2026-06-07T05:00,55.571175,-111.68016,65.5,208
30,2026-06-07T06:00,55.571175,-111.68016,73.0,207
31,2026-06-07T07:00,55.571175,-111.68016,78.9,206
32,2026-06-07T08:00,55.571175,-111.68016,84.3,206
33,2026-06-07T09:00,55.571175,-111.68016,89.7,205
34,2026-06-07T10:00,55.571175,-111.68016,87.0,204
35,2026-06-07T11:00,55.571175,-111.68016,87.1,203
36,2026-06-07T12:00,55.571175,-111.68016,90.0,201
37,2026-06-07T13:00,55.571175,-111.68016,88.8,199
38,2026-06-07T14:00,55.571175,-111.68016,87.0,195
39,2026-06-07T15:00,55.571175,-111.68016,93.7,193
40,2026-06-07T16:00,55.571175,-111.68016,108.6,196
41,2026-06-07T17:00,55.571175,-111.68016,120.4,200
42,2026-06-07T18:00,55.571175,-111.68016,137.9,201
43,2026-06-07T19:00,55.571175,-111.68016,146.1,199
44,2026-06-07T20:00,55.571175,-111.68016,154.1,198
45,2026-06-07T21:00,55.571175,-111.68016,163.0,195
46,2026-06-07T22:00,55.571175,-111.68016,163.2,190
47,2026-06-07T23:00,55.571175,-111.68016,148.0,188
0,2026-06-06T00:00,55.571175,-106.032394,115.8,251
1,2026-06-06T01:00,55.571175,-106.032394,125.0,249
2,2026-06-06T02:00,55.571175,-106.032394,127.2,244
3,2026-06-06T03:00,55.571175,-106.032394,131.5,236
4,2026-06-06T04:00,55.571175,-106.032394,130.0,228
5,2026-06-06T05:00,55.571175,-106.032394,122.5,221
6,2026-06-06T06:00,55.571175,-106.032394,110.5,212
7,2026-06-06T07:00,55.571175,-106.032394,117.7,210
8,2026-06-06T08:00,55.571175,-106.032394,111.3,210
9,2026-06-06T09:00,55.571175,-106.032394,95.1,209
10,2026-06-06T10:00,55.571175,-106.032394,90.2,221
11,2026-06-06T11:00,55.571175,-106.032394,95.3,229
12,2026-06-06T12:00,55.571175,-106.032394,107.2,236
13,2026-06-06T13:00,55.571175,-106.032394,122.9,238
14,2026-06-06T14:00,55.571175,-106.032394,134.1,236
15,2026-06-06T15:00,55.571175,-106.032394,145.1,237
16,2026-06-06T16:00,55.571175,-106.032394,144.3,239
17,2026-06-06T17:00,55.571175,-106.032394,145.3,239
18,2026-06-06T18:00,55.571175,-106.032394,153.8,236
19,2026-06-06T19:00,55.571175,-106.032394,171.4,233
20,2026-06-06T20:00,55.571175,-106.032394,192.5,232
21,2026-06-06T21:00,55.571175,-106.032394,202.1,233
22,2026-06-06T22:00,55.571175,-106.032394,205.2,232
23,2026-06-06T23:00,55.571175,-106.032394,204.8,231
24,2026-06-07T00:00,55.571175,-106.032394,203.7,230
25,2026-06-07T01:00,55.571175,-106.032394,203.4,230
26,2026-06-07T02:00,55.571175,-106.032394,201.4,228
27,2026-06-07T03:00,55.571175,-106.032394,199.5,227
28,2026-06-07T04:00,55.571175,-106.032394,199.5,227
29,2026-06-07T05:00,55.571175,-106.032394,201.2,227
30,2026-06-07T06:00,55.571175,-106.032394,202.9,227
31,2026-06-07T07:00,55.571175,-106.032394,202.8,226
32,2026-06-07T08:00,55.571175,-106.032394,199.6,223
33,2026-06-07T09:00,55.571175,-106.032394,197.3,218
34,2026-06-07T10:00,55.571175,-106.032394,194.9,216
35,2026-06-07T11:00,55.571175,-106.032394,192.0,214
36,2026-06-07T12:00,55.571175,-106.032394,186.1,210
37,2026-06-07T13:00,55.571175,-106.032394,183.8,210
38,2026-06-07T14:00,55.571175,-106.032394,179.1,210
39,2026-06-07T15:00,55.571175,-106.032394,168.8,212
40,2026-06-07T16:00,55.571175,-106.032394,148.2,215
41,2026-06-07T17:00,55.571175,-106.032394,138.3,216
42,2026-06-07T18:00,55.571175,-106.032394,128.1,214
43,2026-06-07T19:00,55.571175,-106.032394,118.5,214
44,2026-06-07T20:00,55.571175,-106.032394,158.8,213
45,2026-06-07T21:00,55.571175,-106.032394,139.8,203
46,2026-06-07T22:00,55.571175,-106.032394,165.3,206
47,2026-06-07T23:00,55.571175,-106.032394,160.0,202
0,2026-06-06T00:00,55.641476,-100.40567,48.4,263
1,2026-06-06T01:00,55.641476,-100.40567,55.7,263
2,2026-06-06T02:00,55.641476,-100.40567,66.0,271
3,2026-06-06T03:00,55.641476,-100.40567,99.3,282
4,2026-06-06T04:00,55.641476,-100.40567,103.9,277
5,2026-06-06T05:00,55.641476,-100.40567,118.8,271
6,2026-06-06T06:00,55.641476,-100.40567,121.5,261
7,2026-06-06T07:00,55.641476,-100.40567,122.2,252
8,2026-06-06T08:00,55.641476,-100.40567,121.4,245
9,2026-06-06T09:00,55.641476,-100.40567,119.8,241
10,2026-06-06T10:00,55.641476,-100.40567,124.6,241
11,2026-06-06T11:00,55.641476,-100.40567,134.6,239
12,2026-06-06T12:00,55.641476,-100.40567,144.5,238
13,2026-06-06T13:00,55.641476,-100.40567,150.3,242
14,2026-06-06T14:00,55.641476,-100.40567,151.4,243
15,2026-06-06T15:00,55.641476,-100.40567,156.7,243
16,2026-06-06T16:00,55.641476,-100.40567,164.2,244
17,2026-06-06T17:00,55.641476,-100.40567,168.5,244
18,2026-06-06T18:00,55.641476,-100.40567,175.5,244
19,2026-06-06T19:00,55.641476,-100.40567,184.6,244
20,2026-06-06T20:00,55.641476,-100.40567,186.8,244
21,2026-06-06T21:00,55.641476,-100.40567,190.5,243
22,2026-06-06T22:00,55.641476,-100.40567,185.7,243
23,2026-06-06T23:00,55.641476,-100.40567,179.8,243
24,2026-06-07T00:00,55.641476,-100.40567,172.7,240
25,2026-06-07T01:00,55.641476,-100.40567,167.5,238
26,2026-06-07T02:00,55.641476,-100.40567,169.7,237
27,2026-06-07T03:00,55.641476,-100.40567,167.1,235
28,2026-06-07T04:00,55.641476,-100.40567,166.1,233
29,2026-06-07T05:00,55.641476,-100.40567,162.3,232
30,2026-06-07T06:00,55.641476,-100.40567,158.7,231
31,2026-06-07T07:00,55.641476,-100.40567,155.8,230
32,2026-06-07T08:00,55.641476,-100.40567,150.2,225
33,2026-06-07T09:00,55.641476,-100.40567,158.0,227
34,2026-06-07T10:00,55.641476,-100.40567,181.6,226
35,2026-06-07T11:00,55.641476,-100.40567,190.3,222
36,2026-06-07T12:00,55.641476,-100.40567,194.2,218
37,2026-06-07T13:00,55.641476,-100.40567,187.0,213
38,2026-06-07T14:00,55.641476,-100.40567,175.1,213
39,2026-06-07T15:00,55.641476,-100.40567,177.7,218
40,2026-06-07T16:00,55.641476,-100.40567,177.5,219
41,2026-06-07T17:00,55.641476,-100.40567,167.0,217
42,2026-06-07T18:00,55.641476,-100.40567,164.2,218
43,2026-06-07T19:00,55.641476,-100.40567,175.1,215
44,2026-06-07T20:00,55.641476,-100.40567,169.8,212
45,2026-06-07T21:00,55.641476,-100.40567,162.4,213
46,2026-06-07T22:00,55.641476,-100.40567,154.8,214
47,2026-06-07T23:00,55.641476,-100.40567,145.8,213
0,2026-06-06T00:00,55.641476,-94.74646,17.1,321
1,2026-06-06T01:00,55.641476,-94.74646,17.1,309
2,2026-06-06T02:00,55.641476,-94.74646,16.7,300
3,2026-06-06T03:00,55.641476,-94.74646,19.4,292
4,2026-06-06T04:00,55.641476,-94.74646,22.8,288
5,2026-06-06T05:00,55.641476,-94.74646,26.6,288
6,2026-06-06T06:00,55.641476,-94.74646,30.8,291
7,2026-06-06T07:00,55.641476,-94.74646,38.3,290
8,2026-06-06T08:00,55.641476,-94.74646,60.7,288
9,2026-06-06T09:00,55.641476,-94.74646,98.6,302
10,2026-06-06T10:00,55.641476,-94.74646,107.4,295
11,2026-06-06T11:00,55.641476,-94.74646,104.4,287
12,2026-06-06T12:00,55.641476,-94.74646,99.6,279
13,2026-06-06T13:00,55.641476,-94.74646,96.0,271
14,2026-06-06T14:00,55.641476,-94.74646,110.5,272
15,2026-06-06T15:00,55.641476,-94.74646,121.2,271
16,2026-06-06T16:00,55.641476,-94.74646,123.6,270
17,2026-06-06T17:00,55.641476,-94.74646,123.8,267
18,2026-06-06T18:00,55.641476,-94.74646,128.6,267
19,2026-06-06T19:00,55.641476,-94.74646,139.8,265
20,2026-06-06T20:00,55.641476,-94.74646,147.2,264
21,2026-06-06T21:00,55.641476,-94.74646,150.5,265
22,2026-06-06T22:00,55.641476,-94.74646,154.1,266
23,2026-06-06T23:00,55.641476,-94.74646,147.7,263
24,2026-06-07T00:00,55.641476,-94.74646,146.6,262
25,2026-06-07T01:00,55.641476,-94.74646,145.4,259
26,2026-06-07T02:00,55.641476,-94.74646,154.6,254
27,2026-06-07T03:00,55.641476,-94.74646,153.8,249
28,2026-06-07T04:00,55.641476,-94.74646,146.5,250
29,2026-06-07T05:00,55.641476,-94.74646,143.8,243
30,2026-06-07T06:00,55.641476,-94.74646,152.4,244
31,2026-06-07T07:00,55.641476,-94.74646,143.0,240
32,2026-06-07T08:00,55.641476,-94.74646,124.9,239
33,2026-06-07T09:00,55.641476,-94.74646,127.5,235
34,2026-06-07T10:00,55.641476,-94.74646,130.1,240
35,2026-06-07T11:00,55.641476,-94.74646,129.5,247
36,2026-06-07T12:00,55.641476,-94.74646,146.2,249
37,2026-06-07T13:00,55.641476,-94.74646,136.8,236
38,2026-06-07T14:00,55.641476,-94.74646,152.3,239
39,2026-06-07T15:00,55.641476,-94.74646,141.6,234
40,2026-06-07T16:00,55.641476,-94.74646,130.3,233
41,2026-06-07T17:00,55.641476,-94.74646,121.1,236
42,2026-06-07T18:00,55.641476,-94.74646,126.4,240
43,2026-06-07T19:00,55.641476,-94.74646,132.8,240
44,2026-06-07T20:00,55.641476,-94.74646,122.7,239
45,2026-06-07T21:00,55.641476,-94.74646,110.7,240
46,2026-06-07T22:00,55.641476,-94.74646,127.1,236
47,2026-06-07T23:00,55.641476,-94.74646,114.3,234
0,2026-06-06T00:00,55.641476,-89.08722,24.7,346
1,2026-06-06T01:00,55.641476,-89.08722,25.7,349
2,2026-06-06T02:00,55.641476,-89.08722,28.8,358
3,2026-06-06T03:00,55.641476,-89.08722,30.4,9
4,2026-06-06T04:00,55.641476,-89.08722,31.9,20
5,2026-06-06T05:00,55.641476,-89.08722,29.5,27
6,2026-06-06T06:00,55.641476,-89.08722,24.7,23
7,2026-06-06T07:00,55.641476,-89.08722,21.9,9
8,2026-06-06T08:00,55.641476,-89.08722,21.6,360
9,2026-06-06T09:00,55.641476,-89.08722,20.5,339
10,2026-06-06T10:00,55.641476,-89.08722,23.1,321
11,2026-06-06T11:00,55.641476,-89.08722,26.6,306
12,2026-06-06T12:00,55.641476,-89.08722,32.2,297
13,2026-06-06T13:00,55.641476,-89.08722,39.2,293
14,2026-06-06T14:00,55.641476,-89.08722,51.5,298
15,2026-06-06T15:00,55.641476,-89.08722,62.6,306
16,2026-06-06T16:00,55.641476,-89.08722,72.5,309
17,2026-06-06T17:00,55.641476,-89.08722,71.6,305
18,2026-06-06T18:00,55.641476,-89.08722,85.9,298
19,2026-06-06T19:00,55.641476,-89.08722,103.9,301
20,2026-06-06T20:00,55.641476,-89.08722,108.4,296
21,2026-06-06T21:00,55.641476,-89.08722,109.5,295
22,2026-06-06T22:00,55.641476,-89.08722,127.0,292
23,2026-06-06T23:00,55.641476,-89.08722,140.2,291
24,2026-06-07T00:00,55.641476,-89.08722,144.4,291
25,2026-06-07T01:00,55.641476,-89.08722,135.1,290
26,2026-06-07T02:00,55.641476,-89.08722,131.6,285
27,2026-06-07T03:00,55.641476,-89.08722,127.3,286
28,2026-06-07T04:00,55.641476,-89.08722,135.9,284
29,2026-06-07T05:00,55.641476,-89.08722,143.4,279
30,2026-06-07T06:00,55.641476,-89.08722,135.8,278
31,2026-06-07T07:00,55.641476,-89.08722,132.5,275
32,2026-06-07T08:00,55.641476,-89.08722,132.0,272
33,2026-06-07T09:00,55.641476,-89.08722,129.6,269
34,2026-06-07T10:00,55.641476,-89.08722,119.2,265
35,2026-06-07T11:00,55.641476,-89.08722,113.1,266
36,2026-06-07T12:00,55.641476,-89.08722,116.5,268
37,2026-06-07T13:00,55.641476,-89.08722,120.3,274
38,2026-06-07T14:00,55.641476,-89.08722,118.6,278
39,2026-06-07T15:00,55.641476,-89.08722,111.1,276
40,2026-06-07T16:00,55.641476,-89.08722,110.5,272
41,2026-06-07T17:00,55.641476,-89.08722,95.5,258
42,2026-06-07T18:00,55.641476,-89.08722,109.2,258
43,2026-06-07T19:00,55.641476,-89.08722,99.6,257
44,2026-06-07T20:00,55.641476,-89.08722,107.3,260
45,2026-06-07T21:00,55.641476,-89.08722,121.3,267
46,2026-06-07T22:00,55.641476,-89.08722,111.7,268
47,2026-06-07T23:00,55.641476,-89.08722,112.9,268
0,2026-06-06T00:00,55.641476,-83.24545,12.5,287
1,2026-06-06T01:00,55.641476,-83.24545,12.0,307
2,2026-06-06T02:00,55.641476,-83.24545,14.0,340
3,2026-06-06T03:00,55.641476,-83.24545,21.6,360
4,2026-06-06T04:00,55.641476,-83.24545,29.2,9
5,2026-06-06T05:00,55.641476,-83.24545,34.1,10
6,2026-06-06T06:00,55.641476,-83.24545,36.2,6
7,2026-06-06T07:00,55.641476,-83.24545,37.2,360
8,2026-06-06T08:00,55.641476,-83.24545,37.3,356
9,2026-06-06T09:00,55.641476,-83.24545,39.9,353
10,2026-06-06T10:00,55.641476,-83.24545,42.3,353
11,2026-06-06T11:00,55.641476,-83.24545,44.0,349
12,2026-06-06T12:00,55.641476,-83.24545,46.9,347
13,2026-06-06T13:00,55.641476,-83.24545,48.3,346
14,2026-06-06T14:00,55.641476,-83.24545,49.0,343
15,2026-06-06T15:00,55.641476,-83.24545,50.1,339
16,2026-06-06T16:00,55.641476,-83.24545,50.6,338
17,2026-06-06T17:00,55.641476,-83.24545,48.3,333
18,2026-06-06T18:00,55.641476,-83.24545,45.9,327
19,2026-06-06T19:00,55.641476,-83.24545,48.4,314
20,2026-06-06T20:00,55.641476,-83.24545,57.6,306
21,2026-06-06T21:00,55.641476,-83.24545,58.3,307
22,2026-06-06T22:00,55.641476,-83.24545,75.6,312
23,2026-06-06T23:00,55.641476,-83.24545,84.9,313
24,2026-06-07T00:00,55.641476,-83.24545,95.9,314
25,2026-06-07T01:00,55.641476,-83.24545,97.6,315
26,2026-06-07T02:00,55.641476,-83.24545,117.1,316
27,2026-06-07T03:00,55.641476,-83.24545,141.8,317
28,2026-06-07T04:00,55.641476,-83.24545,149.4,313
29,2026-06-07T05:00,55.641476,-83.24545,146.1,312
30,2026-06-07T06:00,55.641476,-83.24545,140.3,311
31,2026-06-07T07:00,55.641476,-83.24545,135.9,308
32,2026-06-07T08:00,55.641476,-83.24545,138.3,306
33,2026-06-07T09:00,55.641476,-83.24545,139.7,307
34,2026-06-07T10:00,55.641476,-83.24545,148.5,303
35,2026-06-07T11:00,55.641476,-83.24545,147.7,299
36,2026-06-07T12:00,55.641476,-83.24545,143.3,297
37,2026-06-07T13:00,55.641476,-83.24545,130.2,293
38,2026-06-07T14:00,55.641476,-83.24545,124.6,291
39,2026-06-07T15:00,55.641476,-83.24545,126.7,295
40,2026-06-07T16:00,55.641476,-83.24545,117.5,297
41,2026-06-07T17:00,55.641476,-83.24545,119.6,301
42,2026-06-07T18:00,55.641476,-83.24545,114.5,300
43,2026-06-07T19:00,55.641476,-83.24545,115.9,296
44,2026-06-07T20:00,55.641476,-83.24545,120.1,292
45,2026-06-07T21:00,55.641476,-83.24545,115.0,288
46,2026-06-07T22:00,55.641476,-83.24545,114.4,285
47,2026-06-07T23:00,55.641476,-83.24545,120.5,285
0,2026-06-06T00:00,55.571175,-77.61133,54.7,308
1,2026-06-06T01:00,55.571175,-77.61133,49.0,301
2,2026-06-06T02:00,55.571175,-77.61133,46.2,295
3,2026-06-06T03:00,55.571175,-77.61133,44.4,289
4,2026-06-06T04:00,55.571175,-77.61133,43.7,286
5,2026-06-06T05:00,55.571175,-77.61133,44.0,287
6,2026-06-06T06:00,55.571175,-77.61133,47.5,291
7,2026-06-06T07:00,55.571175,-77.61133,53.1,295
8,2026-06-06T08:00,55.571175,-77.61133,58.0,300
9,2026-06-06T09:00,55.571175,-77.61133,64.2,303
10,2026-06-06T10:00,55.571175,-77.61133,69.8,311
11,2026-06-06T11:00,55.571175,-77.61133,77.4,319
12,2026-06-06T12:00,55.571175,-77.61133,84.0,329
13,2026-06-06T13:00,55.571175,-77.61133,90.8,336
14,2026-06-06T14:00,55.571175,-77.61133,91.2,339
15,2026-06-06T15:00,55.571175,-77.61133,89.6,340
16,2026-06-06T16:00,55.571175,-77.61133,85.8,340
17,2026-06-06T17:00,55.571175,-77.61133,83.1,340
18,2026-06-06T18:00,55.571175,-77.61133,83.5,342
19,2026-06-06T19:00,55.571175,-77.61133,86.1,341
20,2026-06-06T20:00,55.571175,-77.61133,86.5,336
21,2026-06-06T21:00,55.571175,-77.61133,88.5,333
22,2026-06-06T22:00,55.571175,-77.61133,90.7,332
23,2026-06-06T23:00,55.571175,-77.61133,88.7,330
24,2026-06-07T00:00,55.571175,-77.61133,88.5,327
25,2026-06-07T01:00,55.571175,-77.61133,89.6,325
26,2026-06-07T02:00,55.571175,-77.61133,89.9,326
27,2026-06-07T03:00,55.571175,-77.61133,95.6,332
28,2026-06-07T04:00,55.571175,-77.61133,95.6,332
29,2026-06-07T05:00,55.571175,-77.61133,102.3,329
30,2026-06-07T06:00,55.571175,-77.61133,105.2,328
31,2026-06-07T07:00,55.571175,-77.61133,98.6,323
32,2026-06-07T08:00,55.571175,-77.61133,114.2,328
33,2026-06-07T09:00,55.571175,-77.61133,133.2,331
34,2026-06-07T10:00,55.571175,-77.61133,150.2,329
35,2026-06-07T11:00,55.571175,-77.61133,154.4,327
36,2026-06-07T12:00,55.571175,-77.61133,149.1,325
37,2026-06-07T13:00,55.571175,-77.61133,147.9,324
38,2026-06-07T14:00,55.571175,-77.61133,151.2,324
39,2026-06-07T15:00,55.571175,-77.61133,154.0,319
40,2026-06-07T16:00,55.571175,-77.61133,164.6,315
41,2026-06-07T17:00,55.571175,-77.61133,166.6,311
42,2026-06-07T18:00,55.571175,-77.61133,167.4,318
43,2026-06-07T19:00,55.571175,-77.61133,179.9,316
44,2026-06-07T20:00,55.571175,-77.61133,170.8,312
45,2026-06-07T21:00,55.571175,-77.61133,157.9,313
46,2026-06-07T22:00,55.571175,-77.61133,167.4,312
47,2026-06-07T23:00,55.571175,-77.61133,157.8,309
0,2026-06-06T00:00,55.571175,-71.96356,137.5,315
1,2026-06-06T01:00,55.571175,-71.96356,129.9,313
2,2026-06-06T02:00,55.571175,-71.96356,124.6,309
3,2026-06-06T03:00,55.571175,-71.96356,121.1,304
4,2026-06-06T04:00,55.571175,-71.96356,118.7,298
5,2026-06-06T05:00,55.571175,-71.96356,117.7,293
6,2026-06-06T06:00,55.571175,-71.96356,118.8,290
7,2026-06-06T07:00,55.571175,-71.96356,118.8,288
8,2026-06-06T08:00,55.571175,-71.96356,117.4,286
9,2026-06-06T09:00,55.571175,-71.96356,117.9,285
10,2026-06-06T10:00,55.571175,-71.96356,116.7,285
11,2026-06-06T11:00,55.571175,-71.96356,114.4,285
12,2026-06-06T12:00,55.571175,-71.96356,110.9,286
13,2026-06-06T13:00,55.571175,-71.96356,104.8,286
14,2026-06-06T14:00,55.571175,-71.96356,94.9,291
15,2026-06-06T15:00,55.571175,-71.96356,88.0,296
16,2026-06-06T16:00,55.571175,-71.96356,82.8,300
17,2026-06-06T17:00,55.571175,-71.96356,80.2,305
18,2026-06-06T18:00,55.571175,-71.96356,80.8,311
19,2026-06-06T19:00,55.571175,-71.96356,84.9,317
20,2026-06-06T20:00,55.571175,-71.96356,92.2,325
21,2026-06-06T21:00,55.571175,-71.96356,100.0,330
22,2026-06-06T22:00,55.571175,-71.96356,101.5,331
23,2026-06-06T23:00,55.571175,-71.96356,100.9,332
24,2026-06-07T00:00,55.571175,-71.96356,96.1,332
25,2026-06-07T01:00,55.571175,-71.96356,97.7,335
26,2026-06-07T02:00,55.571175,-71.96356,101.4,339
27,2026-06-07T03:00,55.571175,-71.96356,104.4,341
28,2026-06-07T04:00,55.571175,-71.96356,104.4,343
29,2026-06-07T05:00,55.571175,-71.96356,102.2,344
30,2026-06-07T06:00,55.571175,-71.96356,101.9,345
31,2026-06-07T07:00,55.571175,-71.96356,104.5,345
32,2026-06-07T08:00,55.571175,-71.96356,108.6,344
33,2026-06-07T09:00,55.571175,-71.96356,110.1,344
34,2026-06-07T10:00,55.571175,-71.96356,114.6,340
35,2026-06-07T11:00,55.571175,-71.96356,118.8,340
36,2026-06-07T12:00,55.571175,-71.96356,118.1,339
37,2026-06-07T13:00,55.571175,-71.96356,114.1,338
38,2026-06-07T14:00,55.571175,-71.96356,117.1,336
39,2026-06-07T15:00,55.571175,-71.96356,145.0,336
40,2026-06-07T16:00,55.571175,-71.96356,164.2,334
41,2026-06-07T17:00,55.571175,-71.96356,177.6,334
42,2026-06-07T18:00,55.571175,-71.96356,176.6,332
43,2026-06-07T19:00,55.571175,-71.96356,175.1,331
44,2026-06-07T20:00,55.571175,-71.96356,180.5,331
45,2026-06-07T21:00,55.571175,-71.96356,180.5,331
46,2026-06-07T22:00,55.571175,-71.96356,183.2,328
47,2026-06-07T23:00,55.571175,-71.96356,195.8,328
0,2026-06-06T00:00,55.571175,-66.315796,134.2,308
1,2026-06-06T01:00,55.571175,-66.315796,133.7,310
2,2026-06-06T02:00,55.571175,-66.315796,133.4,312
3,2026-06-06T03:00,55.571175,-66.315796,140.1,313
4,2026-06-06T04:00,55.571175,-66.315796,155.3,313
5,2026-06-06T05:00,55.571175,-66.315796,163.2,311
6,2026-06-06T06:00,55.571175,-66.315796,161.3,307
7,2026-06-06T07:00,55.571175,-66.315796,157.9,302
8,2026-06-06T08:00,55.571175,-66.315796,157.3,298
9,2026-06-06T09:00,55.571175,-66.315796,155.7,295
10,2026-06-06T10:00,55.571175,-66.315796,154.7,291
11,2026-06-06T11:00,55.571175,-66.315796,152.6,289
12,2026-06-06T12:00,55.571175,-66.315796,150.3,287
13,2026-06-06T13:00,55.571175,-66.315796,147.6,285
14,2026-06-06T14:00,55.571175,-66.315796,139.4,283
15,2026-06-06T15:00,55.571175,-66.315796,129.0,282
16,2026-06-06T16:00,55.571175,-66.315796,117.2,281
17,2026-06-06T17:00,55.571175,-66.315796,109.7,280
18,2026-06-06T18:00,55.571175,-66.315796,102.8,281
19,2026-06-06T19:00,55.571175,-66.315796,95.2,284
20,2026-06-06T20:00,55.571175,-66.315796,89.2,287
21,2026-06-06T21:00,55.571175,-66.315796,84.0,292
22,2026-06-06T22:00,55.571175,-66.315796,81.0,297
23,2026-06-06T23:00,55.571175,-66.315796,77.6,305
24,2026-06-07T00:00,55.571175,-66.315796,73.2,311
25,2026-06-07T01:00,55.571175,-66.315796,72.2,317
26,2026-06-07T02:00,55.571175,-66.315796,72.0,323
27,2026-06-07T03:00,55.571175,-66.315796,71.0,330
28,2026-06-07T04:00,55.571175,-66.315796,71.4,335
29,2026-06-07T05:00,55.571175,-66.315796,69.1,340
30,2026-06-07T06:00,55.571175,-66.315796,69.8,341
31,2026-06-07T07:00,55.571175,-66.315796,72.2,345
32,2026-06-07T08:00,55.571175,-66.315796,76.5,346
33,2026-06-07T09:00,55.571175,-66.315796,80.7,349
34,2026-06-07T10:00,55.571175,-66.315796,84.0,350
35,2026-06-07T11:00,55.571175,-66.315796,86.0,352
36,2026-06-07T12:00,55.571175,-66.315796,88.0,355
37,2026-06-07T13:00,55.571175,-66.315796,93.9,356
38,2026-06-07T14:00,55.571175,-66.315796,104.7,355
39,2026-06-07T15:00,55.571175,-66.315796,117.9,356
40,2026-06-07T16:00,55.571175,-66.315796,117.3,353
41,2026-06-07T17:00,55.571175,-66.315796,116.8,351
42,2026-06-07T18:00,55.571175,-66.315796,115.8,347
43,2026-06-07T19:00,55.571175,-66.315796,111.3,344
44,2026-06-07T20:00,55.571175,-66.315796,106.6,341
45,2026-06-07T21:00,55.571175,-66.315796,107.0,340
46,2026-06-07T22:00,55.571175,-66.315796,113.6,338
47,2026-06-07T23:00,55.571175,-66.315796,111.1,335
0,2026-06-06T00:00,55.571175,-60.66803,94.4,311
1,2026-06-06T01:00,55.571175,-60.66803,96.0,312
2,2026-06-06T02:00,55.571175,-60.66803,95.1,313
3,2026-06-06T03:00,55.571175,-60.66803,95.9,316
4,2026-06-06T04:00,55.571175,-60.66803,96.7,316
5,2026-06-06T05:00,55.571175,-60.66803,95.9,314
6,2026-06-06T06:00,55.571175,-60.66803,98.5,313
7,2026-06-06T07:00,55.571175,-60.66803,101.1,312
8,2026-06-06T08:00,55.571175,-60.66803,107.3,310
9,2026-06-06T09:00,55.571175,-60.66803,115.3,309
10,2026-06-06T10:00,55.571175,-60.66803,118.6,306
11,2026-06-06T11:00,55.571175,-60.66803,120.1,304
12,2026-06-06T12:00,55.571175,-60.66803,122.5,303
13,2026-06-06T13:00,55.571175,-60.66803,124.3,301
14,2026-06-06T14:00,55.571175,-60.66803,124.6,299
15,2026-06-06T15:00,55.571175,-60.66803,120.7,297
16,2026-06-06T16:00,55.571175,-60.66803,115.5,294
17,2026-06-06T17:00,55.571175,-60.66803,112.5,292
18,2026-06-06T18:00,55.571175,-60.66803,112.0,289
19,2026-06-06T19:00,55.571175,-60.66803,110.8,288
20,2026-06-06T20:00,55.571175,-60.66803,109.8,286
21,2026-06-06T21:00,55.571175,-60.66803,104.5,285
22,2026-06-06T22:00,55.571175,-60.66803,97.8,284
23,2026-06-06T23:00,55.571175,-60.66803,91.4,284
24,2026-06-07T00:00,55.571175,-60.66803,84.4,285
25,2026-06-07T01:00,55.571175,-60.66803,76.8,284
26,2026-06-07T02:00,55.571175,-60.66803,73.9,283
27,2026-06-07T03:00,55.571175,-60.66803,73.4,285
28,2026-06-07T04:00,55.571175,-60.66803,68.0,291
29,2026-06-07T05:00,55.571175,-60.66803,62.4,293
30,2026-06-07T06:00,55.571175,-60.66803,58.5,296
31,2026-06-07T07:00,55.571175,-60.66803,54.8,299
32,2026-06-07T08:00,55.571175,-60.66803,51.7,301
33,2026-06-07T09:00,55.571175,-60.66803,51.9,304
34,2026-06-07T10:00,55.571175,-60.66803,50.1,312
35,2026-06-07T11:00,55.571175,-60.66803,47.5,317
36,2026-06-07T12:00,55.571175,-60.66803,47.6,319
37,2026-06-07T13:00,55.571175,-60.66803,49.9,325
38,2026-06-07T14:00,55.571175,-60.66803,52.3,328
39,2026-06-07T15:00,55.571175,-60.66803,54.7,334
40,2026-06-07T16:00,55.571175,-60.66803,57.3,340
41,2026-06-07T17:00,55.571175,-60.66803,58.2,346
42,2026-06-07T18:00,55.571175,-60.66803,59.8,350
43,2026-06-07T19:00,55.571175,-60.66803,61.8,352
44,2026-06-07T20:00,55.571175,-60.66803,61.5,354
45,2026-06-07T21:00,55.571175,-60.66803,62.6,356
46,2026-06-07T22:00,55.571175,-60.66803,65.0,356
47,2026-06-07T23:00,55.571175,-60.66803,68.7,355
0,2026-06-06T00:00,55.641476,-54.94928,68.0,312
1,2026-06-06T01:00,55.641476,-54.94928,70.4,314
2,2026-06-06T02:00,55.641476,-54.94928,69.6,316
3,2026-06-06T03:00,55.641476,-54.94928,68.7,316
4,2026-06-06T04:00,55.641476,-54.94928,67.9,315
5,2026-06-06T05:00,55.641476,-54.94928,67.9,315
6,2026-06-06T06:00,55.641476,-54.94928,69.6,314
7,2026-06-06T07:00,55.641476,-54.94928,71.3,315
8,2026-06-06T08:00,55.641476,-54.94928,73.0,316
9,2026-06-06T09:00,55.641476,-54.94928,73.9,317
10,2026-06-06T10:00,55.641476,-54.94928,74.7,318
11,2026-06-06T11:00,55.641476,-54.94928,75.6,317
12,2026-06-06T12:00,55.641476,-54.94928,78.1,316
13,2026-06-06T13:00,55.641476,-54.94928,79.8,317
14,2026-06-06T14:00,55.641476,-54.94928,79.0,317
15,2026-06-06T15:00,55.641476,-54.94928,77.2,314
16,2026-06-06T16:00,55.641476,-54.94928,76.7,310
17,2026-06-06T17:00,55.641476,-54.94928,77.3,306
18,2026-06-06T18:00,55.641476,-54.94928,78.6,304
19,2026-06-06T19:00,55.641476,-54.94928,80.9,302
20,2026-06-06T20:00,55.641476,-54.94928,86.5,299
21,2026-06-06T21:00,55.641476,-54.94928,89.6,298
22,2026-06-06T22:00,55.641476,-54.94928,90.7,296
23,2026-06-06T23:00,55.641476,-54.94928,89.2,294
24,2026-06-07T00:00,55.641476,-54.94928,87.8,292
25,2026-06-07T01:00,55.641476,-54.94928,86.5,289
26,2026-06-07T02:00,55.641476,-54.94928,85.4,287
27,2026-06-07T03:00,55.641476,-54.94928,83.9,287
28,2026-06-07T04:00,55.641476,-54.94928,81.8,284
29,2026-06-07T05:00,55.641476,-54.94928,78.6,282
30,2026-06-07T06:00,55.641476,-54.94928,75.6,280
31,2026-06-07T07:00,55.641476,-54.94928,75.0,277
32,2026-06-07T08:00,55.641476,-54.94928,73.7,277
33,2026-06-07T09:00,55.641476,-54.94928,72.5,277
34,2026-06-07T10:00,55.641476,-54.94928,70.3,278
35,2026-06-07T11:00,55.641476,-54.94928,66.5,277
36,2026-06-07T12:00,55.641476,-54.94928,63.9,275
37,2026-06-07T13:00,55.641476,-54.94928,62.7,275
38,2026-06-07T14:00,55.641476,-54.94928,61.5,276
39,2026-06-07T15:00,55.641476,-54.94928,60.2,275
40,2026-06-07T16:00,55.641476,-54.94928,61.3,273
41,2026-06-07T17:00,55.641476,-54.94928,59.0,275
42,2026-06-07T18:00,55.641476,-54.94928,56.6,275
43,2026-06-07T19:00,55.641476,-54.94928,54.2,275
44,2026-06-07T20:00,55.641476,-54.94928,53.1,276
45,2026-06-07T21:00,55.641476,-54.94928,50.1,281
46,2026-06-07T22:00,55.641476,-54.94928,46.3,287
47,2026-06-07T23:00,55.641476,-54.94928,41.4,292
0,2026-06-06T00:00,60.0,-139.9072,43.3,275
1,2026-06-06T01:00,60.0,-139.9072,51.7,266
2,2026-06-06T02:00,60.0,-139.9072,57.2,260
3,2026-06-06T03:00,60.0,-139.9072,63.8,258
4,2026-06-06T04:00,60.0,-139.9072,64.7,259
5,2026-06-06T05:00,60.0,-139.9072,62.6,266
6,2026-06-06T06:00,60.0,-139.9072,57.7,266
7,2026-06-06T07:00,60.0,-139.9072,58.4,261
8,2026-06-06T08:00,60.0,-139.9072,60.8,255
9,2026-06-06T09:00,60.0,-139.9072,63.1,249
10,2026-06-06T10:00,60.0,-139.9072,64.4,243
11,2026-06-06T11:00,60.0,-139.9072,68.2,242
12,2026-06-06T12:00,60.0,-139.9072,71.6,239
13,2026-06-06T13:00,60.0,-139.9072,73.6,236
14,2026-06-06T14:00,60.0,-139.9072,73.9,234
15,2026-06-06T15:00,60.0,-139.9072,66.9,237
16,2026-06-06T16:00,60.0,-139.9072,57.3,250
17,2026-06-06T17:00,60.0,-139.9072,53.9,258
18,2026-06-06T18:00,60.0,-139.9072,53.0,257
19,2026-06-06T19:00,60.0,-139.9072,49.0,248
20,2026-06-06T20:00,60.0,-139.9072,48.7,232
21,2026-06-06T21:00,60.0,-139.9072,53.0,218
22,2026-06-06T22:00,60.0,-139.9072,57.2,213
23,2026-06-06T23:00,60.0,-139.9072,56.9,215
24,2026-06-07T00:00,60.0,-139.9072,51.0,229
25,2026-06-07T01:00,60.0,-139.9072,49.0,234
26,2026-06-07T02:00,60.0,-139.9072,53.5,224
27,2026-06-07T03:00,60.0,-139.9072,55.5,219
28,2026-06-07T04:00,60.0,-139.9072,50.9,223
29,2026-06-07T05:00,60.0,-139.9072,55.0,234
30,2026-06-07T06:00,60.0,-139.9072,57.3,250
31,2026-06-07T07:00,60.0,-139.9072,64.9,254
32,2026-06-07T08:00,60.0,-139.9072,64.1,253
33,2026-06-07T09:00,60.0,-139.9072,62.4,247
34,2026-06-07T10:00,60.0,-139.9072,63.4,245
35,2026-06-07T11:00,60.0,-139.9072,50.0,240
36,2026-06-07T12:00,60.0,-139.9072,41.3,234
37,2026-06-07T13:00,60.0,-139.9072,41.7,229
38,2026-06-07T14:00,60.0,-139.9072,35.8,220
39,2026-06-07T15:00,60.0,-139.9072,34.6,200
40,2026-06-07T16:00,60.0,-139.9072,45.4,192
41,2026-06-07T17:00,60.0,-139.9072,51.9,187
42,2026-06-07T18:00,60.0,-139.9072,57.7,184
43,2026-06-07T19:00,60.0,-139.9072,58.8,181
44,2026-06-07T20:00,60.0,-139.9072,62.5,183
45,2026-06-07T21:00,60.0,-139.9072,68.7,185
46,2026-06-07T22:00,60.0,-139.9072,70.6,190
47,2026-06-07T23:00,60.0,-139.9072,70.6,190
0,2026-06-06T00:00,59.9297,-134.375,50.5,357
1,2026-06-06T01:00,59.9297,-134.375,47.2,353
2,2026-06-06T02:00,59.9297,-134.375,45.2,349
3,2026-06-06T03:00,59.9297,-134.375,42.6,338
4,2026-06-06T04:00,59.9297,-134.375,43.0,330
5,2026-06-06T05:00,59.9297,-134.375,40.9,320
6,2026-06-06T06:00,59.9297,-134.375,42.7,308
7,2026-06-06T07:00,59.9297,-134.375,46.2,295
8,2026-06-06T08:00,59.9297,-134.375,51.3,286
9,2026-06-06T09:00,59.9297,-134.375,55.1,281
10,2026-06-06T10:00,59.9297,-134.375,53.0,283
11,2026-06-06T11:00,59.9297,-134.375,49.3,288
12,2026-06-06T12:00,59.9297,-134.375,44.8,290
13,2026-06-06T13:00,59.9297,-134.375,43.4,284
14,2026-06-06T14:00,59.9297,-134.375,44.8,278
15,2026-06-06T15:00,59.9297,-134.375,48.0,270
16,2026-06-06T16:00,59.9297,-134.375,50.6,265
17,2026-06-06T17:00,59.9297,-134.375,51.5,258
18,2026-06-06T18:00,59.9297,-134.375,54.3,252
19,2026-06-06T19:00,59.9297,-134.375,56.4,246
20,2026-06-06T20:00,59.9297,-134.375,62.3,242
21,2026-06-06T21:00,59.9297,-134.375,65.5,242
22,2026-06-06T22:00,59.9297,-134.375,64.5,241
23,2026-06-06T23:00,59.9297,-134.375,63.9,242
24,2026-06-07T00:00,59.9297,-134.375,58.0,243
25,2026-06-07T01:00,59.9297,-134.375,50.5,242
26,2026-06-07T02:00,59.9297,-134.375,46.9,238
27,2026-06-07T03:00,59.9297,-134.375,44.6,234
28,2026-06-07T04:00,59.9297,-134.375,41.8,231
29,2026-06-07T05:00,59.9297,-134.375,45.2,230
30,2026-06-07T06:00,59.9297,-134.375,46.3,233
31,2026-06-07T07:00,59.9297,-134.375,44.3,237
32,2026-06-07T08:00,59.9297,-134.375,45.7,240
33,2026-06-07T09:00,59.9297,-134.375,41.4,240
34,2026-06-07T10:00,59.9297,-134.375,44.1,248
35,2026-06-07T11:00,59.9297,-134.375,44.5,265
36,2026-06-07T12:00,59.9297,-134.375,46.9,274
37,2026-06-07T13:00,59.9297,-134.375,48.7,280
38,2026-06-07T14:00,59.9297,-134.375,47.5,280
39,2026-06-07T15:00,59.9297,-134.375,42.3,277
40,2026-06-07T16:00,59.9297,-134.375,39.6,268
41,2026-06-07T17:00,59.9297,-134.375,36.7,259
42,2026-06-07T18:00,59.9297,-134.375,32.3,248
43,2026-06-07T19:00,59.9297,-134.375,35.0,239
44,2026-06-07T20:00,59.9297,-134.375,39.4,232
45,2026-06-07T21:00,59.9297,-134.375,41.7,229
46,2026-06-07T22:00,59.9297,-134.375,42.0,233
47,2026-06-07T23:00,59.9297,-134.375,41.0,238
0,2026-06-06T00:00,60.0,-128.63109,78.7,21
1,2026-06-06T01:00,60.0,-128.63109,76.3,19
2,2026-06-06T02:00,60.0,-128.63109,72.9,17
3,2026-06-06T03:00,60.0,-128.63109,71.9,15
4,2026-06-06T04:00,60.0,-128.63109,70.7,15
5,2026-06-06T05:00,60.0,-128.63109,69.3,14
6,2026-06-06T06:00,60.0,-128.63109,65.9,10
7,2026-06-06T07:00,60.0,-128.63109,59.2,7
8,2026-06-06T08:00,60.0,-128.63109,54.0,360
9,2026-06-06T09:00,60.0,-128.63109,49.7,352
10,2026-06-06T10:00,60.0,-128.63109,47.8,342
11,2026-06-06T11:00,60.0,-128.63109,46.2,335
12,2026-06-06T12:00,60.0,-128.63109,46.3,329
13,2026-06-06T13:00,60.0,-128.63109,45.4,323
14,2026-06-06T14:00,60.0,-128.63109,40.8,317
15,2026-06-06T15:00,60.0,-128.63109,35.7,312
16,2026-06-06T16:00,60.0,-128.63109,33.2,311
17,2026-06-06T17:00,60.0,-128.63109,29.7,317
18,2026-06-06T18:00,60.0,-128.63109,28.0,317
19,2026-06-06T19:00,60.0,-128.63109,26.4,309
20,2026-06-06T20:00,60.0,-128.63109,29.0,294
21,2026-06-06T21:00,60.0,-128.63109,31.8,281
22,2026-06-06T22:00,60.0,-128.63109,33.6,270
23,2026-06-06T23:00,60.0,-128.63109,37.4,264
24,2026-06-07T00:00,60.0,-128.63109,39.1,259
25,2026-06-07T01:00,60.0,-128.63109,41.9,257
26,2026-06-07T02:00,60.0,-128.63109,43.4,256
27,2026-06-07T03:00,60.0,-128.63109,45.2,253
28,2026-06-07T04:00,60.0,-128.63109,45.9,250
29,2026-06-07T05:00,60.0,-128.63109,46.2,245
30,2026-06-07T06:00,60.0,-128.63109,47.8,242
31,2026-06-07T07:00,60.0,-128.63109,49.6,238
32,2026-06-07T08:00,60.0,-128.63109,50.6,234
33,2026-06-07T09:00,60.0,-128.63109,52.1,232
34,2026-06-07T10:00,60.0,-128.63109,53.6,230
35,2026-06-07T11:00,60.0,-128.63109,54.5,230
36,2026-06-07T12:00,60.0,-128.63109,52.1,232
37,2026-06-07T13:00,60.0,-128.63109,50.4,232
38,2026-06-07T14:00,60.0,-128.63109,46.1,231
39,2026-06-07T15:00,60.0,-128.63109,41.7,229
40,2026-06-07T16:00,60.0,-128.63109,39.9,226
41,2026-06-07T17:00,60.0,-128.63109,38.2,226
42,2026-06-07T18:00,60.0,-128.63109,36.7,232
43,2026-06-07T19:00,60.0,-128.63109,33.3,240
44,2026-06-07T20:00,60.0,-128.63109,29.2,251
45,2026-06-07T21:00,60.0,-128.63109,26.4,273
46,2026-06-07T22:00,60.0,-128.63109,24.7,293
47,2026-06-07T23:00,60.0,-128.63109,24.3,303
0,2026-06-06T00:00,60.0,-122.99304,39.9,57
1,2026-06-06T01:00,60.0,-122.99304,44.3,49
2,2026-06-06T02:00,60.0,-122.99304,50.4,52
3,2026-06-06T03:00,60.0,-122.99304,54.5,50
4,2026-06-06T04:00,60.0,-122.99304,57.0,49
5,2026-06-06T05:00,60.0,-122.99304,59.5,48
6,2026-06-06T06:00,60.0,-122.99304,61.1,47
7,2026-06-06T07:00,60.0,-122.99304,62.0,43
8,2026-06-06T08:00,60.0,-122.99304,62.4,38
9,2026-06-06T09:00,60.0,-122.99304,62.2,34
10,2026-06-06T10:00,60.0,-122.99304,60.3,31
11,2026-06-06T11:00,60.0,-122.99304,58.0,30
12,2026-06-06T12:00,60.0,-122.99304,56.9,28
13,2026-06-06T13:00,60.0,-122.99304,58.5,26
14,2026-06-06T14:00,60.0,-122.99304,60.1,26
15,2026-06-06T15:00,60.0,-122.99304,56.9,25
16,2026-06-06T16:00,60.0,-122.99304,50.0,24
17,2026-06-06T17:00,60.0,-122.99304,42.6,22
18,2026-06-06T18:00,60.0,-122.99304,36.1,15
19,2026-06-06T19:00,60.0,-122.99304,31.4,7
20,2026-06-06T20:00,60.0,-122.99304,28.8,360
21,2026-06-06T21:00,60.0,-122.99304,25.5,352
22,2026-06-06T22:00,60.0,-122.99304,22.8,342
23,2026-06-06T23:00,60.0,-122.99304,21.0,336
24,2026-06-07T00:00,60.0,-122.99304,21.0,329
25,2026-06-07T01:00,60.0,-122.99304,21.4,322
26,2026-06-07T02:00,60.0,-122.99304,23.1,321
27,2026-06-07T03:00,60.0,-122.99304,22.1,319
28,2026-06-07T04:00,60.0,-122.99304,22.1,315
29,2026-06-07T05:00,60.0,-122.99304,22.9,313
30,2026-06-07T06:00,60.0,-122.99304,22.3,306
31,2026-06-07T07:00,60.0,-122.99304,21.0,301
32,2026-06-07T08:00,60.0,-122.99304,24.7,293
33,2026-06-07T09:00,60.0,-122.99304,26.6,288
34,2026-06-07T10:00,60.0,-122.99304,28.2,282
35,2026-06-07T11:00,60.0,-122.99304,29.0,277
36,2026-06-07T12:00,60.0,-122.99304,27.6,268
37,2026-06-07T13:00,60.0,-122.99304,28.9,265
38,2026-06-07T14:00,60.0,-122.99304,27.7,265
39,2026-06-07T15:00,60.0,-122.99304,26.6,262
40,2026-06-07T16:00,60.0,-122.99304,25.9,257
41,2026-06-07T17:00,60.0,-122.99304,27.4,255
42,2026-06-07T18:00,60.0,-122.99304,27.4,255
43,2026-06-07T19:00,60.0,-122.99304,26.6,252
44,2026-06-07T20:00,60.0,-122.99304,27.4,247
45,2026-06-07T21:00,60.0,-122.99304,26.8,243
46,2026-06-07T22:00,60.0,-122.99304,27.4,241
47,2026-06-07T23:00,60.0,-122.99304,28.4,242
0,2026-06-06T00:00,60.0,-117.35498,46.8,157
1,2026-06-06T01:00,60.0,-117.35498,45.7,150
2,2026-06-06T02:00,60.0,-117.35498,48.3,145
3,2026-06-06T03:00,60.0,-117.35498,43.3,136
4,2026-06-06T04:00,60.0,-117.35498,40.3,120
5,2026-06-06T05:00,60.0,-117.35498,36.6,113
6,2026-06-06T06:00,60.0,-117.35498,34.2,108
7,2026-06-06T07:00,60.0,-117.35498,33.4,111
8,2026-06-06T08:00,60.0,-117.35498,23.6,105
9,2026-06-06T09:00,60.0,-117.35498,20.4,93
10,2026-06-06T10:00,60.0,-117.35498,17.0,98
11,2026-06-06T11:00,60.0,-117.35498,13.3,85
12,2026-06-06T12:00,60.0,-117.35498,12.5,73
13,2026-06-06T13:00,60.0,-117.35498,14.0,70
14,2026-06-06T14:00,60.0,-117.35498,14.6,81
15,2026-06-06T15:00,60.0,-117.35498,11.1,103
16,2026-06-06T16:00,60.0,-117.35498,5.4,117
17,2026-06-06T17:00,60.0,-117.35498,1.7,135
18,2026-06-06T18:00,60.0,-117.35498,0.0,270
19,2026-06-06T19:00,60.0,-117.35498,3.4,315
20,2026-06-06T20:00,60.0,-117.35498,6.1,349
21,2026-06-06T21:00,60.0,-117.35498,7.3,9
22,2026-06-06T22:00,60.0,-117.35498,8.0,27
23,2026-06-06T23:00,60.0,-117.35498,10.7,27
24,2026-06-07T00:00,60.0,-117.35498,14.0,31
25,2026-06-07T01:00,60.0,-117.35498,16.1,27
26,2026-06-07T02:00,60.0,-117.35498,21.0,24
27,2026-06-07T03:00,60.0,-117.35498,24.3,20
28,2026-06-07T04:00,60.0,-117.35498,27.0,21
29,2026-06-07T05:00,60.0,-117.35498,25.4,19
30,2026-06-07T06:00,60.0,-117.35498,22.4,16
31,2026-06-07T07:00,60.0,-117.35498,21.0,13
32,2026-06-07T08:00,60.0,-117.35498,18.6,15
33,2026-06-07T09:00,60.0,-117.35498,15.8,9
34,2026-06-07T10:00,60.0,-117.35498,13.4,10
35,2026-06-07T11:00,60.0,-117.35498,12.2,11
36,2026-06-07T12:00,60.0,-117.35498,12.1,6
37,2026-06-07T13:00,60.0,-117.35498,13.4,10
38,2026-06-07T14:00,60.0,-117.35498,13.7,15
39,2026-06-07T15:00,60.0,-117.35498,12.5,17
40,2026-06-07T16:00,60.0,-117.35498,13.7,15
41,2026-06-07T17:00,60.0,-117.35498,12.9,22
42,2026-06-07T18:00,60.0,-117.35498,13.4,27
43,2026-06-07T19:00,60.0,-117.35498,14.0,31
44,2026-06-07T20:00,60.0,-117.35498,14.0,31
45,2026-06-07T21:00,60.0,-117.35498,15.6,32
46,2026-06-07T22:00,60.0,-117.35498,18.3,32
47,2026-06-07T23:00,60.0,-117.35498,20.0,33
0,2026-06-06T00:00,60.0,-111.716934,58.8,192
1,2026-06-06T01:00,60.0,-111.716934,45.9,186
2,2026-06-06T02:00,60.0,-111.716934,42.3,173
3,2026-06-06T03:00,60.0,-111.716934,45.2,169
4,2026-06-06T04:00,60.0,-111.716934,44.5,166
5,2026-06-06T05:00,60.0,-111.716934,44.3,167
6,2026-06-06T06:00,60.0,-111.716934,33.8,163
7,2026-06-06T07:00,60.0,-111.716934,27.6,146
8,2026-06-06T08:00,60.0,-111.716934,36.7,169
9,2026-06-06T09:00,60.0,-111.716934,30.4,198
10,2026-06-06T10:00,60.0,-111.716934,26.4,219
11,2026-06-06T11:00,60.0,-111.716934,21.4,232
12,2026-06-06T12:00,60.0,-111.716934,14.6,235
13,2026-06-06T13:00,60.0,-111.716934,9.4,230
14,2026-06-06T14:00,60.0,-111.716934,6.0,217
15,2026-06-06T15:00,60.0,-111.716934,3.6,180
16,2026-06-06T16:00,60.0,-111.716934,5.1,135
17,2026-06-06T17:00,60.0,-111.716934,6.5,112
18,2026-06-06T18:00,60.0,-111.716934,6.5,112
19,2026-06-06T19:00,60.0,-111.716934,4.3,124
20,2026-06-06T20:00,60.0,-111.716934,4.3,146
21,2026-06-06T21:00,60.0,-111.716934,6.1,169
22,2026-06-06T22:00,60.0,-111.716934,7.3,189
23,2026-06-06T23:00,60.0,-111.716934,9.7,210
24,2026-06-07T00:00,60.0,-111.716934,12.8,229
25,2026-06-07T01:00,60.0,-111.716934,14.5,246
26,2026-06-07T02:00,60.0,-111.716934,15.2,252
27,2026-06-07T03:00,60.0,-111.716934,14.6,261
28,2026-06-07T04:00,60.0,-111.716934,14.4,265
29,2026-06-07T05:00,60.0,-111.716934,13.3,265
30,2026-06-07T06:00,60.0,-111.716934,13.2,270
31,2026-06-07T07:00,60.0,-111.716934,12.1,276
32,2026-06-07T08:00,60.0,-111.716934,9.9,284
33,2026-06-07T09:00,60.0,-111.716934,7.6,288
34,2026-06-07T10:00,60.0,-111.716934,4.9,256
35,2026-06-07T11:00,60.0,-111.716934,7.0,211
36,2026-06-07T12:00,60.0,-111.716934,8.7,214
37,2026-06-07T13:00,60.0,-111.716934,6.8,225
38,2026-06-07T14:00,60.0,-111.716934,4.9,256
39,2026-06-07T15:00,60.0,-111.716934,2.4,270
40,2026-06-07T16:00,60.0,-111.716934,1.7,135
41,2026-06-07T17:00,60.0,-111.716934,7.0,121
42,2026-06-07T18:00,60.0,-111.716934,12.8,139
43,2026-06-07T19:00,60.0,-111.716934,21.0,156
44,2026-06-07T20:00,60.0,-111.716934,32.0,167
45,2026-06-07T21:00,60.0,-111.716934,36.0,178
46,2026-06-07T22:00,60.0,-111.716934,42.8,191
47,2026-06-07T23:00,60.0,-111.716934,55.6,194
0,2026-06-06T00:00,59.9297,-106.04167,47.3,204
1,2026-06-06T01:00,59.9297,-106.04167,48.4,203
2,2026-06-06T02:00,59.9297,-106.04167,48.9,205
3,2026-06-06T03:00,59.9297,-106.04167,46.2,205
4,2026-06-06T04:00,59.9297,-106.04167,43.7,201
5,2026-06-06T05:00,59.9297,-106.04167,44.5,194
6,2026-06-06T06:00,59.9297,-106.04167,47.0,186
7,2026-06-06T07:00,59.9297,-106.04167,44.5,183
8,2026-06-06T08:00,59.9297,-106.04167,41.7,192
9,2026-06-06T09:00,59.9297,-106.04167,48.6,213
10,2026-06-06T10:00,59.9297,-106.04167,50.2,220
11,2026-06-06T11:00,59.9297,-106.04167,50.9,214
12,2026-06-06T12:00,59.9297,-106.04167,45.2,191
13,2026-06-06T13:00,59.9297,-106.04167,37.2,182
14,2026-06-06T14:00,59.9297,-106.04167,30.0,178
15,2026-06-06T15:00,59.9297,-106.04167,27.1,167
16,2026-06-06T16:00,59.9297,-106.04167,22.1,158
17,2026-06-06T17:00,59.9297,-106.04167,21.5,153
18,2026-06-06T18:00,59.9297,-106.04167,19.9,155
19,2026-06-06T19:00,59.9297,-106.04167,13.0,146
20,2026-06-06T20:00,59.9297,-106.04167,5.4,153
21,2026-06-06T21:00,59.9297,-106.04167,2.4,90
22,2026-06-06T22:00,59.9297,-106.04167,2.4,90
23,2026-06-06T23:00,59.9297,-106.04167,2.7,153
24,2026-06-07T00:00,59.9297,-106.04167,11.1,221
25,2026-06-07T01:00,59.9297,-106.04167,14.4,228
26,2026-06-07T02:00,59.9297,-106.04167,15.0,241
27,2026-06-07T03:00,59.9297,-106.04167,12.5,253
28,2026-06-07T04:00,59.9297,-106.04167,11.8,246
29,2026-06-07T05:00,59.9297,-106.04167,11.9,225
30,2026-06-07T06:00,59.9297,-106.04167,14.6,215
31,2026-06-07T07:00,59.9297,-106.04167,18.0,217
32,2026-06-07T08:00,59.9297,-106.04167,22.9,223
33,2026-06-07T09:00,59.9297,-106.04167,28.0,223
34,2026-06-07T10:00,59.9297,-106.04167,32.3,228
35,2026-06-07T11:00,59.9297,-106.04167,35.8,230
36,2026-06-07T12:00,59.9297,-106.04167,40.8,227
37,2026-06-07T13:00,59.9297,-106.04167,47.5,225
38,2026-06-07T14:00,59.9297,-106.04167,50.9,227
39,2026-06-07T15:00,59.9297,-106.04167,54.3,227
40,2026-06-07T16:00,59.9297,-106.04167,61.1,225
41,2026-06-07T17:00,59.9297,-106.04167,70.4,226
42,2026-06-07T18:00,59.9297,-106.04167,80.7,227
43,2026-06-07T19:00,59.9297,-106.04167,96.5,232
44,2026-06-07T20:00,59.9297,-106.04167,113.8,237
45,2026-06-07T21:00,59.9297,-106.04167,137.1,235
46,2026-06-07T22:00,59.9297,-106.04167,150.8,237
47,2026-06-07T23:00,59.9297,-106.04167,151.1,237
0,2026-06-06T00:00,60.0,-100.232025,36.0,217
1,2026-06-06T01:00,60.0,-100.232025,40.6,214
2,2026-06-06T02:00,60.0,-100.232025,44.9,214
3,2026-06-06T03:00,60.0,-100.232025,49.3,214
4,2026-06-06T04:00,60.0,-100.232025,50.9,214
5,2026-06-06T05:00,60.0,-100.232025,51.4,217
6,2026-06-06T06:00,60.0,-100.232025,52.1,218
7,2026-06-06T07:00,60.0,-100.232025,56.6,216
8,2026-06-06T08:00,60.0,-100.232025,61.2,215
9,2026-06-06T09:00,60.0,-100.232025,69.6,224
10,2026-06-06T10:00,60.0,-100.232025,73.8,224
11,2026-06-06T11:00,60.0,-100.232025,70.7,220
12,2026-06-06T12:00,60.0,-100.232025,69.4,217
13,2026-06-06T13:00,60.0,-100.232025,69.4,210
14,2026-06-06T14:00,60.0,-100.232025,61.2,206
15,2026-06-06T15:00,60.0,-100.232025,59.6,199
16,2026-06-06T16:00,60.0,-100.232025,55.8,189
17,2026-06-06T17:00,60.0,-100.232025,53.0,193
18,2026-06-06T18:00,60.0,-100.232025,46.7,198
19,2026-06-06T19:00,60.0,-100.232025,45.6,207
20,2026-06-06T20:00,60.0,-100.232025,49.9,215
21,2026-06-06T21:00,60.0,-100.232025,50.1,228
22,2026-06-06T22:00,60.0,-100.232025,43.9,235
23,2026-06-06T23:00,60.0,-100.232025,48.7,232
24,2026-06-07T00:00,60.0,-100.232025,52.3,238
25,2026-06-07T01:00,60.0,-100.232025,52.2,247
26,2026-06-07T02:00,60.0,-100.232025,58.4,251
27,2026-06-07T03:00,60.0,-100.232025,63.4,251
28,2026-06-07T04:00,60.0,-100.232025,67.6,250
29,2026-06-07T05:00,60.0,-100.232025,72.0,246
30,2026-06-07T06:00,60.0,-100.232025,78.9,244
31,2026-06-07T07:00,60.0,-100.232025,86.9,244
32,2026-06-07T08:00,60.0,-100.232025,90.2,243
33,2026-06-07T09:00,60.0,-100.232025,94.5,241
34,2026-06-07T10:00,60.0,-100.232025,101.5,241
35,2026-06-07T11:00,60.0,-100.232025,110.0,242
36,2026-06-07T12:00,60.0,-100.232025,121.8,242
37,2026-06-07T13:00,60.0,-100.232025,131.5,242
38,2026-06-07T14:00,60.0,-100.232025,141.6,239
39,2026-06-07T15:00,60.0,-100.232025,156.8,238
40,2026-06-07T16:00,60.0,-100.232025,156.8,238
41,2026-06-07T17:00,60.0,-100.232025,149.4,240
42,2026-06-07T18:00,60.0,-100.232025,144.9,242
43,2026-06-07T19:00,60.0,-100.232025,148.8,241
44,2026-06-07T20:00,60.0,-100.232025,155.8,240
45,2026-06-07T21:00,60.0,-100.232025,159.1,240
46,2026-06-07T22:00,60.0,-100.232025,148.2,245
47,2026-06-07T23:00,60.0,-100.232025,142.8,242
0,2026-06-06T00:00,60.070297,-94.813965,43.5,298
1,2026-06-06T01:00,60.070297,-94.813965,38.8,292
2,2026-06-06T02:00,60.070297,-94.813965,35.5,282
3,2026-06-06T03:00,60.070297,-94.813965,32.4,268
4,2026-06-06T04:00,60.070297,-94.813965,31.5,252
5,2026-06-06T05:00,60.070297,-94.813965,36.6,238
6,2026-06-06T06:00,60.070297,-94.813965,46.3,233
7,2026-06-06T07:00,60.070297,-94.813965,54.0,233
8,2026-06-06T08:00,60.070297,-94.813965,58.8,231
9,2026-06-06T09:00,60.070297,-94.813965,62.8,227
10,2026-06-06T10:00,60.070297,-94.813965,65.0,232
11,2026-06-06T11:00,60.070297,-94.813965,66.6,244
12,2026-06-06T12:00,60.070297,-94.813965,70.6,252
13,2026-06-06T13:00,60.070297,-94.813965,70.2,253
14,2026-06-06T14:00,60.070297,-94.813965,74.6,244
15,2026-06-06T15:00,60.070297,-94.813965,68.6,234
16,2026-06-06T16:00,60.070297,-94.813965,77.2,224
17,2026-06-06T17:00,60.070297,-94.813965,80.7,222
18,2026-06-06T18:00,60.070297,-94.813965,83.2,223
19,2026-06-06T19:00,60.070297,-94.813965,93.6,229
20,2026-06-06T20:00,60.070297,-94.813965,101.0,233
21,2026-06-06T21:00,60.070297,-94.813965,112.3,233
22,2026-06-06T22:00,60.070297,-94.813965,122.2,235
23,2026-06-06T23:00,60.070297,-94.813965,117.0,244
24,2026-06-07T00:00,60.070297,-94.813965,134.9,246
25,2026-06-07T01:00,60.070297,-94.813965,130.2,250
26,2026-06-07T02:00,60.070297,-94.813965,140.6,248
27,2026-06-07T03:00,60.070297,-94.813965,130.2,247
28,2026-06-07T04:00,60.070297,-94.813965,131.7,250
29,2026-06-07T05:00,60.070297,-94.813965,140.5,253
30,2026-06-07T06:00,60.070297,-94.813965,149.9,256
31,2026-06-07T07:00,60.070297,-94.813965,155.7,256
32,2026-06-07T08:00,60.070297,-94.813965,167.5,254
33,2026-06-07T09:00,60.070297,-94.813965,179.5,253
34,2026-06-07T10:00,60.070297,-94.813965,186.7,251
35,2026-06-07T11:00,60.070297,-94.813965,191.3,250
36,2026-06-07T12:00,60.070297,-94.813965,193.6,250
37,2026-06-07T13:00,60.070297,-94.813965,212.1,252
38,2026-06-07T14:00,60.070297,-94.813965,226.6,252
39,2026-06-07T15:00,60.070297,-94.813965,218.2,251
40,2026-06-07T16:00,60.070297,-94.813965,210.4,249
41,2026-06-07T17:00,60.070297,-94.813965,202.8,249
42,2026-06-07T18:00,60.070297,-94.813965,201.2,248
43,2026-06-07T19:00,60.070297,-94.813965,201.7,247
44,2026-06-07T20:00,60.070297,-94.813965,201.0,249
45,2026-06-07T21:00,60.070297,-94.813965,195.8,251
46,2026-06-07T22:00,60.070297,-94.813965,189.4,251
47,2026-06-07T23:00,60.070297,-94.813965,180.7,251
0,2026-06-06T00:00,60.0,-88.9559,74.8,311
1,2026-06-06T01:00,60.0,-88.9559,74.7,314
2,2026-06-06T02:00,60.0,-88.9559,73.1,318
3,2026-06-06T03:00,60.0,-88.9559,69.8,319
4,2026-06-06T04:00,60.0,-88.9559,65.4,317
5,2026-06-06T05:00,60.0,-88.9559,61.2,312
6,2026-06-06T06:00,60.0,-88.9559,58.6,305
7,2026-06-06T07:00,60.0,-88.9559,58.7,301
8,2026-06-06T08:00,60.0,-88.9559,58.0,294
9,2026-06-06T09:00,60.0,-88.9559,59.4,284
10,2026-06-06T10:00,60.0,-88.9559,65.1,275
11,2026-06-06T11:00,60.0,-88.9559,68.4,269
12,2026-06-06T12:00,60.0,-88.9559,71.1,265
13,2026-06-06T13:00,60.0,-88.9559,71.6,261
14,2026-06-06T14:00,60.0,-88.9559,74.2,256
15,2026-06-06T15:00,60.0,-88.9559,73.9,257
16,2026-06-06T16:00,60.0,-88.9559,66.5,263
17,2026-06-06T17:00,60.0,-88.9559,68.4,268
18,2026-06-06T18:00,60.0,-88.9559,72.2,265
19,2026-06-06T19:00,60.0,-88.9559,80.0,257
20,2026-06-06T20:00,60.0,-88.9559,83.3,255
21,2026-06-06T21:00,60.0,-88.9559,92.0,258
22,2026-06-06T22:00,60.0,-88.9559,99.3,255
23,2026-06-06T23:00,60.0,-88.9559,106.3,254
24,2026-06-07T00:00,60.0,-88.9559,110.8,252
25,2026-06-07T01:00,60.0,-88.9559,120.8,254
26,2026-06-07T02:00,60.0,-88.9559,131.3,258
27,2026-06-07T03:00,60.0,-88.9559,141.7,259
28,2026-06-07T04:00,60.0,-88.9559,136.2,264
29,2026-06-07T05:00,60.0,-88.9559,152.6,262
30,2026-06-07T06:00,60.0,-88.9559,170.8,266
31,2026-06-07T07:00,60.0,-88.9559,188.1,265
32,2026-06-07T08:00,60.0,-88.9559,176.6,260
33,2026-06-07T09:00,60.0,-88.9559,192.0,261
34,2026-06-07T10:00,60.0,-88.9559,205.3,264
35,2026-06-07T11:00,60.0,-88.9559,216.5,266
36,2026-06-07T12:00,60.0,-88.9559,223.7,266
37,2026-06-07T13:00,60.0,-88.9559,228.6,266
38,2026-06-07T14:00,60.0,-88.9559,233.2,267
39,2026-06-07T15:00,60.0,-88.9559,235.5,267
40,2026-06-07T16:00,60.0,-88.9559,234.7,266
41,2026-06-07T17:00,60.0,-88.9559,240.0,264
42,2026-06-07T18:00,60.0,-88.9559,228.5,263
43,2026-06-07T19:00,60.0,-88.9559,217.5,263
44,2026-06-07T20:00,60.0,-88.9559,210.3,263
45,2026-06-07T21:00,60.0,-88.9559,207.9,263
46,2026-06-07T22:00,60.0,-88.9559,205.7,263
47,2026-06-07T23:00,60.0,-88.9559,201.3,265
0,2026-06-06T00:00,60.0,-83.31787,114.5,305
1,2026-06-06T01:00,60.0,-83.31787,117.1,308
2,2026-06-06T02:00,60.0,-83.31787,117.3,312
3,2026-06-06T03:00,60.0,-83.31787,117.1,315
4,2026-06-06T04:00,60.0,-83.31787,114.8,319
5,2026-06-06T05:00,60.0,-83.31787,113.0,323
6,2026-06-06T06:00,60.0,-83.31787,108.5,325
7,2026-06-06T07:00,60.0,-83.31787,103.2,324
8,2026-06-06T08:00,60.0,-83.31787,100.8,322
9,2026-06-06T09:00,60.0,-83.31787,99.0,321
10,2026-06-06T10:00,60.0,-83.31787,97.1,320
11,2026-06-06T11:00,60.0,-83.31787,99.6,319
12,2026-06-06T12:00,60.0,-83.31787,100.2,317
13,2026-06-06T13:00,60.0,-83.31787,96.9,312
14,2026-06-06T14:00,60.0,-83.31787,92.4,308
15,2026-06-06T15:00,60.0,-83.31787,89.2,303
16,2026-06-06T16:00,60.0,-83.31787,86.0,300
17,2026-06-06T17:00,60.0,-83.31787,84.8,295
18,2026-06-06T18:00,60.0,-83.31787,86.2,291
19,2026-06-06T19:00,60.0,-83.31787,84.6,288
20,2026-06-06T20:00,60.0,-83.31787,79.2,284
21,2026-06-06T21:00,60.0,-83.31787,77.5,286
22,2026-06-06T22:00,60.0,-83.31787,82.0,288
23,2026-06-06T23:00,60.0,-83.31787,85.0,283
24,2026-06-07T00:00,60.0,-83.31787,80.3,279
25,2026-06-07T01:00,60.0,-83.31787,85.2,280
26,2026-06-07T02:00,60.0,-83.31787,88.0,275
27,2026-06-07T03:00,60.0,-83.31787,92.6,274
28,2026-06-07T04:00,60.0,-83.31787,102.0,271
29,2026-06-07T05:00,60.0,-83.31787,115.3,272
30,2026-06-07T06:00,60.0,-83.31787,126.0,269
31,2026-06-07T07:00,60.0,-83.31787,133.2,272
32,2026-06-07T08:00,60.0,-83.31787,138.2,273
33,2026-06-07T09:00,60.0,-83.31787,156.4,274
34,2026-06-07T10:00,60.0,-83.31787,181.6,274
35,2026-06-07T11:00,60.0,-83.31787,195.9,273
36,2026-06-07T12:00,60.0,-83.31787,208.4,275
37,2026-06-07T13:00,60.0,-83.31787,213.6,276
38,2026-06-07T14:00,60.0,-83.31787,218.8,277
39,2026-06-07T15:00,60.0,-83.31787,226.4,278
40,2026-06-07T16:00,60.0,-83.31787,235.6,279
41,2026-06-07T17:00,60.0,-83.31787,241.1,280
42,2026-06-07T18:00,60.0,-83.31787,239.5,279
43,2026-06-07T19:00,60.0,-83.31787,234.2,279
44,2026-06-07T20:00,60.0,-83.31787,225.4,278
45,2026-06-07T21:00,60.0,-83.31787,216.7,278
46,2026-06-07T22:00,60.0,-83.31787,211.5,277
47,2026-06-07T23:00,60.0,-83.31787,209.6,275
0,2026-06-06T00:00,60.070297,-77.441864,131.5,304
1,2026-06-06T01:00,60.070297,-77.441864,117.6,306
2,2026-06-06T02:00,60.070297,-77.441864,104.0,309
3,2026-06-06T03:00,60.070297,-77.441864,97.7,313
4,2026-06-06T04:00,60.070297,-77.441864,94.2,317
5,2026-06-06T05:00,60.070297,-77.441864,92.0,320
6,2026-06-06T06:00,60.070297,-77.441864,90.3,324
7,2026-06-06T07:00,60.070297,-77.441864,90.2,327
8,2026-06-06T08:00,60.070297,-77.441864,95.7,330
9,2026-06-06T09:00,60.070297,-77.441864,104.6,333
10,2026-06-06T10:00,60.070297,-77.441864,115.0,337
11,2026-06-06T11:00,60.070297,-77.441864,131.0,339
12,2026-06-06T12:00,60.070297,-77.441864,138.1,341
13,2026-06-06T13:00,60.070297,-77.441864,135.1,342
14,2026-06-06T14:00,60.070297,-77.441864,125.7,339
15,2026-06-06T15:00,60.070297,-77.441864,112.3,337
16,2026-06-06T16:00,60.070297,-77.441864,107.3,333
17,2026-06-06T17:00,60.070297,-77.441864,104.7,332
18,2026-06-06T18:00,60.070297,-77.441864,103.7,330
19,2026-06-06T19:00,60.070297,-77.441864,101.7,330
20,2026-06-06T20:00,60.070297,-77.441864,97.8,327
21,2026-06-06T21:00,60.070297,-77.441864,93.6,324
22,2026-06-06T22:00,60.070297,-77.441864,89.4,320
23,2026-06-06T23:00,60.070297,-77.441864,86.6,317
24,2026-06-07T00:00,60.070297,-77.441864,85.7,316
25,2026-06-07T01:00,60.070297,-77.441864,84.0,316
26,2026-06-07T02:00,60.070297,-77.441864,85.7,313
27,2026-06-07T03:00,60.070297,-77.441864,88.4,312
28,2026-06-07T04:00,60.070297,-77.441864,81.6,311
29,2026-06-07T05:00,60.070297,-77.441864,76.6,305
30,2026-06-07T06:00,60.070297,-77.441864,84.4,300
31,2026-06-07T07:00,60.070297,-77.441864,90.2,295
32,2026-06-07T08:00,60.070297,-77.441864,90.7,290
33,2026-06-07T09:00,60.070297,-77.441864,91.7,284
34,2026-06-07T10:00,60.070297,-77.441864,94.4,282
35,2026-06-07T11:00,60.070297,-77.441864,95.2,284
36,2026-06-07T12:00,60.070297,-77.441864,122.1,293
37,2026-06-07T13:00,60.070297,-77.441864,130.9,288
38,2026-06-07T14:00,60.070297,-77.441864,147.7,287
39,2026-06-07T15:00,60.070297,-77.441864,157.6,286
40,2026-06-07T16:00,60.070297,-77.441864,167.1,286
41,2026-06-07T17:00,60.070297,-77.441864,169.3,287
42,2026-06-07T18:00,60.070297,-77.441864,170.8,290
43,2026-06-07T19:00,60.070297,-77.441864,183.2,292
44,2026-06-07T20:00,60.070297,-77.441864,203.5,292
45,2026-06-07T21:00,60.070297,-77.441864,215.3,292
46,2026-06-07T22:00,60.070297,-77.441864,221.3,292
47,2026-06-07T23:00,60.070297,-77.441864,219.7,292
0,2026-06-06T00:00,60.0,-72.04175,95.0,307
1,2026-06-06T01:00,60.0,-72.04175,90.7,307
2,2026-06-06T02:00,60.0,-72.04175,83.8,308
3,2026-06-06T03:00,60.0,-72.04175,76.1,308
4,2026-06-06T04:00,60.0,-72.04175,73.0,306
5,2026-06-06T05:00,60.0,-72.04175,72.0,307
6,2026-06-06T06:00,60.0,-72.04175,71.6,310
7,2026-06-06T07:00,60.0,-72.04175,70.4,316
8,2026-06-06T08:00,60.0,-72.04175,69.0,320
9,2026-06-06T09:00,60.0,-72.04175,68.9,325
10,2026-06-06T10:00,60.0,-72.04175,69.6,328
11,2026-06-06T11:00,60.0,-72.04175,69.8,331
12,2026-06-06T12:00,60.0,-72.04175,72.6,338
13,2026-06-06T13:00,60.0,-72.04175,78.6,341
14,2026-06-06T14:00,60.0,-72.04175,83.9,343
15,2026-06-06T15:00,60.0,-72.04175,89.1,346
16,2026-06-06T16:00,60.0,-72.04175,93.5,347
17,2026-06-06T17:00,60.0,-72.04175,99.8,350
18,2026-06-06T18:00,60.0,-72.04175,106.4,353
19,2026-06-06T19:00,60.0,-72.04175,107.6,353
20,2026-06-06T20:00,60.0,-72.04175,114.2,351
21,2026-06-06T21:00,60.0,-72.04175,111.7,351
22,2026-06-06T22:00,60.0,-72.04175,109.0,349
23,2026-06-06T23:00,60.0,-72.04175,108.8,346
24,2026-06-07T00:00,60.0,-72.04175,116.2,344
25,2026-06-07T01:00,60.0,-72.04175,119.7,344
26,2026-06-07T02:00,60.0,-72.04175,114.4,345
27,2026-06-07T03:00,60.0,-72.04175,108.0,345
28,2026-06-07T04:00,60.0,-72.04175,100.7,345
29,2026-06-07T05:00,60.0,-72.04175,92.6,341
30,2026-06-07T06:00,60.0,-72.04175,86.7,338
31,2026-06-07T07:00,60.0,-72.04175,82.7,334
32,2026-06-07T08:00,60.0,-72.04175,79.6,329
33,2026-06-07T09:00,60.0,-72.04175,78.3,324
34,2026-06-07T10:00,60.0,-72.04175,80.7,318
35,2026-06-07T11:00,60.0,-72.04175,79.8,314
36,2026-06-07T12:00,60.0,-72.04175,73.2,311
37,2026-06-07T13:00,60.0,-72.04175,66.6,304
38,2026-06-07T14:00,60.0,-72.04175,60.8,292
39,2026-06-07T15:00,60.0,-72.04175,67.3,286
40,2026-06-07T16:00,60.0,-72.04175,74.8,286
41,2026-06-07T17:00,60.0,-72.04175,75.1,283
42,2026-06-07T18:00,60.0,-72.04175,72.0,281
43,2026-06-07T19:00,60.0,-72.04175,72.2,285
44,2026-06-07T20:00,60.0,-72.04175,78.2,288
45,2026-06-07T21:00,60.0,-72.04175,86.2,291
46,2026-06-07T22:00,60.0,-72.04175,96.1,298
47,2026-06-07T23:00,60.0,-72.04175,108.5,299
0,2026-06-06T00:00,60.0,-66.40372,64.8,309
1,2026-06-06T01:00,60.0,-66.40372,67.3,310
2,2026-06-06T02:00,60.0,-66.40372,68.9,311
3,2026-06-06T03:00,60.0,-66.40372,67.9,315
4,2026-06-06T04:00,60.0,-66.40372,63.7,317
5,2026-06-06T05:00,60.0,-66.40372,59.4,317
6,2026-06-06T06:00,60.0,-66.40372,55.2,314
7,2026-06-06T07:00,60.0,-66.40372,53.5,312
8,2026-06-06T08:00,60.0,-66.40372,52.7,311
9,2026-06-06T09:00,60.0,-66.40372,51.0,311
10,2026-06-06T10:00,60.0,-66.40372,51.8,312
11,2026-06-06T11:00,60.0,-66.40372,51.8,314
12,2026-06-06T12:00,60.0,-66.40372,52.6,317
13,2026-06-06T13:00,60.0,-66.40372,52.3,323
14,2026-06-06T14:00,60.0,-66.40372,52.7,330
15,2026-06-06T15:00,60.0,-66.40372,51.5,335
16,2026-06-06T16:00,60.0,-66.40372,50.6,338
17,2026-06-06T17:00,60.0,-66.40372,51.3,339
18,2026-06-06T18:00,60.0,-66.40372,53.1,342
19,2026-06-06T19:00,60.0,-66.40372,56.2,344
20,2026-06-06T20:00,60.0,-66.40372,59.4,346
21,2026-06-06T21:00,60.0,-66.40372,66.4,347
22,2026-06-06T22:00,60.0,-66.40372,73.2,350
23,2026-06-06T23:00,60.0,-66.40372,78.7,352
24,2026-06-07T00:00,60.0,-66.40372,84.5,353
25,2026-06-07T01:00,60.0,-66.40372,84.2,356
26,2026-06-07T02:00,60.0,-66.40372,86.9,354
27,2026-06-07T03:00,60.0,-66.40372,90.4,355
28,2026-06-07T04:00,60.0,-66.40372,97.5,356
29,2026-06-07T05:00,60.0,-66.40372,102.0,359
30,2026-06-07T06:00,60.0,-66.40372,109.2,359
31,2026-06-07T07:00,60.0,-66.40372,117.8,357
32,2026-06-07T08:00,60.0,-66.40372,119.3,355
33,2026-06-07T09:00,60.0,-66.40372,119.0,351
34,2026-06-07T10:00,60.0,-66.40372,107.3,350
35,2026-06-07T11:00,60.0,-66.40372,94.4,348
36,2026-06-07T12:00,60.0,-66.40372,89.4,345
37,2026-06-07T13:00,60.0,-66.40372,83.1,342
38,2026-06-07T14:00,60.0,-66.40372,84.7,339
39,2026-06-07T15:00,60.0,-66.40372,83.8,336
40,2026-06-07T16:00,60.0,-66.40372,78.9,334
41,2026-06-07T17:00,60.0,-66.40372,74.7,330
42,2026-06-07T18:00,60.0,-66.40372,65.9,327
43,2026-06-07T19:00,60.0,-66.40372,56.9,318
44,2026-06-07T20:00,60.0,-66.40372,54.0,307
45,2026-06-07T21:00,60.0,-66.40372,51.9,304
46,2026-06-07T22:00,60.0,-66.40372,52.1,299
47,2026-06-07T23:00,60.0,-66.40372,44.4,289
0,2026-06-06T00:00,60.070297,-60.697693,46.8,337
1,2026-06-06T01:00,60.070297,-60.697693,46.4,339
2,2026-06-06T02:00,60.070297,-60.697693,45.2,338
3,2026-06-06T03:00,60.070297,-60.697693,45.2,338
4,2026-06-06T04:00,60.070297,-60.697693,43.7,339
5,2026-06-06T05:00,60.070297,-60.697693,41.0,339
6,2026-06-06T06:00,60.070297,-60.697693,39.2,337
7,2026-06-06T07:00,60.070297,-60.697693,37.0,335
8,2026-06-06T08:00,60.070297,-60.697693,34.4,335
9,2026-06-06T09:00,60.070297,-60.697693,33.3,334
10,2026-06-06T10:00,60.070297,-60.697693,31.1,332
11,2026-06-06T11:00,60.070297,-60.697693,30.7,321
12,2026-06-06T12:00,60.070297,-60.697693,31.4,313
13,2026-06-06T13:00,60.070297,-60.697693,33.1,314
14,2026-06-06T14:00,60.070297,-60.697693,34.9,319
15,2026-06-06T15:00,60.070297,-60.697693,36.0,323
16,2026-06-06T16:00,60.070297,-60.697693,35.0,329
17,2026-06-06T17:00,60.070297,-60.697693,32.2,333
18,2026-06-06T18:00,60.070297,-60.697693,30.6,334
19,2026-06-06T19:00,60.070297,-60.697693,29.5,333
20,2026-06-06T20:00,60.070297,-60.697693,29.0,330
21,2026-06-06T21:00,60.070297,-60.697693,30.7,329
22,2026-06-06T22:00,60.070297,-60.697693,34.6,326
23,2026-06-06T23:00,60.070297,-60.697693,39.3,329
24,2026-06-07T00:00,60.070297,-60.697693,43.5,336
25,2026-06-07T01:00,60.070297,-60.697693,46.3,343
26,2026-06-07T02:00,60.070297,-60.697693,46.4,350
27,2026-06-07T03:00,60.070297,-60.697693,45.9,354
28,2026-06-07T04:00,60.070297,-60.697693,49.6,353
29,2026-06-07T05:00,60.070297,-60.697693,53.0,355
30,2026-06-07T06:00,60.070297,-60.697693,55.2,359
31,2026-06-07T07:00,60.070297,-60.697693,60.0,360
32,2026-06-07T08:00,60.070297,-60.697693,63.6,2
33,2026-06-07T09:00,60.070297,-60.697693,68.5,3
34,2026-06-07T10:00,60.070297,-60.697693,75.9,5
35,2026-06-07T11:00,60.070297,-60.697693,79.9,8
36,2026-06-07T12:00,60.070297,-60.697693,83.4,7
37,2026-06-07T13:00,60.070297,-60.697693,84.5,7
38,2026-06-07T14:00,60.070297,-60.697693,86.9,6
39,2026-06-07T15:00,60.070297,-60.697693,94.0,5
40,2026-06-07T16:00,60.070297,-60.697693,104.6,4
41,2026-06-07T17:00,60.070297,-60.697693,104.5,2
42,2026-06-07T18:00,60.070297,-60.697693,99.6,1
43,2026-06-07T19:00,60.070297,-60.697693,93.6,360
44,2026-06-07T20:00,60.070297,-60.697693,90.0,359
45,2026-06-07T21:00,60.070297,-60.697693,84.0,1
46,2026-06-07T22:00,60.070297,-60.697693,73.2,360
47,2026-06-07T23:00,60.070297,-60.697693,62.5,357
0,2026-06-06T00:00,59.9297,-55.0,23.6,15
1,2026-06-06T01:00,59.9297,-55.0,23.9,18
2,2026-06-06T02:00,59.9297,-55.0,23.9,18
3,2026-06-06T03:00,59.9297,-55.0,24.7,14
4,2026-06-06T04:00,59.9297,-55.0,25.7,11
5,2026-06-06T05:00,59.9297,-55.0,26.8,10
6,2026-06-06T06:00,59.9297,-55.0,28.0,10
7,2026-06-06T07:00,59.9297,-55.0,26.6,8
8,2026-06-06T08:00,59.9297,-55.0,25.5,8
9,2026-06-06T09:00,59.9297,-55.0,24.1,6
10,2026-06-06T10:00,59.9297,-55.0,24.1,6
11,2026-06-06T11:00,59.9297,-55.0,24.1,6
12,2026-06-06T12:00,59.9297,-55.0,21.7,6
13,2026-06-06T13:00,59.9297,-55.0,20.4,3
14,2026-06-06T14:00,59.9297,-55.0,18.0,4
15,2026-06-06T15:00,59.9297,-55.0,16.8,4
16,2026-06-06T16:00,59.9297,-55.0,14.4,355
17,2026-06-06T17:00,59.9297,-55.0,13.7,345
18,2026-06-06T18:00,59.9297,-55.0,14.0,340
19,2026-06-06T19:00,59.9297,-55.0,14.5,336
20,2026-06-06T20:00,59.9297,-55.0,15.2,342
21,2026-06-06T21:00,59.9297,-55.0,14.8,346
22,2026-06-06T22:00,59.9297,-55.0,14.8,346
23,2026-06-06T23:00,59.9297,-55.0,15.6,337
24,2026-06-07T00:00,59.9297,-55.0,15.6,328
25,2026-06-07T01:00,59.9297,-55.0,16.7,330
26,2026-06-07T02:00,59.9297,-55.0,17.7,332
27,2026-06-07T03:00,59.9297,-55.0,18.3,337
28,2026-06-07T04:00,59.9297,-55.0,20.1,343
29,2026-06-07T05:00,59.9297,-55.0,21.0,347
30,2026-06-07T06:00,59.9297,-55.0,20.7,350
31,2026-06-07T07:00,59.9297,-55.0,21.0,347
32,2026-06-07T08:00,59.9297,-55.0,22.1,347
33,2026-06-07T09:00,59.9297,-55.0,25.7,349
34,2026-06-07T10:00,59.9297,-55.0,27.8,353
35,2026-06-07T11:00,59.9297,-55.0,31.3,356
36,2026-06-07T12:00,59.9297,-55.0,32.5,356
37,2026-06-07T13:00,59.9297,-55.0,34.8,358
38,2026-06-07T14:00,59.9297,-55.0,37.2,358
39,2026-06-07T15:00,59.9297,-55.0,39.6,358
40,2026-06-07T16:00,59.9297,-55.0,44.4,358
41,2026-06-07T17:00,59.9297,-55.0,49.2,1
42,2026-06-07T18:00,59.9297,-55.0,54.1,4
43,2026-06-07T19:00,59.9297,-55.0,61.5,6
44,2026-06-07T20:00,59.9297,-55.0,68.1,9
45,2026-06-07T21:00,59.9297,-55.0,73.4,11
46,2026-06-07T22:00,59.9297,-55.0,81.2,13
47,2026-06-07T23:00,59.9297,-55.0,85.6,15
