hour,time,lat,lon,speed_kmh,dir_deg
0,2026-06-06T00:00,26.003023,-123.00692,26.4,5
1,2026-06-06T01:00,26.003023,-123.00692,26.3,3
2,2026-06-06T02:00,26.003023,-123.00692,25.7,6
3,2026-06-06T03:00,26.003023,-123.00692,25.8,7
4,2026-06-06T04:00,26.003023,-123.00692,25.4,7
5,2026-06-06T05:00,26.003023,-123.00692,25.1,8
6,2026-06-06T06:00,26.003023,-123.00692,24.9,11
7,2026-06-06T07:00,26.003023,-123.00692,23.9,11
8,2026-06-06T08:00,26.003023,-123.00692,22.6,9
9,2026-06-06T09:00,26.003023,-123.00692,20.6,5
10,2026-06-06T10:00,26.003023,-123.00692,19.8,1
11,2026-06-06T11:00,26.003023,-123.00692,20.3,354
12,2026-06-06T12:00,26.003023,-123.00692,22.2,347
13,2026-06-06T13:00,26.003023,-123.00692,19.9,355
14,2026-06-06T14:00,26.003023,-123.00692,21.5,351
15,2026-06-06T15:00,26.003023,-123.00692,24.0,347
16,2026-06-06T16:00,26.003023,-123.00692,23.8,350
17,2026-06-06T17:00,26.003023,-123.00692,19.8,341
18,2026-06-06T18:00,26.003023,-123.00692,25.1,335
19,2026-06-06T19:00,26.003023,-123.00692,24.7,352
20,2026-06-06T20:00,26.003023,-123.00692,27.8,350
21,2026-06-06T21:00,26.003023,-123.00692,26.0,350
22,2026-06-06T22:00,26.003023,-123.00692,28.6,355
23,2026-06-06T23:00,26.003023,-123.00692,25.6,360
24,2026-06-07T00:00,26.003023,-123.00692,26.0,5
25,2026-06-07T01:00,26.003023,-123.00692,27.1,5
26,2026-06-07T02:00,26.003023,-123.00692,22.1,22
27,2026-06-07T03:00,26.003023,-123.00692,27.5,14
28,2026-06-07T04:00,26.003023,-123.00692,30.4,5
29,2026-06-07T05:00,26.003023,-123.00692,28.6,19
30,2026-06-07T06:00,26.003023,-123.00692,27.6,12
31,2026-06-07T07:00,26.003023,-123.00692,25.5,22
32,2026-06-07T08:00,26.003023,-123.00692,25.5,22
33,2026-06-07T09:00,26.003023,-123.00692,24.3,24
34,2026-06-07T10:00,26.003023,-123.00692,26.5,15
35,2026-06-07T11:00,26.003023,-123.00692,25.2,14
36,2026-06-07T12:00,26.003023,-123.00692,27.3,13
37,2026-06-07T13:00,26.003023,-123.00692,28.1,16
38,2026-06-07T14:00,26.003023,-123.00692,27.9,17
39,2026-06-07T15:00,26.003023,-123.00692,25.8,15
40,2026-06-07T16:00,26.003023,-123.00692,23.2,16
41,2026-06-07T17:00,26.003023,-123.00692,23.3,22
42,2026-06-07T18:00,26.003023,-123.00692,17.9,15
43,2026-06-07T19:00,26.003023,-123.00692,23.9,5
44,2026-06-07T20:00,26.003023,-123.00692,21.8,8
45,2026-06-07T21:00,26.003023,-123.00692,30.8,14
46,2026-06-07T22:00,26.003023,-123.00692,30.5,17
47,2026-06-07T23:00,26.003023,-123.00692,29.1,15
0,2026-06-06T00:00,26.009909,-119.15623,20.7,352
1,2026-06-06T01:00,26.009909,-119.15623,20.3,354
2,2026-06-06T02:00,26.009909,-119.15623,18.8,356
3,2026-06-06T03:00,26.009909,-119.15623,17.0,355
4,2026-06-06T04:00,26.009909,-119.15623,16.4,351
5,2026-06-06T05:00,26.009909,-119.15623,13.9,350
6,2026-06-06T06:00,26.009909,-119.15623,14.7,349
7,2026-06-06T07:00,26.009909,-119.15623,14.8,347
8,2026-06-06T08:00,26.009909,-119.15623,16.3,335
9,2026-06-06T09:00,26.009909,-119.15623,9.0,337
10,2026-06-06T10:00,26.009909,-119.15623,7.1,330
11,2026-06-06T11:00,26.009909,-119.15623,14.4,338
12,2026-06-06T12:00,26.009909,-119.15623,12.3,308
13,2026-06-06T13:00,26.009909,-119.15623,15.5,316
14,2026-06-06T14:00,26.009909,-119.15623,10.8,334
15,2026-06-06T15:00,26.009909,-119.15623,13.8,345
16,2026-06-06T16:00,26.009909,-119.15623,14.0,331
17,2026-06-06T17:00,26.009909,-119.15623,17.2,331
18,2026-06-06T18:00,26.009909,-119.15623,14.3,332
19,2026-06-06T19:00,26.009909,-119.15623,15.1,308
20,2026-06-06T20:00,26.009909,-119.15623,18.4,310
21,2026-06-06T21:00,26.009909,-119.15623,18.3,315
22,2026-06-06T22:00,26.009909,-119.15623,17.7,321
23,2026-06-06T23:00,26.009909,-119.15623,15.3,315
24,2026-06-07T00:00,26.009909,-119.15623,19.2,308
25,2026-06-07T01:00,26.009909,-119.15623,16.5,328
26,2026-06-07T02:00,26.009909,-119.15623,14.7,335
27,2026-06-07T03:00,26.009909,-119.15623,13.4,329
28,2026-06-07T04:00,26.009909,-119.15623,14.0,314
29,2026-06-07T05:00,26.009909,-119.15623,11.6,300
30,2026-06-07T06:00,26.009909,-119.15623,11.5,309
31,2026-06-07T07:00,26.009909,-119.15623,13.8,311
32,2026-06-07T08:00,26.009909,-119.15623,10.6,298
33,2026-06-07T09:00,26.009909,-119.15623,12.0,314
34,2026-06-07T10:00,26.009909,-119.15623,8.7,312
35,2026-06-07T11:00,26.009909,-119.15623,6.0,295
36,2026-06-07T12:00,26.009909,-119.15623,14.3,315
37,2026-06-07T13:00,26.009909,-119.15623,12.7,317
38,2026-06-07T14:00,26.009909,-119.15623,14.9,302
39,2026-06-07T15:00,26.009909,-119.15623,8.4,313
40,2026-06-07T16:00,26.009909,-119.15623,14.3,304
41,2026-06-07T17:00,26.009909,-119.15623,7.3,290
42,2026-06-07T18:00,26.009909,-119.15623,10.2,302
43,2026-06-07T19:00,26.009909,-119.15623,11.4,294
44,2026-06-07T20:00,26.009909,-119.15623,17.5,302
45,2026-06-07T21:00,26.009909,-119.15623,17.5,351
46,2026-06-07T22:00,26.009909,-119.15623,11.9,346
47,2026-06-07T23:00,26.009909,-119.15623,10.1,333
0,2026-06-06T00:00,26.011698,-115.28223,15.3,333
1,2026-06-06T01:00,26.011698,-115.28223,16.6,326
2,2026-06-06T02:00,26.011698,-115.28223,16.4,320
3,2026-06-06T03:00,26.011698,-115.28223,17.1,319
4,2026-06-06T04:00,26.011698,-115.28223,17.6,317
5,2026-06-06T05:00,26.011698,-115.28223,15.5,329
6,2026-06-06T06:00,26.011698,-115.28223,13.2,338
7,2026-06-06T07:00,26.011698,-115.28223,13.2,334
8,2026-06-06T08:00,26.011698,-115.28223,14.4,338
9,2026-06-06T09:00,26.011698,-115.28223,15.7,340
10,2026-06-06T10:00,26.011698,-115.28223,12.8,338
11,2026-06-06T11:00,26.011698,-115.28223,12.6,336
12,2026-06-06T12:00,26.011698,-115.28223,7.8,338
13,2026-06-06T13:00,26.011698,-115.28223,6.4,344
14,2026-06-06T14:00,26.011698,-115.28223,11.0,308
15,2026-06-06T15:00,26.011698,-115.28223,5.6,255
16,2026-06-06T16:00,26.011698,-115.28223,3.3,229
17,2026-06-06T17:00,26.011698,-115.28223,3.3,257
18,2026-06-06T18:00,26.011698,-115.28223,7.6,265
19,2026-06-06T19:00,26.011698,-115.28223,7.2,288
20,2026-06-06T20:00,26.011698,-115.28223,7.7,307
21,2026-06-06T21:00,26.011698,-115.28223,5.4,307
22,2026-06-06T22:00,26.011698,-115.28223,9.4,313
23,2026-06-06T23:00,26.011698,-115.28223,11.2,303
24,2026-06-07T00:00,26.011698,-115.28223,12.4,306
25,2026-06-07T01:00,26.011698,-115.28223,12.6,323
26,2026-06-07T02:00,26.011698,-115.28223,13.0,321
27,2026-06-07T03:00,26.011698,-115.28223,13.3,322
28,2026-06-07T04:00,26.011698,-115.28223,14.3,317
29,2026-06-07T05:00,26.011698,-115.28223,12.2,304
30,2026-06-07T06:00,26.011698,-115.28223,9.4,320
31,2026-06-07T07:00,26.011698,-115.28223,11.8,297
32,2026-06-07T08:00,26.011698,-115.28223,8.2,308
33,2026-06-07T09:00,26.011698,-115.28223,9.2,329
34,2026-06-07T10:00,26.011698,-115.28223,1.8,323
35,2026-06-07T11:00,26.011698,-115.28223,5.6,320
36,2026-06-07T12:00,26.011698,-115.28223,7.3,349
37,2026-06-07T13:00,26.011698,-115.28223,6.0,335
38,2026-06-07T14:00,26.011698,-115.28223,6.6,292
39,2026-06-07T15:00,26.011698,-115.28223,2.5,82
40,2026-06-07T16:00,26.011698,-115.28223,0.8,153
41,2026-06-07T17:00,26.011698,-115.28223,0.4,270
42,2026-06-07T18:00,26.011698,-115.28223,0.0,270
43,2026-06-07T19:00,26.011698,-115.28223,4.3,228
44,2026-06-07T20:00,26.011698,-115.28223,9.5,189
45,2026-06-07T21:00,26.011698,-115.28223,7.6,205
46,2026-06-07T22:00,26.011698,-115.28223,5.4,222
47,2026-06-07T23:00,26.011698,-115.28223,9.8,234
0,2026-06-06T00:00,25.997423,-111.437004,14.3,137
1,2026-06-06T01:00,25.997423,-111.437004,13.3,229
2,2026-06-06T02:00,25.997423,-111.437004,21.8,257
3,2026-06-06T03:00,25.997423,-111.437004,20.4,256
4,2026-06-06T04:00,25.997423,-111.437004,20.6,258
5,2026-06-06T05:00,25.997423,-111.437004,22.9,257
6,2026-06-06T06:00,25.997423,-111.437004,23.9,254
7,2026-06-06T07:00,25.997423,-111.437004,22.7,255
8,2026-06-06T08:00,25.997423,-111.437004,22.2,253
9,2026-06-06T09:00,25.997423,-111.437004,20.1,255
10,2026-06-06T10:00,25.997423,-111.437004,18.5,257
11,2026-06-06T11:00,25.997423,-111.437004,13.5,261
12,2026-06-06T12:00,25.997423,-111.437004,10.5,262
13,2026-06-06T13:00,25.997423,-111.437004,7.3,259
14,2026-06-06T14:00,25.997423,-111.437004,2.2,270
15,2026-06-06T15:00,25.997423,-111.437004,7.2,177
16,2026-06-06T16:00,25.997423,-111.437004,8.4,170
17,2026-06-06T17:00,25.997423,-111.437004,12.8,122
18,2026-06-06T18:00,25.997423,-111.437004,16.3,115
19,2026-06-06T19:00,25.997423,-111.437004,19.8,119
20,2026-06-06T20:00,25.997423,-111.437004,21.0,125
21,2026-06-06T21:00,25.997423,-111.437004,19.2,120
22,2026-06-06T22:00,25.997423,-111.437004,21.1,127
23,2026-06-06T23:00,25.997423,-111.437004,9.8,197
24,2026-06-07T00:00,25.997423,-111.437004,24.4,248
25,2026-06-07T01:00,25.997423,-111.437004,26.8,253
26,2026-06-07T02:00,25.997423,-111.437004,26.9,254
27,2026-06-07T03:00,25.997423,-111.437004,25.9,254
28,2026-06-07T04:00,25.997423,-111.437004,25.2,253
29,2026-06-07T05:00,25.997423,-111.437004,23.1,256
30,2026-06-07T06:00,25.997423,-111.437004,21.3,254
31,2026-06-07T07:00,25.997423,-111.437004,22.0,255
32,2026-06-07T08:00,25.997423,-111.437004,23.3,253
33,2026-06-07T09:00,25.997423,-111.437004,24.1,250
34,2026-06-07T10:00,25.997423,-111.437004,24.7,249
35,2026-06-07T11:00,25.997423,-111.437004,27.9,250
36,2026-06-07T12:00,25.997423,-111.437004,30.8,249
37,2026-06-07T13:00,25.997423,-111.437004,31.2,249
38,2026-06-07T14:00,25.997423,-111.437004,29.2,246
39,2026-06-07T15:00,25.997423,-111.437004,25.1,241
40,2026-06-07T16:00,25.997423,-111.437004,24.3,241
41,2026-06-07T17:00,25.997423,-111.437004,23.2,237
42,2026-06-07T18:00,25.997423,-111.437004,21.4,241
43,2026-06-07T19:00,25.997423,-111.437004,21.8,248
44,2026-06-07T20:00,25.997423,-111.437004,21.9,247
45,2026-06-07T21:00,25.997423,-111.437004,24.5,250
46,2026-06-07T22:00,25.997423,-111.437004,26.9,250
47,2026-06-07T23:00,25.997423,-111.437004,28.1,251
0,2026-06-06T00:00,26.002012,-107.56076,20.8,242
1,2026-06-06T01:00,26.002012,-107.56076,20.0,244
2,2026-06-06T02:00,26.002012,-107.56076,15.4,254
3,2026-06-06T03:00,26.002012,-107.56076,12.2,304
4,2026-06-06T04:00,26.002012,-107.56076,9.7,321
5,2026-06-06T05:00,26.002012,-107.56076,8.2,322
6,2026-06-06T06:00,26.002012,-107.56076,7.9,321
7,2026-06-06T07:00,26.002012,-107.56076,4.8,318
8,2026-06-06T08:00,26.002012,-107.56076,2.3,231
9,2026-06-06T09:00,26.002012,-107.56076,6.1,183
10,2026-06-06T10:00,26.002012,-107.56076,6.5,180
11,2026-06-06T11:00,26.002012,-107.56076,7.2,186
12,2026-06-06T12:00,26.002012,-107.56076,6.6,189
13,2026-06-06T13:00,26.002012,-107.56076,1.9,202
14,2026-06-06T14:00,26.002012,-107.56076,6.0,343
15,2026-06-06T15:00,26.002012,-107.56076,5.5,11
16,2026-06-06T16:00,26.002012,-107.56076,5.4,37
17,2026-06-06T17:00,26.002012,-107.56076,5.0,21
18,2026-06-06T18:00,26.002012,-107.56076,9.5,335
19,2026-06-06T19:00,26.002012,-107.56076,13.7,288
20,2026-06-06T20:00,26.002012,-107.56076,16.7,284
21,2026-06-06T21:00,26.002012,-107.56076,17.7,275
22,2026-06-06T22:00,26.002012,-107.56076,19.9,265
23,2026-06-06T23:00,26.002012,-107.56076,19.7,262
24,2026-06-07T00:00,26.002012,-107.56076,21.2,260
25,2026-06-07T01:00,26.002012,-107.56076,22.2,262
26,2026-06-07T02:00,26.002012,-107.56076,21.3,264
27,2026-06-07T03:00,26.002012,-107.56076,16.2,270
28,2026-06-07T04:00,26.002012,-107.56076,11.1,299
29,2026-06-07T05:00,26.002012,-107.56076,6.3,329
30,2026-06-07T06:00,26.002012,-107.56076,4.5,331
31,2026-06-07T07:00,26.002012,-107.56076,7.2,323
32,2026-06-07T08:00,26.002012,-107.56076,5.4,318
33,2026-06-07T09:00,26.002012,-107.56076,8.8,325
34,2026-06-07T10:00,26.002012,-107.56076,5.5,328
35,2026-06-07T11:00,26.002012,-107.56076,4.3,318
36,2026-06-07T12:00,26.002012,-107.56076,6.8,360
37,2026-06-07T13:00,26.002012,-107.56076,6.3,336
38,2026-06-07T14:00,26.002012,-107.56076,5.8,360
39,2026-06-07T15:00,26.002012,-107.56076,6.4,27
40,2026-06-07T16:00,26.002012,-107.56076,6.5,354
41,2026-06-07T17:00,26.002012,-107.56076,12.4,343
42,2026-06-07T18:00,26.002012,-107.56076,14.0,337
43,2026-06-07T19:00,26.002012,-107.56076,19.6,284
44,2026-06-07T20:00,26.002012,-107.56076,21.5,279
45,2026-06-07T21:00,26.002012,-107.56076,20.3,277
46,2026-06-07T22:00,26.002012,-107.56076,20.2,274
47,2026-06-07T23:00,26.002012,-107.56076,18.7,268
0,2026-06-06T00:00,25.9898,-103.73007,13.0,93
1,2026-06-06T01:00,25.9898,-103.73007,11.5,122
2,2026-06-06T02:00,25.9898,-103.73007,8.5,126
3,2026-06-06T03:00,25.9898,-103.73007,8.3,124
4,2026-06-06T04:00,25.9898,-103.73007,10.0,131
5,2026-06-06T05:00,25.9898,-103.73007,10.8,150
6,2026-06-06T06:00,25.9898,-103.73007,10.1,174
7,2026-06-06T07:00,25.9898,-103.73007,11.2,178
8,2026-06-06T08:00,25.9898,-103.73007,18.5,119
9,2026-06-06T09:00,25.9898,-103.73007,19.2,118
10,2026-06-06T10:00,25.9898,-103.73007,16.2,111
11,2026-06-06T11:00,25.9898,-103.73007,15.6,130
12,2026-06-06T12:00,25.9898,-103.73007,11.3,149
13,2026-06-06T13:00,25.9898,-103.73007,9.4,157
14,2026-06-06T14:00,25.9898,-103.73007,15.3,135
15,2026-06-06T15:00,25.9898,-103.73007,13.0,141
16,2026-06-06T16:00,25.9898,-103.73007,5.8,112
17,2026-06-06T17:00,25.9898,-103.73007,7.5,35
18,2026-06-06T18:00,25.9898,-103.73007,10.9,8
19,2026-06-06T19:00,25.9898,-103.73007,12.0,9
20,2026-06-06T20:00,25.9898,-103.73007,13.1,352
21,2026-06-06T21:00,25.9898,-103.73007,15.3,345
22,2026-06-06T22:00,25.9898,-103.73007,16.3,6
23,2026-06-06T23:00,25.9898,-103.73007,10.6,28
24,2026-06-07T00:00,25.9898,-103.73007,11.2,45
25,2026-06-07T01:00,25.9898,-103.73007,10.7,42
26,2026-06-07T02:00,25.9898,-103.73007,9.4,88
27,2026-06-07T03:00,25.9898,-103.73007,9.5,119
28,2026-06-07T04:00,25.9898,-103.73007,11.1,144
29,2026-06-07T05:00,25.9898,-103.73007,23.8,110
30,2026-06-07T06:00,25.9898,-103.73007,21.3,114
31,2026-06-07T07:00,25.9898,-103.73007,17.2,127
32,2026-06-07T08:00,25.9898,-103.73007,15.9,129
33,2026-06-07T09:00,25.9898,-103.73007,14.8,131
34,2026-06-07T10:00,25.9898,-103.73007,13.2,125
35,2026-06-07T11:00,25.9898,-103.73007,11.2,135
36,2026-06-07T12:00,25.9898,-103.73007,8.2,139
37,2026-06-07T13:00,25.9898,-103.73007,6.7,234
38,2026-06-07T14:00,25.9898,-103.73007,15.2,275
39,2026-06-07T15:00,25.9898,-103.73007,24.0,311
40,2026-06-07T16:00,25.9898,-103.73007,24.2,323
41,2026-06-07T17:00,25.9898,-103.73007,17.9,330
42,2026-06-07T18:00,25.9898,-103.73007,13.6,338
43,2026-06-07T19:00,25.9898,-103.73007,10.1,2
44,2026-06-07T20:00,25.9898,-103.73007,11.4,35
45,2026-06-07T21:00,25.9898,-103.73007,12.2,56
46,2026-06-07T22:00,25.9898,-103.73007,15.2,76
47,2026-06-07T23:00,25.9898,-103.73007,9.8,96
0,2026-06-06T00:00,25.993979,-99.85307,12.7,105
1,2026-06-06T01:00,25.993979,-99.85307,11.9,88
2,2026-06-06T02:00,25.993979,-99.85307,4.1,142
3,2026-06-06T03:00,25.993979,-99.85307,5.0,201
4,2026-06-06T04:00,25.993979,-99.85307,8.3,185
5,2026-06-06T05:00,25.993979,-99.85307,10.3,205
6,2026-06-06T06:00,25.993979,-99.85307,10.7,194
7,2026-06-06T07:00,25.993979,-99.85307,11.7,191
8,2026-06-06T08:00,25.993979,-99.85307,12.0,189
9,2026-06-06T09:00,25.993979,-99.85307,13.8,186
10,2026-06-06T10:00,25.993979,-99.85307,13.6,202
11,2026-06-06T11:00,25.993979,-99.85307,11.8,200
12,2026-06-06T12:00,25.993979,-99.85307,11.2,201
13,2026-06-06T13:00,25.993979,-99.85307,14.0,198
14,2026-06-06T14:00,25.993979,-99.85307,13.7,194
15,2026-06-06T15:00,25.993979,-99.85307,10.4,182
16,2026-06-06T16:00,25.993979,-99.85307,9.4,162
17,2026-06-06T17:00,25.993979,-99.85307,9.2,132
18,2026-06-06T18:00,25.993979,-99.85307,12.1,113
19,2026-06-06T19:00,25.993979,-99.85307,13.0,96
20,2026-06-06T20:00,25.993979,-99.85307,13.0,93
21,2026-06-06T21:00,25.993979,-99.85307,12.5,108
22,2026-06-06T22:00,25.993979,-99.85307,16.0,104
23,2026-06-06T23:00,25.993979,-99.85307,15.4,123
24,2026-06-07T00:00,25.993979,-99.85307,12.5,131
25,2026-06-07T01:00,25.993979,-99.85307,7.7,127
26,2026-06-07T02:00,25.993979,-99.85307,9.4,176
27,2026-06-07T03:00,25.993979,-99.85307,7.6,177
28,2026-06-07T04:00,25.993979,-99.85307,11.0,161
29,2026-06-07T05:00,25.993979,-99.85307,13.7,162
30,2026-06-07T06:00,25.993979,-99.85307,12.2,166
31,2026-06-07T07:00,25.993979,-99.85307,11.7,169
32,2026-06-07T08:00,25.993979,-99.85307,13.7,185
33,2026-06-07T09:00,25.993979,-99.85307,15.5,184
34,2026-06-07T10:00,25.993979,-99.85307,17.7,185
35,2026-06-07T11:00,25.993979,-99.85307,18.0,183
36,2026-06-07T12:00,25.993979,-99.85307,16.3,198
37,2026-06-07T13:00,25.993979,-99.85307,17.7,204
38,2026-06-07T14:00,25.993979,-99.85307,16.8,203
39,2026-06-07T15:00,25.993979,-99.85307,14.1,186
40,2026-06-07T16:00,25.993979,-99.85307,12.6,177
41,2026-06-07T17:00,25.993979,-99.85307,12.1,168
42,2026-06-07T18:00,25.993979,-99.85307,12.8,158
43,2026-06-07T19:00,25.993979,-99.85307,13.4,149
44,2026-06-07T20:00,25.993979,-99.85307,12.3,142
45,2026-06-07T21:00,25.993979,-99.85307,12.6,127
46,2026-06-07T22:00,25.993979,-99.85307,12.0,123
47,2026-06-07T23:00,25.993979,-99.85307,13.4,121
0,2026-06-06T00:00,26.010183,-96.009,12.2,161
1,2026-06-06T01:00,26.010183,-96.009,11.3,158
2,2026-06-06T02:00,26.010183,-96.009,14.0,151
3,2026-06-06T03:00,26.010183,-96.009,15.6,154
4,2026-06-06T04:00,26.010183,-96.009,19.3,156
5,2026-06-06T05:00,26.010183,-96.009,19.0,161
6,2026-06-06T06:00,26.010183,-96.009,19.9,158
7,2026-06-06T07:00,26.010183,-96.009,19.6,163
8,2026-06-06T08:00,26.010183,-96.009,19.0,170
9,2026-06-06T09:00,26.010183,-96.009,20.0,166
10,2026-06-06T10:00,26.010183,-96.009,21.3,169
11,2026-06-06T11:00,26.010183,-96.009,20.2,158
12,2026-06-06T12:00,26.010183,-96.009,19.8,153
13,2026-06-06T13:00,26.010183,-96.009,19.7,149
14,2026-06-06T14:00,26.010183,-96.009,21.1,157
15,2026-06-06T15:00,26.010183,-96.009,22.9,138
16,2026-06-06T16:00,26.010183,-96.009,17.9,161
17,2026-06-06T17:00,26.010183,-96.009,16.6,153
18,2026-06-06T18:00,26.010183,-96.009,14.8,119
19,2026-06-06T19:00,26.010183,-96.009,14.8,129
20,2026-06-06T20:00,26.010183,-96.009,13.2,137
21,2026-06-06T21:00,26.010183,-96.009,19.3,114
22,2026-06-06T22:00,26.010183,-96.009,22.5,131
23,2026-06-06T23:00,26.010183,-96.009,18.5,147
24,2026-06-07T00:00,26.010183,-96.009,26.3,140
25,2026-06-07T01:00,26.010183,-96.009,24.1,141
26,2026-06-07T02:00,26.010183,-96.009,25.0,144
27,2026-06-07T03:00,26.010183,-96.009,29.9,140
28,2026-06-07T04:00,26.010183,-96.009,26.3,140
29,2026-06-07T05:00,26.010183,-96.009,25.8,144
30,2026-06-07T06:00,26.010183,-96.009,27.8,149
31,2026-06-07T07:00,26.010183,-96.009,25.8,155
32,2026-06-07T08:00,26.010183,-96.009,28.1,159
33,2026-06-07T09:00,26.010183,-96.009,32.2,160
34,2026-06-07T10:00,26.010183,-96.009,30.2,163
35,2026-06-07T11:00,26.010183,-96.009,30.7,162
36,2026-06-07T12:00,26.010183,-96.009,30.1,161
37,2026-06-07T13:00,26.010183,-96.009,33.6,134
38,2026-06-07T14:00,26.010183,-96.009,36.5,174
39,2026-06-07T15:00,26.010183,-96.009,43.4,147
40,2026-06-07T16:00,26.010183,-96.009,35.8,150
41,2026-06-07T17:00,26.010183,-96.009,32.2,152
42,2026-06-07T18:00,26.010183,-96.009,36.0,162
43,2026-06-07T19:00,26.010183,-96.009,29.7,159
44,2026-06-07T20:00,26.010183,-96.009,30.6,160
45,2026-06-07T21:00,26.010183,-96.009,24.5,163
46,2026-06-07T22:00,26.010183,-96.009,25.3,160
47,2026-06-07T23:00,26.010183,-96.009,24.7,157
0,2026-06-06T00:00,26.012272,-92.13232,12.3,128
1,2026-06-06T01:00,26.012272,-92.13232,15.3,131
2,2026-06-06T02:00,26.012272,-92.13232,17.6,133
3,2026-06-06T03:00,26.012272,-92.13232,20.9,138
4,2026-06-06T04:00,26.012272,-92.13232,19.4,140
5,2026-06-06T05:00,26.012272,-92.13232,19.2,140
6,2026-06-06T06:00,26.012272,-92.13232,21.2,140
7,2026-06-06T07:00,26.012272,-92.13232,23.8,142
8,2026-06-06T08:00,26.012272,-92.13232,24.9,149
9,2026-06-06T09:00,26.012272,-92.13232,28.3,146
10,2026-06-06T10:00,26.012272,-92.13232,28.4,150
11,2026-06-06T11:00,26.012272,-92.13232,27.4,153
12,2026-06-06T12:00,26.012272,-92.13232,26.7,153
13,2026-06-06T13:00,26.012272,-92.13232,31.9,156
14,2026-06-06T14:00,26.012272,-92.13232,27.2,165
15,2026-06-06T15:00,26.012272,-92.13232,33.8,158
16,2026-06-06T16:00,26.012272,-92.13232,32.2,156
17,2026-06-06T17:00,26.012272,-92.13232,31.9,160
18,2026-06-06T18:00,26.012272,-92.13232,31.7,163
19,2026-06-06T19:00,26.012272,-92.13232,31.6,165
20,2026-06-06T20:00,26.012272,-92.13232,29.1,162
21,2026-06-06T21:00,26.012272,-92.13232,28.9,159
22,2026-06-06T22:00,26.012272,-92.13232,28.9,166
23,2026-06-06T23:00,26.012272,-92.13232,27.9,165
24,2026-06-07T00:00,26.012272,-92.13232,28.5,154
25,2026-06-07T01:00,26.012272,-92.13232,28.2,153
26,2026-06-07T02:00,26.012272,-92.13232,29.6,148
27,2026-06-07T03:00,26.012272,-92.13232,29.9,149
28,2026-06-07T04:00,26.012272,-92.13232,26.5,146
29,2026-06-07T05:00,26.012272,-92.13232,32.3,136
30,2026-06-07T06:00,26.012272,-92.13232,31.7,140
31,2026-06-07T07:00,26.012272,-92.13232,32.9,143
32,2026-06-07T08:00,26.012272,-92.13232,34.1,144
33,2026-06-07T09:00,26.012272,-92.13232,31.7,148
34,2026-06-07T10:00,26.012272,-92.13232,33.5,148
35,2026-06-07T11:00,26.012272,-92.13232,35.3,153
36,2026-06-07T12:00,26.012272,-92.13232,32.6,145
37,2026-06-07T13:00,26.012272,-92.13232,31.2,144
38,2026-06-07T14:00,26.012272,-92.13232,29.7,149
39,2026-06-07T15:00,26.012272,-92.13232,29.8,160
40,2026-06-07T16:00,26.012272,-92.13232,30.6,155
41,2026-06-07T17:00,26.012272,-92.13232,28.8,148
42,2026-06-07T18:00,26.012272,-92.13232,25.8,152
43,2026-06-07T19:00,26.012272,-92.13232,28.0,148
44,2026-06-07T20:00,26.012272,-92.13232,28.4,147
45,2026-06-07T21:00,26.012272,-92.13232,27.4,145
46,2026-06-07T22:00,26.012272,-92.13232,27.6,147
47,2026-06-07T23:00,26.012272,-92.13232,26.2,148
0,2026-06-06T00:00,26.001602,-88.276794,17.9,161
1,2026-06-06T01:00,26.001602,-88.276794,19.2,152
2,2026-06-06T02:00,26.001602,-88.276794,23.8,145
3,2026-06-06T03:00,26.001602,-88.276794,25.2,138
4,2026-06-06T04:00,26.001602,-88.276794,26.5,133
5,2026-06-06T05:00,26.001602,-88.276794,27.6,130
6,2026-06-06T06:00,26.001602,-88.276794,27.3,138
7,2026-06-06T07:00,26.001602,-88.276794,26.9,141
8,2026-06-06T08:00,26.001602,-88.276794,29.7,147
9,2026-06-06T09:00,26.001602,-88.276794,29.7,144
10,2026-06-06T10:00,26.001602,-88.276794,30.4,146
11,2026-06-06T11:00,26.001602,-88.276794,29.7,144
12,2026-06-06T12:00,26.001602,-88.276794,26.8,144
13,2026-06-06T13:00,26.001602,-88.276794,27.7,145
14,2026-06-06T14:00,26.001602,-88.276794,24.4,135
15,2026-06-06T15:00,26.001602,-88.276794,25.3,114
16,2026-06-06T16:00,26.001602,-88.276794,17.6,195
17,2026-06-06T17:00,26.001602,-88.276794,33.7,127
18,2026-06-06T18:00,26.001602,-88.276794,14.5,136
19,2026-06-06T19:00,26.001602,-88.276794,31.6,127
20,2026-06-06T20:00,26.001602,-88.276794,22.9,164
21,2026-06-06T21:00,26.001602,-88.276794,22.9,164
22,2026-06-06T22:00,26.001602,-88.276794,38.7,204
23,2026-06-06T23:00,26.001602,-88.276794,16.2,197
24,2026-06-07T00:00,26.001602,-88.276794,21.0,96
25,2026-06-07T01:00,26.001602,-88.276794,20.6,161
26,2026-06-07T02:00,26.001602,-88.276794,2.7,247
27,2026-06-07T03:00,26.001602,-88.276794,11.2,48
28,2026-06-07T04:00,26.001602,-88.276794,5.4,138
29,2026-06-07T05:00,26.001602,-88.276794,19.6,134
30,2026-06-07T06:00,26.001602,-88.276794,18.1,125
31,2026-06-07T07:00,26.001602,-88.276794,16.9,130
32,2026-06-07T08:00,26.001602,-88.276794,17.1,118
33,2026-06-07T09:00,26.001602,-88.276794,18.8,110
34,2026-06-07T10:00,26.001602,-88.276794,19.9,112
35,2026-06-07T11:00,26.001602,-88.276794,20.6,115
36,2026-06-07T12:00,26.001602,-88.276794,19.3,117
37,2026-06-07T13:00,26.001602,-88.276794,22.2,117
38,2026-06-07T14:00,26.001602,-88.276794,25.0,117
39,2026-06-07T15:00,26.001602,-88.276794,24.0,120
40,2026-06-07T16:00,26.001602,-88.276794,24.7,113
41,2026-06-07T17:00,26.001602,-88.276794,22.1,118
42,2026-06-07T18:00,26.001602,-88.276794,22.8,111
43,2026-06-07T19:00,26.001602,-88.276794,23.3,110
44,2026-06-07T20:00,26.001602,-88.276794,22.2,115
45,2026-06-07T21:00,26.001602,-88.276794,21.9,115
46,2026-06-07T22:00,26.001602,-88.276794,16.2,111
47,2026-06-07T23:00,26.001602,-88.276794,16.9,106
0,2026-06-06T00:00,26.006355,-84.433136,25.2,99
1,2026-06-06T01:00,26.006355,-84.433136,22.7,110
2,2026-06-06T02:00,26.006355,-84.433136,22.7,117
3,2026-06-06T03:00,26.006355,-84.433136,22.2,117
4,2026-06-06T04:00,26.006355,-84.433136,22.7,113
5,2026-06-06T05:00,26.006355,-84.433136,26.1,110
6,2026-06-06T06:00,26.006355,-84.433136,25.6,114
7,2026-06-06T07:00,26.006355,-84.433136,25.0,115
8,2026-06-06T08:00,26.006355,-84.433136,25.2,109
9,2026-06-06T09:00,26.006355,-84.433136,25.4,108
10,2026-06-06T10:00,26.006355,-84.433136,24.5,112
11,2026-06-06T11:00,26.006355,-84.433136,23.8,115
12,2026-06-06T12:00,26.006355,-84.433136,27.8,100
13,2026-06-06T13:00,26.006355,-84.433136,27.6,105
14,2026-06-06T14:00,26.006355,-84.433136,26.3,103
15,2026-06-06T15:00,26.006355,-84.433136,26.1,102
16,2026-06-06T16:00,26.006355,-84.433136,28.5,94
17,2026-06-06T17:00,26.006355,-84.433136,25.9,89
18,2026-06-06T18:00,26.006355,-84.433136,25.7,84
19,2026-06-06T19:00,26.006355,-84.433136,24.9,85
20,2026-06-06T20:00,26.006355,-84.433136,24.5,87
21,2026-06-06T21:00,26.006355,-84.433136,20.9,89
22,2026-06-06T22:00,26.006355,-84.433136,17.7,85
23,2026-06-06T23:00,26.006355,-84.433136,15.5,90
24,2026-06-07T00:00,26.006355,-84.433136,13.0,95
25,2026-06-07T01:00,26.006355,-84.433136,13.7,88
26,2026-06-07T02:00,26.006355,-84.433136,13.8,96
27,2026-06-07T03:00,26.006355,-84.433136,12.4,107
28,2026-06-07T04:00,26.006355,-84.433136,9.8,107
29,2026-06-07T05:00,26.006355,-84.433136,13.0,90
30,2026-06-07T06:00,26.006355,-84.433136,14.1,103
31,2026-06-07T07:00,26.006355,-84.433136,17.4,96
32,2026-06-07T08:00,26.006355,-84.433136,17.3,89
33,2026-06-07T09:00,26.006355,-84.433136,19.7,72
34,2026-06-07T10:00,26.006355,-84.433136,33.4,119
35,2026-06-07T11:00,26.006355,-84.433136,11.9,90
36,2026-06-07T12:00,26.006355,-84.433136,24.3,78
37,2026-06-07T13:00,26.006355,-84.433136,25.6,76
38,2026-06-07T14:00,26.006355,-84.433136,23.6,82
39,2026-06-07T15:00,26.006355,-84.433136,20.6,96
40,2026-06-07T16:00,26.006355,-84.433136,23.8,93
41,2026-06-07T17:00,26.006355,-84.433136,26.6,91
42,2026-06-07T18:00,26.006355,-84.433136,26.8,84
43,2026-06-07T19:00,26.006355,-84.433136,27.4,88
44,2026-06-07T20:00,26.006355,-84.433136,24.9,87
45,2026-06-07T21:00,26.006355,-84.433136,22.7,86
46,2026-06-07T22:00,26.006355,-84.433136,22.0,91
47,2026-06-07T23:00,26.006355,-84.433136,19.9,95
0,2026-06-06T00:00,25.99659,-80.56895,14.6,50
1,2026-06-06T01:00,25.99659,-80.56895,9.8,73
2,2026-06-06T02:00,25.99659,-80.56895,7.6,82
3,2026-06-06T03:00,25.99659,-80.56895,6.0,65
4,2026-06-06T04:00,25.99659,-80.56895,5.4,42
5,2026-06-06T05:00,25.99659,-80.56895,5.4,70
6,2026-06-06T06:00,25.99659,-80.56895,5.6,63
7,2026-06-06T07:00,25.99659,-80.56895,6.3,59
8,2026-06-06T08:00,25.99659,-80.56895,6.6,49
9,2026-06-06T09:00,25.99659,-80.56895,7.1,24
10,2026-06-06T10:00,25.99659,-80.56895,7.3,20
11,2026-06-06T11:00,25.99659,-80.56895,4.3,5
12,2026-06-06T12:00,25.99659,-80.56895,6.2,54
13,2026-06-06T13:00,25.99659,-80.56895,10.0,64
14,2026-06-06T14:00,25.99659,-80.56895,8.3,72
15,2026-06-06T15:00,25.99659,-80.56895,16.6,77
16,2026-06-06T16:00,25.99659,-80.56895,15.3,75
17,2026-06-06T17:00,25.99659,-80.56895,17.0,73
18,2026-06-06T18:00,25.99659,-80.56895,15.7,79
19,2026-06-06T19:00,25.99659,-80.56895,19.2,84
20,2026-06-06T20:00,25.99659,-80.56895,20.2,85
21,2026-06-06T21:00,25.99659,-80.56895,19.7,81
22,2026-06-06T22:00,25.99659,-80.56895,14.7,79
23,2026-06-06T23:00,25.99659,-80.56895,14.1,71
24,2026-06-07T00:00,25.99659,-80.56895,10.3,65
25,2026-06-07T01:00,25.99659,-80.56895,9.7,75
26,2026-06-07T02:00,25.99659,-80.56895,6.9,51
27,2026-06-07T03:00,25.99659,-80.56895,8.0,72
28,2026-06-07T04:00,25.99659,-80.56895,4.7,58
29,2026-06-07T05:00,25.99659,-80.56895,7.7,28
30,2026-06-07T06:00,25.99659,-80.56895,4.0,360
31,2026-06-07T07:00,25.99659,-80.56895,6.4,16
32,2026-06-07T08:00,25.99659,-80.56895,6.6,9
33,2026-06-07T09:00,25.99659,-80.56895,7.6,8
34,2026-06-07T10:00,25.99659,-80.56895,5.4,8
35,2026-06-07T11:00,25.99659,-80.56895,6.3,13
36,2026-06-07T12:00,25.99659,-80.56895,11.2,48
37,2026-06-07T13:00,25.99659,-80.56895,12.6,59
38,2026-06-07T14:00,25.99659,-80.56895,12.8,68
39,2026-06-07T15:00,25.99659,-80.56895,14.8,86
40,2026-06-07T16:00,25.99659,-80.56895,13.8,99
41,2026-06-07T17:00,25.99659,-80.56895,15.3,99
42,2026-06-07T18:00,25.99659,-80.56895,18.4,92
43,2026-06-07T19:00,25.99659,-80.56895,19.1,90
44,2026-06-07T20:00,25.99659,-80.56895,20.9,91
45,2026-06-07T21:00,25.99659,-80.56895,20.2,93
46,2026-06-07T22:00,25.99659,-80.56895,20.6,94
47,2026-06-07T23:00,25.99659,-80.56895,17.4,97
0,2026-06-06T00:00,26.001328,-76.70164,28.3,68
1,2026-06-06T01:00,26.001328,-76.70164,26.5,69
2,2026-06-06T02:00,26.001328,-76.70164,26.7,64
3,2026-06-06T03:00,26.001328,-76.70164,25.0,63
4,2026-06-06T04:00,26.001328,-76.70164,24.5,68
5,2026-06-06T05:00,26.001328,-76.70164,25.2,71
6,2026-06-06T06:00,26.001328,-76.70164,25.6,73
7,2026-06-06T07:00,26.001328,-76.70164,24.0,73
8,2026-06-06T08:00,26.001328,-76.70164,22.7,72
9,2026-06-06T09:00,26.001328,-76.70164,22.7,67
10,2026-06-06T10:00,26.001328,-76.70164,24.3,58
11,2026-06-06T11:00,26.001328,-76.70164,24.8,60
12,2026-06-06T12:00,26.001328,-76.70164,24.5,60
13,2026-06-06T13:00,26.001328,-76.70164,24.8,60
14,2026-06-06T14:00,26.001328,-76.70164,26.2,56
15,2026-06-06T15:00,26.001328,-76.70164,27.3,54
16,2026-06-06T16:00,26.001328,-76.70164,27.3,56
17,2026-06-06T17:00,26.001328,-76.70164,27.7,55
18,2026-06-06T18:00,26.001328,-76.70164,28.2,58
19,2026-06-06T19:00,26.001328,-76.70164,27.9,60
20,2026-06-06T20:00,26.001328,-76.70164,28.2,62
21,2026-06-06T21:00,26.001328,-76.70164,28.8,62
22,2026-06-06T22:00,26.001328,-76.70164,30.1,69
23,2026-06-06T23:00,26.001328,-76.70164,26.3,61
24,2026-06-07T00:00,26.001328,-76.70164,24.5,54
25,2026-06-07T01:00,26.001328,-76.70164,14.5,46
26,2026-06-07T02:00,26.001328,-76.70164,22.1,71
27,2026-06-07T03:00,26.001328,-76.70164,21.9,81
28,2026-06-07T04:00,26.001328,-76.70164,18.9,82
29,2026-06-07T05:00,26.001328,-76.70164,17.8,97
30,2026-06-07T06:00,26.001328,-76.70164,18.1,96
31,2026-06-07T07:00,26.001328,-76.70164,16.6,90
32,2026-06-07T08:00,26.001328,-76.70164,16.1,74
33,2026-06-07T09:00,26.001328,-76.70164,15.9,72
34,2026-06-07T10:00,26.001328,-76.70164,19.8,71
35,2026-06-07T11:00,26.001328,-76.70164,16.6,63
36,2026-06-07T12:00,26.001328,-76.70164,19.9,68
37,2026-06-07T13:00,26.001328,-76.70164,20.4,69
38,2026-06-07T14:00,26.001328,-76.70164,22.3,59
39,2026-06-07T15:00,26.001328,-76.70164,22.9,82
40,2026-06-07T16:00,26.001328,-76.70164,25.3,84
41,2026-06-07T17:00,26.001328,-76.70164,22.5,84
42,2026-06-07T18:00,26.001328,-76.70164,20.3,84
43,2026-06-07T19:00,26.001328,-76.70164,20.9,87
44,2026-06-07T20:00,26.001328,-76.70164,22.4,86
45,2026-06-07T21:00,26.001328,-76.70164,22.1,102
46,2026-06-07T22:00,26.001328,-76.70164,22.7,101
47,2026-06-07T23:00,26.001328,-76.70164,23.4,113
0,2026-06-06T00:00,26.00126,-72.85844,18.5,57
1,2026-06-06T01:00,26.00126,-72.85844,18.7,62
2,2026-06-06T02:00,26.00126,-72.85844,15.8,69
3,2026-06-06T03:00,26.00126,-72.85844,15.9,72
4,2026-06-06T04:00,26.00126,-72.85844,16.5,70
5,2026-06-06T05:00,26.00126,-72.85844,15.4,69
6,2026-06-06T06:00,26.00126,-72.85844,16.6,68
7,2026-06-06T07:00,26.00126,-72.85844,17.6,64
8,2026-06-06T08:00,26.00126,-72.85844,17.4,60
9,2026-06-06T09:00,26.00126,-72.85844,18.3,54
10,2026-06-06T10:00,26.00126,-72.85844,19.8,61
11,2026-06-06T11:00,26.00126,-72.85844,19.7,55
12,2026-06-06T12:00,26.00126,-72.85844,20.9,45
13,2026-06-06T13:00,26.00126,-72.85844,33.5,62
14,2026-06-06T14:00,26.00126,-72.85844,32.8,73
15,2026-06-06T15:00,26.00126,-72.85844,11.8,67
16,2026-06-06T16:00,26.00126,-72.85844,23.0,81
17,2026-06-06T17:00,26.00126,-72.85844,25.4,83
18,2026-06-06T18:00,26.00126,-72.85844,23.1,94
19,2026-06-06T19:00,26.00126,-72.85844,26.0,93
20,2026-06-06T20:00,26.00126,-72.85844,23.8,87
21,2026-06-06T21:00,26.00126,-72.85844,24.3,82
22,2026-06-06T22:00,26.00126,-72.85844,27.8,85
23,2026-06-06T23:00,26.00126,-72.85844,27.0,87
24,2026-06-07T00:00,26.00126,-72.85844,30.1,105
25,2026-06-07T01:00,26.00126,-72.85844,24.0,109
26,2026-06-07T02:00,26.00126,-72.85844,21.5,113
27,2026-06-07T03:00,26.00126,-72.85844,19.3,119
28,2026-06-07T04:00,26.00126,-72.85844,18.2,115
29,2026-06-07T05:00,26.00126,-72.85844,16.9,119
30,2026-06-07T06:00,26.00126,-72.85844,17.3,121
31,2026-06-07T07:00,26.00126,-72.85844,16.6,112
32,2026-06-07T08:00,26.00126,-72.85844,18.6,112
33,2026-06-07T09:00,26.00126,-72.85844,21.0,106
34,2026-06-07T10:00,26.00126,-72.85844,18.9,99
35,2026-06-07T11:00,26.00126,-72.85844,19.0,105
36,2026-06-07T12:00,26.00126,-72.85844,20.3,103
37,2026-06-07T13:00,26.00126,-72.85844,17.3,102
38,2026-06-07T14:00,26.00126,-72.85844,18.1,85
39,2026-06-07T15:00,26.00126,-72.85844,18.4,91
40,2026-06-07T16:00,26.00126,-72.85844,13.7,92
41,2026-06-07T17:00,26.00126,-72.85844,20.1,111
42,2026-06-07T18:00,26.00126,-72.85844,17.3,102
43,2026-06-07T19:00,26.00126,-72.85844,19.2,118
44,2026-06-07T20:00,26.00126,-72.85844,18.0,119
45,2026-06-07T21:00,26.00126,-72.85844,17.3,121
46,2026-06-07T22:00,26.00126,-72.85844,14.8,116
47,2026-06-07T23:00,26.00126,-72.85844,16.1,119
0,2026-06-06T00:00,26.045692,-69.026245,12.0,81
1,2026-06-06T01:00,26.045692,-69.026245,12.5,74
2,2026-06-06T02:00,26.045692,-69.026245,13.0,80
3,2026-06-06T03:00,26.045692,-69.026245,15.1,91
4,2026-06-06T04:00,26.045692,-69.026245,15.1,115
5,2026-06-06T05:00,26.045692,-69.026245,13.8,127
6,2026-06-06T06:00,26.045692,-69.026245,13.7,146
7,2026-06-06T07:00,26.045692,-69.026245,13.5,178
8,2026-06-06T08:00,26.045692,-69.026245,5.7,152
9,2026-06-06T09:00,26.045692,-69.026245,10.0,120
10,2026-06-06T10:00,26.045692,-69.026245,13.5,128
11,2026-06-06T11:00,26.045692,-69.026245,12.4,124
12,2026-06-06T12:00,26.045692,-69.026245,9.8,142
13,2026-06-06T13:00,26.045692,-69.026245,5.4,94
14,2026-06-06T14:00,26.045692,-69.026245,13.0,132
15,2026-06-06T15:00,26.045692,-69.026245,13.2,124
16,2026-06-06T16:00,26.045692,-69.026245,14.0,120
17,2026-06-06T17:00,26.045692,-69.026245,13.9,103
18,2026-06-06T18:00,26.045692,-69.026245,14.8,99
19,2026-06-06T19:00,26.045692,-69.026245,14.4,94
20,2026-06-06T20:00,26.045692,-69.026245,13.4,95
21,2026-06-06T21:00,26.045692,-69.026245,14.2,102
22,2026-06-06T22:00,26.045692,-69.026245,16.2,111
23,2026-06-06T23:00,26.045692,-69.026245,18.8,116
24,2026-06-07T00:00,26.045692,-69.026245,19.6,115
25,2026-06-07T01:00,26.045692,-69.026245,19.8,106
26,2026-06-07T02:00,26.045692,-69.026245,18.7,118
27,2026-06-07T03:00,26.045692,-69.026245,20.5,133
28,2026-06-07T04:00,26.045692,-69.026245,19.3,134
29,2026-06-07T05:00,26.045692,-69.026245,18.6,137
30,2026-06-07T06:00,26.045692,-69.026245,18.6,135
31,2026-06-07T07:00,26.045692,-69.026245,19.4,130
32,2026-06-07T08:00,26.045692,-69.026245,20.7,131
33,2026-06-07T09:00,26.045692,-69.026245,21.7,127
34,2026-06-07T10:00,26.045692,-69.026245,21.5,123
35,2026-06-07T11:00,26.045692,-69.026245,22.5,124
36,2026-06-07T12:00,26.045692,-69.026245,21.5,126
37,2026-06-07T13:00,26.045692,-69.026245,20.1,126
38,2026-06-07T14:00,26.045692,-69.026245,19.2,135
39,2026-06-07T15:00,26.045692,-69.026245,19.1,139
40,2026-06-07T16:00,26.045692,-69.026245,18.0,131
41,2026-06-07T17:00,26.045692,-69.026245,16.9,126
42,2026-06-07T18:00,26.045692,-69.026245,18.0,140
43,2026-06-07T19:00,26.045692,-69.026245,18.7,149
44,2026-06-07T20:00,26.045692,-69.026245,16.8,149
45,2026-06-07T21:00,26.045692,-69.026245,15.9,152
46,2026-06-07T22:00,26.045692,-69.026245,14.8,146
47,2026-06-07T23:00,26.045692,-69.026245,13.4,149
0,2026-06-06T00:00,28.761492,-122.990715,28.4,359
1,2026-06-06T01:00,28.761492,-122.990715,29.7,354
2,2026-06-06T02:00,28.761492,-122.990715,30.6,358
3,2026-06-06T03:00,28.761492,-122.990715,30.2,360
4,2026-06-06T04:00,28.761492,-122.990715,29.9,3
5,2026-06-06T05:00,28.761492,-122.990715,31.1,5
6,2026-06-06T06:00,28.761492,-122.990715,29.9,9
7,2026-06-06T07:00,28.761492,-122.990715,28.3,7
8,2026-06-06T08:00,28.761492,-122.990715,27.8,5
9,2026-06-06T09:00,28.761492,-122.990715,29.7,6
10,2026-06-06T10:00,28.761492,-122.990715,28.6,6
11,2026-06-06T11:00,28.761492,-122.990715,28.2,6
12,2026-06-06T12:00,28.761492,-122.990715,28.2,5
13,2026-06-06T13:00,28.761492,-122.990715,28.0,8
14,2026-06-06T14:00,28.761492,-122.990715,28.1,9
15,2026-06-06T15:00,28.761492,-122.990715,28.2,11
16,2026-06-06T16:00,28.761492,-122.990715,27.4,14
17,2026-06-06T17:00,28.761492,-122.990715,28.6,14
18,2026-06-06T18:00,28.761492,-122.990715,28.2,6
19,2026-06-06T19:00,28.761492,-122.990715,28.2,4
20,2026-06-06T20:00,28.761492,-122.990715,29.4,8
21,2026-06-06T21:00,28.761492,-122.990715,31.2,14
22,2026-06-06T22:00,28.761492,-122.990715,33.4,14
23,2026-06-06T23:00,28.761492,-122.990715,34.0,15
24,2026-06-07T00:00,28.761492,-122.990715,34.6,17
25,2026-06-07T01:00,28.761492,-122.990715,35.5,18
26,2026-06-07T02:00,28.761492,-122.990715,35.9,18
27,2026-06-07T03:00,28.761492,-122.990715,36.1,20
28,2026-06-07T04:00,28.761492,-122.990715,35.1,21
29,2026-06-07T05:00,28.761492,-122.990715,34.4,20
30,2026-06-07T06:00,28.761492,-122.990715,34.8,20
31,2026-06-07T07:00,28.761492,-122.990715,34.5,20
32,2026-06-07T08:00,28.761492,-122.990715,35.5,20
33,2026-06-07T09:00,28.761492,-122.990715,34.6,19
34,2026-06-07T10:00,28.761492,-122.990715,34.6,19
35,2026-06-07T11:00,28.761492,-122.990715,34.4,20
36,2026-06-07T12:00,28.761492,-122.990715,34.8,18
37,2026-06-07T13:00,28.761492,-122.990715,33.4,20
38,2026-06-07T14:00,28.761492,-122.990715,33.4,22
39,2026-06-07T15:00,28.761492,-122.990715,34.0,20
40,2026-06-07T16:00,28.761492,-122.990715,33.0,18
41,2026-06-07T17:00,28.761492,-122.990715,31.7,21
42,2026-06-07T18:00,28.761492,-122.990715,30.9,21
43,2026-06-07T19:00,28.761492,-122.990715,30.1,21
44,2026-06-07T20:00,28.761492,-122.990715,30.9,15
45,2026-06-07T21:00,28.761492,-122.990715,30.7,14
46,2026-06-07T22:00,28.761492,-122.990715,33.3,11
47,2026-06-07T23:00,28.761492,-122.990715,32.1,9
0,2026-06-06T00:00,28.740604,-119.12592,19.0,345
1,2026-06-06T01:00,28.740604,-119.12592,17.5,341
2,2026-06-06T02:00,28.740604,-119.12592,15.8,339
3,2026-06-06T03:00,28.740604,-119.12592,16.9,333
4,2026-06-06T04:00,28.740604,-119.12592,21.8,326
5,2026-06-06T05:00,28.740604,-119.12592,22.1,330
6,2026-06-06T06:00,28.740604,-119.12592,19.0,333
7,2026-06-06T07:00,28.740604,-119.12592,18.4,332
8,2026-06-06T08:00,28.740604,-119.12592,17.5,328
9,2026-06-06T09:00,28.740604,-119.12592,16.3,335
10,2026-06-06T10:00,28.740604,-119.12592,15.2,329
11,2026-06-06T11:00,28.740604,-119.12592,15.0,339
12,2026-06-06T12:00,28.740604,-119.12592,16.3,317
13,2026-06-06T13:00,28.740604,-119.12592,11.5,316
14,2026-06-06T14:00,28.740604,-119.12592,10.7,312
15,2026-06-06T15:00,28.740604,-119.12592,7.9,309
16,2026-06-06T16:00,28.740604,-119.12592,9.4,293
17,2026-06-06T17:00,28.740604,-119.12592,8.2,293
18,2026-06-06T18:00,28.740604,-119.12592,11.8,258
19,2026-06-06T19:00,28.740604,-119.12592,12.1,282
20,2026-06-06T20:00,28.740604,-119.12592,13.7,265
21,2026-06-06T21:00,28.740604,-119.12592,12.2,270
22,2026-06-06T22:00,28.740604,-119.12592,16.0,284
23,2026-06-06T23:00,28.740604,-119.12592,14.4,307
24,2026-06-07T00:00,28.740604,-119.12592,17.6,325
25,2026-06-07T01:00,28.740604,-119.12592,16.8,325
26,2026-06-07T02:00,28.740604,-119.12592,13.0,312
27,2026-06-07T03:00,28.740604,-119.12592,12.2,298
28,2026-06-07T04:00,28.740604,-119.12592,15.6,304
29,2026-06-07T05:00,28.740604,-119.12592,11.8,310
30,2026-06-07T06:00,28.740604,-119.12592,10.2,315
31,2026-06-07T07:00,28.740604,-119.12592,8.9,310
32,2026-06-07T08:00,28.740604,-119.12592,1.8,307
33,2026-06-07T09:00,28.740604,-119.12592,8.4,317
34,2026-06-07T10:00,28.740604,-119.12592,14.7,324
35,2026-06-07T11:00,28.740604,-119.12592,13.4,329
36,2026-06-07T12:00,28.740604,-119.12592,18.0,331
37,2026-06-07T13:00,28.740604,-119.12592,16.7,341
38,2026-06-07T14:00,28.740604,-119.12592,20.2,355
39,2026-06-07T15:00,28.740604,-119.12592,12.8,344
40,2026-06-07T16:00,28.740604,-119.12592,10.5,41
41,2026-06-07T17:00,28.740604,-119.12592,14.6,20
42,2026-06-07T18:00,28.740604,-119.12592,15.0,17
43,2026-06-07T19:00,28.740604,-119.12592,12.1,23
44,2026-06-07T20:00,28.740604,-119.12592,15.2,7
45,2026-06-07T21:00,28.740604,-119.12592,22.8,5
46,2026-06-07T22:00,28.740604,-119.12592,23.4,2
47,2026-06-07T23:00,28.740604,-119.12592,22.0,3
0,2026-06-06T00:00,28.739416,-115.27508,13.1,302
1,2026-06-06T01:00,28.739416,-115.27508,14.6,303
2,2026-06-06T02:00,28.739416,-115.27508,15.6,304
3,2026-06-06T03:00,28.739416,-115.27508,14.3,304
4,2026-06-06T04:00,28.739416,-115.27508,13.2,313
5,2026-06-06T05:00,28.739416,-115.27508,13.2,317
6,2026-06-06T06:00,28.739416,-115.27508,13.3,322
7,2026-06-06T07:00,28.739416,-115.27508,13.2,313
8,2026-06-06T08:00,28.739416,-115.27508,16.3,315
9,2026-06-06T09:00,28.739416,-115.27508,15.9,322
10,2026-06-06T10:00,28.739416,-115.27508,15.3,321
11,2026-06-06T11:00,28.739416,-115.27508,12.0,321
12,2026-06-06T12:00,28.739416,-115.27508,13.7,325
13,2026-06-06T13:00,28.739416,-115.27508,7.2,323
14,2026-06-06T14:00,28.739416,-115.27508,7.4,313
15,2026-06-06T15:00,28.739416,-115.27508,7.9,294
16,2026-06-06T16:00,28.739416,-115.27508,10.5,292
17,2026-06-06T17:00,28.739416,-115.27508,7.6,315
18,2026-06-06T18:00,28.739416,-115.27508,7.4,293
19,2026-06-06T19:00,28.739416,-115.27508,4.1,285
20,2026-06-06T20:00,28.739416,-115.27508,5.9,313
21,2026-06-06T21:00,28.739416,-115.27508,6.4,308
22,2026-06-06T22:00,28.739416,-115.27508,6.6,279
23,2026-06-06T23:00,28.739416,-115.27508,10.1,274
24,2026-06-07T00:00,28.739416,-115.27508,6.0,287
25,2026-06-07T01:00,28.739416,-115.27508,7.9,321
26,2026-06-07T02:00,28.739416,-115.27508,9.2,329
27,2026-06-07T03:00,28.739416,-115.27508,9.3,324
28,2026-06-07T04:00,28.739416,-115.27508,7.1,319
29,2026-06-07T05:00,28.739416,-115.27508,12.5,311
30,2026-06-07T06:00,28.739416,-115.27508,7.1,311
31,2026-06-07T07:00,28.739416,-115.27508,5.8,300
32,2026-06-07T08:00,28.739416,-115.27508,3.3,354
33,2026-06-07T09:00,28.739416,-115.27508,5.8,22
34,2026-06-07T10:00,28.739416,-115.27508,3.7,11
35,2026-06-07T11:00,28.739416,-115.27508,5.0,330
36,2026-06-07T12:00,28.739416,-115.27508,6.0,327
37,2026-06-07T13:00,28.739416,-115.27508,3.7,349
38,2026-06-07T14:00,28.739416,-115.27508,2.6,344
39,2026-06-07T15:00,28.739416,-115.27508,7.3,79
40,2026-06-07T16:00,28.739416,-115.27508,5.9,104
41,2026-06-07T17:00,28.739416,-115.27508,8.4,133
42,2026-06-07T18:00,28.739416,-115.27508,10.4,134
43,2026-06-07T19:00,28.739416,-115.27508,13.0,134
44,2026-06-07T20:00,28.739416,-115.27508,11.2,132
45,2026-06-07T21:00,28.739416,-115.27508,11.3,153
46,2026-06-07T22:00,28.739416,-115.27508,8.6,180
47,2026-06-07T23:00,28.739416,-115.27508,8.2,209
0,2026-06-06T00:00,28.758923,-111.42851,17.1,215
1,2026-06-06T01:00,28.758923,-111.42851,14.7,211
2,2026-06-06T02:00,28.758923,-111.42851,13.7,225
3,2026-06-06T03:00,28.758923,-111.42851,9.8,234
4,2026-06-06T04:00,28.758923,-111.42851,7.9,231
5,2026-06-06T05:00,28.758923,-111.42851,7.4,223
6,2026-06-06T06:00,28.758923,-111.42851,5.2,214
7,2026-06-06T07:00,28.758923,-111.42851,3.4,58
8,2026-06-06T08:00,28.758923,-111.42851,6.1,87
9,2026-06-06T09:00,28.758923,-111.42851,7.0,102
10,2026-06-06T10:00,28.758923,-111.42851,7.3,123
11,2026-06-06T11:00,28.758923,-111.42851,7.5,107
12,2026-06-06T12:00,28.758923,-111.42851,8.6,105
13,2026-06-06T13:00,28.758923,-111.42851,9.2,101
14,2026-06-06T14:00,28.758923,-111.42851,8.4,140
15,2026-06-06T15:00,28.758923,-111.42851,8.7,156
16,2026-06-06T16:00,28.758923,-111.42851,13.4,166
17,2026-06-06T17:00,28.758923,-111.42851,19.3,166
18,2026-06-06T18:00,28.758923,-111.42851,22.5,167
19,2026-06-06T19:00,28.758923,-111.42851,21.5,201
20,2026-06-06T20:00,28.758923,-111.42851,28.0,206
21,2026-06-06T21:00,28.758923,-111.42851,28.1,203
22,2026-06-06T22:00,28.758923,-111.42851,25.9,207
23,2026-06-06T23:00,28.758923,-111.42851,23.1,211
24,2026-06-07T00:00,28.758923,-111.42851,20.8,214
25,2026-06-07T01:00,28.758923,-111.42851,17.9,218
26,2026-06-07T02:00,28.758923,-111.42851,12.9,216
27,2026-06-07T03:00,28.758923,-111.42851,9.7,202
28,2026-06-07T04:00,28.758923,-111.42851,8.3,198
29,2026-06-07T05:00,28.758923,-111.42851,7.3,191
30,2026-06-07T06:00,28.758923,-111.42851,5.8,187
31,2026-06-07T07:00,28.758923,-111.42851,6.5,177
32,2026-06-07T08:00,28.758923,-111.42851,7.4,141
33,2026-06-07T09:00,28.758923,-111.42851,7.4,129
34,2026-06-07T10:00,28.758923,-111.42851,7.5,125
35,2026-06-07T11:00,28.758923,-111.42851,7.1,139
36,2026-06-07T12:00,28.758923,-111.42851,7.9,137
37,2026-06-07T13:00,28.758923,-111.42851,8.7,132
38,2026-06-07T14:00,28.758923,-111.42851,12.5,139
39,2026-06-07T15:00,28.758923,-111.42851,12.6,149
40,2026-06-07T16:00,28.758923,-111.42851,14.0,157
41,2026-06-07T17:00,28.758923,-111.42851,15.2,175
42,2026-06-07T18:00,28.758923,-111.42851,15.5,184
43,2026-06-07T19:00,28.758923,-111.42851,18.2,214
44,2026-06-07T20:00,28.758923,-111.42851,23.4,203
45,2026-06-07T21:00,28.758923,-111.42851,25.1,209
46,2026-06-07T22:00,28.758923,-111.42851,23.5,209
47,2026-06-07T23:00,28.758923,-111.42851,22.0,215
0,2026-06-06T00:00,28.746273,-107.56992,18.8,296
1,2026-06-06T01:00,28.746273,-107.56992,13.3,311
2,2026-06-06T02:00,28.746273,-107.56992,7.9,300
3,2026-06-06T03:00,28.746273,-107.56992,1.8,323
4,2026-06-06T04:00,28.746273,-107.56992,2.3,18
5,2026-06-06T05:00,28.746273,-107.56992,5.4,48
6,2026-06-06T06:00,28.746273,-107.56992,2.9,330
7,2026-06-06T07:00,28.746273,-107.56992,9.4,302
8,2026-06-06T08:00,28.746273,-107.56992,14.9,323
9,2026-06-06T09:00,28.746273,-107.56992,15.1,322
10,2026-06-06T10:00,28.746273,-107.56992,12.9,330
11,2026-06-06T11:00,28.746273,-107.56992,10.6,342
12,2026-06-06T12:00,28.746273,-107.56992,8.3,326
13,2026-06-06T13:00,28.746273,-107.56992,3.4,342
14,2026-06-06T14:00,28.746273,-107.56992,3.3,276
15,2026-06-06T15:00,28.746273,-107.56992,17.2,303
16,2026-06-06T16:00,28.746273,-107.56992,20.5,298
17,2026-06-06T17:00,28.746273,-107.56992,19.7,298
18,2026-06-06T18:00,28.746273,-107.56992,15.3,278
19,2026-06-06T19:00,28.746273,-107.56992,16.0,279
20,2026-06-06T20:00,28.746273,-107.56992,15.3,321
21,2026-06-06T21:00,28.746273,-107.56992,26.8,68
22,2026-06-06T22:00,28.746273,-107.56992,18.7,358
23,2026-06-06T23:00,28.746273,-107.56992,32.3,325
24,2026-06-07T00:00,28.746273,-107.56992,18.7,272
25,2026-06-07T01:00,28.746273,-107.56992,23.0,256
26,2026-06-07T02:00,28.746273,-107.56992,11.8,258
27,2026-06-07T03:00,28.746273,-107.56992,3.3,193
28,2026-06-07T04:00,28.746273,-107.56992,7.4,346
29,2026-06-07T05:00,28.746273,-107.56992,10.0,334
30,2026-06-07T06:00,28.746273,-107.56992,11.4,336
31,2026-06-07T07:00,28.746273,-107.56992,8.2,322
32,2026-06-07T08:00,28.746273,-107.56992,10.6,332
33,2026-06-07T09:00,28.746273,-107.56992,11.9,346
34,2026-06-07T10:00,28.746273,-107.56992,12.1,337
35,2026-06-07T11:00,28.746273,-107.56992,11.9,331
36,2026-06-07T12:00,28.746273,-107.56992,10.2,328
37,2026-06-07T13:00,28.746273,-107.56992,8.4,320
38,2026-06-07T14:00,28.746273,-107.56992,8.9,302
39,2026-06-07T15:00,28.746273,-107.56992,13.6,302
40,2026-06-07T16:00,28.746273,-107.56992,12.7,299
41,2026-06-07T17:00,28.746273,-107.56992,11.8,290
42,2026-06-07T18:00,28.746273,-107.56992,12.7,255
43,2026-06-07T19:00,28.746273,-107.56992,15.0,222
44,2026-06-07T20:00,28.746273,-107.56992,13.0,228
45,2026-06-07T21:00,28.746273,-107.56992,4.2,239
46,2026-06-07T22:00,28.746273,-107.56992,8.4,317
47,2026-06-07T23:00,28.746273,-107.56992,7.0,21
0,2026-06-06T00:00,28.753036,-103.701324,16.0,256
1,2026-06-06T01:00,28.753036,-103.701324,12.6,267
2,2026-06-06T02:00,28.753036,-103.701324,7.4,321
3,2026-06-06T03:00,28.753036,-103.701324,6.1,332
4,2026-06-06T04:00,28.753036,-103.701324,10.1,6
5,2026-06-06T05:00,28.753036,-103.701324,16.3,43
6,2026-06-06T06:00,28.753036,-103.701324,19.5,78
7,2026-06-06T07:00,28.753036,-103.701324,20.7,83
8,2026-06-06T08:00,28.753036,-103.701324,19.8,89
9,2026-06-06T09:00,28.753036,-103.701324,18.4,93
10,2026-06-06T10:00,28.753036,-103.701324,16.2,102
11,2026-06-06T11:00,28.753036,-103.701324,9.3,118
12,2026-06-06T12:00,28.753036,-103.701324,6.9,141
13,2026-06-06T13:00,28.753036,-103.701324,13.7,183
14,2026-06-06T14:00,28.753036,-103.701324,17.7,193
15,2026-06-06T15:00,28.753036,-103.701324,17.3,223
16,2026-06-06T16:00,28.753036,-103.701324,13.4,246
17,2026-06-06T17:00,28.753036,-103.701324,13.4,275
18,2026-06-06T18:00,28.753036,-103.701324,14.0,293
19,2026-06-06T19:00,28.753036,-103.701324,15.9,298
20,2026-06-06T20:00,28.753036,-103.701324,14.6,320
21,2026-06-06T21:00,28.753036,-103.701324,4.8,297
22,2026-06-06T22:00,28.753036,-103.701324,1.5,135
23,2026-06-06T23:00,28.753036,-103.701324,11.4,332
24,2026-06-07T00:00,28.753036,-103.701324,12.1,53
25,2026-06-07T01:00,28.753036,-103.701324,8.6,2
26,2026-06-07T02:00,28.753036,-103.701324,7.4,47
27,2026-06-07T03:00,28.753036,-103.701324,12.1,127
28,2026-06-07T04:00,28.753036,-103.701324,10.4,134
29,2026-06-07T05:00,28.753036,-103.701324,13.2,107
30,2026-06-07T06:00,28.753036,-103.701324,20.0,173
31,2026-06-07T07:00,28.753036,-103.701324,22.8,175
32,2026-06-07T08:00,28.753036,-103.701324,23.1,176
33,2026-06-07T09:00,28.753036,-103.701324,14.8,221
34,2026-06-07T10:00,28.753036,-103.701324,21.5,189
35,2026-06-07T11:00,28.753036,-103.701324,19.1,191
36,2026-06-07T12:00,28.753036,-103.701324,13.7,215
37,2026-06-07T13:00,28.753036,-103.701324,10.2,212
38,2026-06-07T14:00,28.753036,-103.701324,11.9,265
39,2026-06-07T15:00,28.753036,-103.701324,13.3,289
40,2026-06-07T16:00,28.753036,-103.701324,13.7,297
41,2026-06-07T17:00,28.753036,-103.701324,11.0,293
42,2026-06-07T18:00,28.753036,-103.701324,10.6,298
43,2026-06-07T19:00,28.753036,-103.701324,13.0,357
44,2026-06-07T20:00,28.753036,-103.701324,9.0,358
45,2026-06-07T21:00,28.753036,-103.701324,6.8,18
46,2026-06-07T22:00,28.753036,-103.701324,15.1,359
47,2026-06-07T23:00,28.753036,-103.701324,4.6,39
0,2026-06-06T00:00,28.750357,-99.84274,16.8,121
1,2026-06-06T01:00,28.750357,-99.84274,12.3,95
2,2026-06-06T02:00,28.750357,-99.84274,11.5,88
3,2026-06-06T03:00,28.750357,-99.84274,7.9,93
4,2026-06-06T04:00,28.750357,-99.84274,12.0,106
5,2026-06-06T05:00,28.750357,-99.84274,10.6,108
6,2026-06-06T06:00,28.750357,-99.84274,9.8,118
7,2026-06-06T07:00,28.750357,-99.84274,12.0,134
8,2026-06-06T08:00,28.750357,-99.84274,11.0,139
9,2026-06-06T09:00,28.750357,-99.84274,7.2,117
10,2026-06-06T10:00,28.750357,-99.84274,4.5,104
11,2026-06-06T11:00,28.750357,-99.84274,5.5,58
12,2026-06-06T12:00,28.750357,-99.84274,5.2,56
13,2026-06-06T13:00,28.750357,-99.84274,6.3,77
14,2026-06-06T14:00,28.750357,-99.84274,6.5,71
15,2026-06-06T15:00,28.750357,-99.84274,6.0,107
16,2026-06-06T16:00,28.750357,-99.84274,10.7,135
17,2026-06-06T17:00,28.750357,-99.84274,11.5,129
18,2026-06-06T18:00,28.750357,-99.84274,9.6,124
19,2026-06-06T19:00,28.750357,-99.84274,7.9,106
20,2026-06-06T20:00,28.750357,-99.84274,10.9,107
21,2026-06-06T21:00,28.750357,-99.84274,13.4,117
22,2026-06-06T22:00,28.750357,-99.84274,15.9,129
23,2026-06-06T23:00,28.750357,-99.84274,19.9,131
24,2026-06-07T00:00,28.750357,-99.84274,16.0,134
25,2026-06-07T01:00,28.750357,-99.84274,6.2,126
26,2026-06-07T02:00,28.750357,-99.84274,23.0,148
27,2026-06-07T03:00,28.750357,-99.84274,16.4,142
28,2026-06-07T04:00,28.750357,-99.84274,18.7,130
29,2026-06-07T05:00,28.750357,-99.84274,14.8,135
30,2026-06-07T06:00,28.750357,-99.84274,10.0,128
31,2026-06-07T07:00,28.750357,-99.84274,12.2,133
32,2026-06-07T08:00,28.750357,-99.84274,14.3,137
33,2026-06-07T09:00,28.750357,-99.84274,10.8,127
34,2026-06-07T10:00,28.750357,-99.84274,13.8,137
35,2026-06-07T11:00,28.750357,-99.84274,11.2,130
36,2026-06-07T12:00,28.750357,-99.84274,10.7,135
37,2026-06-07T13:00,28.750357,-99.84274,12.8,140
38,2026-06-07T14:00,28.750357,-99.84274,15.5,152
39,2026-06-07T15:00,28.750357,-99.84274,17.2,154
40,2026-06-07T16:00,28.750357,-99.84274,17.6,157
41,2026-06-07T17:00,28.750357,-99.84274,20.1,156
42,2026-06-07T18:00,28.750357,-99.84274,17.1,158
43,2026-06-07T19:00,28.750357,-99.84274,18.8,151
44,2026-06-07T20:00,28.750357,-99.84274,18.5,153
45,2026-06-07T21:00,28.750357,-99.84274,18.7,150
46,2026-06-07T22:00,28.750357,-99.84274,23.5,151
47,2026-06-07T23:00,28.750357,-99.84274,23.3,142
0,2026-06-06T00:00,28.739006,-95.98871,13.6,112
1,2026-06-06T01:00,28.739006,-95.98871,9.1,108
2,2026-06-06T02:00,28.739006,-95.98871,12.3,111
3,2026-06-06T03:00,28.739006,-95.98871,8.7,128
4,2026-06-06T04:00,28.739006,-95.98871,7.2,127
5,2026-06-06T05:00,28.739006,-95.98871,5.2,146
6,2026-06-06T06:00,28.739006,-95.98871,6.9,129
7,2026-06-06T07:00,28.739006,-95.98871,6.8,155
8,2026-06-06T08:00,28.739006,-95.98871,6.9,189
9,2026-06-06T09:00,28.739006,-95.98871,2.5,225
10,2026-06-06T10:00,28.739006,-95.98871,2.9,83
11,2026-06-06T11:00,28.739006,-95.98871,3.1,135
12,2026-06-06T12:00,28.739006,-95.98871,2.5,90
13,2026-06-06T13:00,28.739006,-95.98871,4.0,170
14,2026-06-06T14:00,28.739006,-95.98871,13.0,204
15,2026-06-06T15:00,28.739006,-95.98871,13.3,178
16,2026-06-06T16:00,28.739006,-95.98871,15.6,172
17,2026-06-06T17:00,28.739006,-95.98871,16.9,192
18,2026-06-06T18:00,28.739006,-95.98871,12.2,204
19,2026-06-06T19:00,28.739006,-95.98871,15.8,210
20,2026-06-06T20:00,28.739006,-95.98871,13.9,197
21,2026-06-06T21:00,28.739006,-95.98871,15.9,176
22,2026-06-06T22:00,28.739006,-95.98871,14.8,176
23,2026-06-06T23:00,28.739006,-95.98871,13.8,160
24,2026-06-07T00:00,28.739006,-95.98871,13.7,145
25,2026-06-07T01:00,28.739006,-95.98871,7.3,147
26,2026-06-07T02:00,28.739006,-95.98871,11.8,142
27,2026-06-07T03:00,28.739006,-95.98871,13.6,143
28,2026-06-07T04:00,28.739006,-95.98871,11.8,149
29,2026-06-07T05:00,28.739006,-95.98871,13.8,160
30,2026-06-07T06:00,28.739006,-95.98871,15.0,163
31,2026-06-07T07:00,28.739006,-95.98871,16.3,166
32,2026-06-07T08:00,28.739006,-95.98871,14.1,165
33,2026-06-07T09:00,28.739006,-95.98871,4.5,194
34,2026-06-07T10:00,28.739006,-95.98871,7.6,155
35,2026-06-07T11:00,28.739006,-95.98871,10.9,171
36,2026-06-07T12:00,28.739006,-95.98871,16.2,167
37,2026-06-07T13:00,28.739006,-95.98871,18.8,168
38,2026-06-07T14:00,28.739006,-95.98871,18.5,173
39,2026-06-07T15:00,28.739006,-95.98871,21.4,167
40,2026-06-07T16:00,28.739006,-95.98871,22.4,174
41,2026-06-07T17:00,28.739006,-95.98871,24.9,177
42,2026-06-07T18:00,28.739006,-95.98871,23.9,174
43,2026-06-07T19:00,28.739006,-95.98871,22.5,174
44,2026-06-07T20:00,28.739006,-95.98871,20.2,182
45,2026-06-07T21:00,28.739006,-95.98871,20.5,183
46,2026-06-07T22:00,28.739006,-95.98871,18.7,180
47,2026-06-07T23:00,28.739006,-95.98871,15.2,173
0,2026-06-06T00:00,28.745699,-92.13189,14.0,145
1,2026-06-06T01:00,28.745699,-92.13189,7.8,158
2,2026-06-06T02:00,28.745699,-92.13189,8.8,145
3,2026-06-06T03:00,28.745699,-92.13189,10.5,131
4,2026-06-06T04:00,28.745699,-92.13189,12.8,122
5,2026-06-06T05:00,28.745699,-92.13189,13.5,136
6,2026-06-06T06:00,28.745699,-92.13189,14.7,155
7,2026-06-06T07:00,28.745699,-92.13189,20.2,161
8,2026-06-06T08:00,28.745699,-92.13189,21.5,159
9,2026-06-06T09:00,28.745699,-92.13189,22.6,163
10,2026-06-06T10:00,28.745699,-92.13189,20.6,164
11,2026-06-06T11:00,28.745699,-92.13189,20.4,172
12,2026-06-06T12:00,28.745699,-92.13189,20.9,182
13,2026-06-06T13:00,28.745699,-92.13189,18.2,166
14,2026-06-06T14:00,28.745699,-92.13189,18.9,194
15,2026-06-06T15:00,28.745699,-92.13189,16.4,195
16,2026-06-06T16:00,28.745699,-92.13189,14.5,203
17,2026-06-06T17:00,28.745699,-92.13189,19.6,166
18,2026-06-06T18:00,28.745699,-92.13189,39.2,173
19,2026-06-06T19:00,28.745699,-92.13189,16.5,164
20,2026-06-06T20:00,28.745699,-92.13189,18.5,173
21,2026-06-06T21:00,28.745699,-92.13189,16.6,175
22,2026-06-06T22:00,28.745699,-92.13189,16.9,178
23,2026-06-06T23:00,28.745699,-92.13189,19.2,185
24,2026-06-07T00:00,28.745699,-92.13189,17.0,176
25,2026-06-07T01:00,28.745699,-92.13189,17.7,174
26,2026-06-07T02:00,28.745699,-92.13189,18.9,167
27,2026-06-07T03:00,28.745699,-92.13189,22.0,175
28,2026-06-07T04:00,28.745699,-92.13189,23.5,169
29,2026-06-07T05:00,28.745699,-92.13189,24.4,172
30,2026-06-07T06:00,28.745699,-92.13189,26.3,176
31,2026-06-07T07:00,28.745699,-92.13189,26.8,168
32,2026-06-07T08:00,28.745699,-92.13189,26.4,166
33,2026-06-07T09:00,28.745699,-92.13189,28.7,168
34,2026-06-07T10:00,28.745699,-92.13189,29.9,177
35,2026-06-07T11:00,28.745699,-92.13189,30.2,181
36,2026-06-07T12:00,28.745699,-92.13189,30.7,177
37,2026-06-07T13:00,28.745699,-92.13189,31.5,175
38,2026-06-07T14:00,28.745699,-92.13189,29.0,187
39,2026-06-07T15:00,28.745699,-92.13189,29.9,183
40,2026-06-07T16:00,28.745699,-92.13189,25.6,181
41,2026-06-07T17:00,28.745699,-92.13189,26.7,177
42,2026-06-07T18:00,28.745699,-92.13189,27.0,171
43,2026-06-07T19:00,28.745699,-92.13189,22.9,167
44,2026-06-07T20:00,28.745699,-92.13189,23.4,169
45,2026-06-07T21:00,28.745699,-92.13189,22.0,169
46,2026-06-07T22:00,28.745699,-92.13189,23.9,174
47,2026-06-07T23:00,28.745699,-92.13189,20.5,170
0,2026-06-06T00:00,28.745823,-88.296234,37.2,117
1,2026-06-06T01:00,28.745823,-88.296234,37.1,119
2,2026-06-06T02:00,28.745823,-88.296234,36.4,122
3,2026-06-06T03:00,28.745823,-88.296234,39.5,128
4,2026-06-06T04:00,28.745823,-88.296234,36.2,133
5,2026-06-06T05:00,28.745823,-88.296234,32.9,137
6,2026-06-06T06:00,28.745823,-88.296234,33.7,143
7,2026-06-06T07:00,28.745823,-88.296234,30.0,147
8,2026-06-06T08:00,28.745823,-88.296234,28.7,142
9,2026-06-06T09:00,28.745823,-88.296234,27.4,145
10,2026-06-06T10:00,28.745823,-88.296234,29.1,146
11,2026-06-06T11:00,28.745823,-88.296234,28.1,147
12,2026-06-06T12:00,28.745823,-88.296234,29.5,153
13,2026-06-06T13:00,28.745823,-88.296234,28.7,156
14,2026-06-06T14:00,28.745823,-88.296234,24.5,154
15,2026-06-06T15:00,28.745823,-88.296234,46.7,174
16,2026-06-06T16:00,28.745823,-88.296234,26.7,175
17,2026-06-06T17:00,28.745823,-88.296234,25.6,178
18,2026-06-06T18:00,28.745823,-88.296234,27.1,163
19,2026-06-06T19:00,28.745823,-88.296234,19.8,178
20,2026-06-06T20:00,28.745823,-88.296234,19.5,175
21,2026-06-06T21:00,28.745823,-88.296234,18.8,173
22,2026-06-06T22:00,28.745823,-88.296234,19.5,176
23,2026-06-06T23:00,28.745823,-88.296234,21.2,159
24,2026-06-07T00:00,28.745823,-88.296234,21.1,160
25,2026-06-07T01:00,28.745823,-88.296234,17.3,157
26,2026-06-07T02:00,28.745823,-88.296234,27.9,153
27,2026-06-07T03:00,28.745823,-88.296234,24.1,166
28,2026-06-07T04:00,28.745823,-88.296234,23.6,173
29,2026-06-07T05:00,28.745823,-88.296234,24.6,175
30,2026-06-07T06:00,28.745823,-88.296234,24.1,181
31,2026-06-07T07:00,28.745823,-88.296234,22.7,179
32,2026-06-07T08:00,28.745823,-88.296234,20.6,185
33,2026-06-07T09:00,28.745823,-88.296234,20.9,178
34,2026-06-07T10:00,28.745823,-88.296234,21.6,178
35,2026-06-07T11:00,28.745823,-88.296234,19.1,177
36,2026-06-07T12:00,28.745823,-88.296234,15.9,167
37,2026-06-07T13:00,28.745823,-88.296234,17.1,155
38,2026-06-07T14:00,28.745823,-88.296234,15.5,155
39,2026-06-07T15:00,28.745823,-88.296234,16.3,149
40,2026-06-07T16:00,28.745823,-88.296234,21.1,157
41,2026-06-07T17:00,28.745823,-88.296234,21.4,153
42,2026-06-07T18:00,28.745823,-88.296234,25.6,166
43,2026-06-07T19:00,28.745823,-88.296234,24.4,158
44,2026-06-07T20:00,28.745823,-88.296234,23.7,158
45,2026-06-07T21:00,28.745823,-88.296234,20.1,156
46,2026-06-07T22:00,28.745823,-88.296234,20.2,161
47,2026-06-07T23:00,28.745823,-88.296234,17.2,164
0,2026-06-06T00:00,28.763977,-84.44149,12.2,114
1,2026-06-06T01:00,28.763977,-84.44149,11.2,96
2,2026-06-06T02:00,28.763977,-84.44149,9.7,105
3,2026-06-06T03:00,28.763977,-84.44149,10.2,82
4,2026-06-06T04:00,28.763977,-84.44149,13.5,74
5,2026-06-06T05:00,28.763977,-84.44149,10.5,59
6,2026-06-06T06:00,28.763977,-84.44149,16.2,58
7,2026-06-06T07:00,28.763977,-84.44149,15.7,53
8,2026-06-06T08:00,28.763977,-84.44149,11.3,73
9,2026-06-06T09:00,28.763977,-84.44149,20.1,119
10,2026-06-06T10:00,28.763977,-84.44149,20.9,136
11,2026-06-06T11:00,28.763977,-84.44149,16.0,144
12,2026-06-06T12:00,28.763977,-84.44149,26.9,142
13,2026-06-06T13:00,28.763977,-84.44149,24.4,135
14,2026-06-06T14:00,28.763977,-84.44149,24.7,133
15,2026-06-06T15:00,28.763977,-84.44149,25.2,133
16,2026-06-06T16:00,28.763977,-84.44149,22.5,129
17,2026-06-06T17:00,28.763977,-84.44149,21.3,124
18,2026-06-06T18:00,28.763977,-84.44149,19.2,120
19,2026-06-06T19:00,28.763977,-84.44149,18.0,116
20,2026-06-06T20:00,28.763977,-84.44149,15.3,114
21,2026-06-06T21:00,28.763977,-84.44149,12.4,120
22,2026-06-06T22:00,28.763977,-84.44149,7.9,141
23,2026-06-06T23:00,28.763977,-84.44149,5.1,188
24,2026-06-07T00:00,28.763977,-84.44149,7.8,214
25,2026-06-07T01:00,28.763977,-84.44149,10.2,252
26,2026-06-07T02:00,28.763977,-84.44149,8.0,275
27,2026-06-07T03:00,28.763977,-84.44149,4.8,243
28,2026-06-07T04:00,28.763977,-84.44149,3.2,297
29,2026-06-07T05:00,28.763977,-84.44149,5.0,270
30,2026-06-07T06:00,28.763977,-84.44149,2.7,293
31,2026-06-07T07:00,28.763977,-84.44149,7.3,57
32,2026-06-07T08:00,28.763977,-84.44149,12.6,59
33,2026-06-07T09:00,28.763977,-84.44149,11.9,55
34,2026-06-07T10:00,28.763977,-84.44149,10.8,60
35,2026-06-07T11:00,28.763977,-84.44149,11.3,68
36,2026-06-07T12:00,28.763977,-84.44149,9.1,97
37,2026-06-07T13:00,28.763977,-84.44149,9.6,110
38,2026-06-07T14:00,28.763977,-84.44149,7.9,120
39,2026-06-07T15:00,28.763977,-84.44149,7.7,131
40,2026-06-07T16:00,28.763977,-84.44149,10.2,148
41,2026-06-07T17:00,28.763977,-84.44149,8.7,156
42,2026-06-07T18:00,28.763977,-84.44149,8.9,159
43,2026-06-07T19:00,28.763977,-84.44149,10.1,153
44,2026-06-07T20:00,28.763977,-84.44149,6.5,146
45,2026-06-07T21:00,28.763977,-84.44149,10.1,153
46,2026-06-07T22:00,28.763977,-84.44149,7.0,168
47,2026-06-07T23:00,28.763977,-84.44149,8.4,220
0,2026-06-06T00:00,28.745304,-80.5696,22.3,76
1,2026-06-06T01:00,28.745304,-80.5696,25.6,80
2,2026-06-06T02:00,28.745304,-80.5696,15.2,76
3,2026-06-06T03:00,28.745304,-80.5696,17.9,71
4,2026-06-06T04:00,28.745304,-80.5696,16.6,90
5,2026-06-06T05:00,28.745304,-80.5696,16.8,100
6,2026-06-06T06:00,28.745304,-80.5696,17.6,118
7,2026-06-06T07:00,28.745304,-80.5696,18.4,107
8,2026-06-06T08:00,28.745304,-80.5696,17.6,116
9,2026-06-06T09:00,28.745304,-80.5696,20.4,107
10,2026-06-06T10:00,28.745304,-80.5696,21.7,109
11,2026-06-06T11:00,28.745304,-80.5696,18.8,97
12,2026-06-06T12:00,28.745304,-80.5696,22.2,98
13,2026-06-06T13:00,28.745304,-80.5696,20.7,98
14,2026-06-06T14:00,28.745304,-80.5696,20.0,97
15,2026-06-06T15:00,28.745304,-80.5696,20.5,100
16,2026-06-06T16:00,28.745304,-80.5696,21.3,92
17,2026-06-06T17:00,28.745304,-80.5696,21.3,87
18,2026-06-06T18:00,28.745304,-80.5696,19.5,85
19,2026-06-06T19:00,28.745304,-80.5696,21.3,87
20,2026-06-06T20:00,28.745304,-80.5696,19.9,85
21,2026-06-06T21:00,28.745304,-80.5696,19.8,87
22,2026-06-06T22:00,28.745304,-80.5696,20.6,95
23,2026-06-06T23:00,28.745304,-80.5696,18.4,102
24,2026-06-07T00:00,28.745304,-80.5696,17.7,102
25,2026-06-07T01:00,28.745304,-80.5696,17.5,98
26,2026-06-07T02:00,28.745304,-80.5696,18.0,106
27,2026-06-07T03:00,28.745304,-80.5696,19.0,109
28,2026-06-07T04:00,28.745304,-80.5696,18.3,105
29,2026-06-07T05:00,28.745304,-80.5696,20.1,114
30,2026-06-07T06:00,28.745304,-80.5696,17.6,113
31,2026-06-07T07:00,28.745304,-80.5696,15.0,120
32,2026-06-07T08:00,28.745304,-80.5696,14.2,117
33,2026-06-07T09:00,28.745304,-80.5696,10.2,108
34,2026-06-07T10:00,28.745304,-80.5696,8.0,108
35,2026-06-07T11:00,28.745304,-80.5696,7.4,104
36,2026-06-07T12:00,28.745304,-80.5696,7.2,93
37,2026-06-07T13:00,28.745304,-80.5696,6.9,84
38,2026-06-07T14:00,28.745304,-80.5696,6.5,87
39,2026-06-07T15:00,28.745304,-80.5696,4.7,86
40,2026-06-07T16:00,28.745304,-80.5696,8.4,70
41,2026-06-07T17:00,28.745304,-80.5696,13.0,71
42,2026-06-07T18:00,28.745304,-80.5696,15.7,70
43,2026-06-07T19:00,28.745304,-80.5696,16.1,80
44,2026-06-07T20:00,28.745304,-80.5696,19.1,93
45,2026-06-07T21:00,28.745304,-80.5696,21.8,98
46,2026-06-07T22:00,28.745304,-80.5696,23.3,98
47,2026-06-07T23:00,28.745304,-80.5696,24.3,114
0,2026-06-06T00:00,28.751545,-76.72471,19.7,52
1,2026-06-06T01:00,28.751545,-76.72471,19.7,50
2,2026-06-06T02:00,28.751545,-76.72471,19.2,52
3,2026-06-06T03:00,28.751545,-76.72471,18.2,60
4,2026-06-06T04:00,28.751545,-76.72471,18.4,64
5,2026-06-06T05:00,28.751545,-76.72471,18.1,73
6,2026-06-06T06:00,28.751545,-76.72471,18.3,68
7,2026-06-06T07:00,28.751545,-76.72471,17.9,68
8,2026-06-06T08:00,28.751545,-76.72471,18.2,72
9,2026-06-06T09:00,28.751545,-76.72471,15.1,78
10,2026-06-06T10:00,28.751545,-76.72471,13.0,76
11,2026-06-06T11:00,28.751545,-76.72471,12.1,73
12,2026-06-06T12:00,28.751545,-76.72471,10.0,69
13,2026-06-06T13:00,28.751545,-76.72471,12.2,45
14,2026-06-06T14:00,28.751545,-76.72471,14.5,60
15,2026-06-06T15:00,28.751545,-76.72471,15.6,50
16,2026-06-06T16:00,28.751545,-76.72471,17.1,48
17,2026-06-06T17:00,28.751545,-76.72471,17.1,48
18,2026-06-06T18:00,28.751545,-76.72471,16.1,42
19,2026-06-06T19:00,28.751545,-76.72471,15.8,63
20,2026-06-06T20:00,28.751545,-76.72471,15.2,68
21,2026-06-06T21:00,28.751545,-76.72471,16.9,89
22,2026-06-06T22:00,28.751545,-76.72471,14.5,84
23,2026-06-06T23:00,28.751545,-76.72471,12.7,75
24,2026-06-07T00:00,28.751545,-76.72471,13.7,88
25,2026-06-07T01:00,28.751545,-76.72471,12.3,97
26,2026-06-07T02:00,28.751545,-76.72471,12.9,103
27,2026-06-07T03:00,28.751545,-76.72471,14.4,91
28,2026-06-07T04:00,28.751545,-76.72471,11.1,115
29,2026-06-07T05:00,28.751545,-76.72471,8.8,102
30,2026-06-07T06:00,28.751545,-76.72471,8.7,85
31,2026-06-07T07:00,28.751545,-76.72471,8.4,70
32,2026-06-07T08:00,28.751545,-76.72471,9.9,80
33,2026-06-07T09:00,28.751545,-76.72471,9.8,84
34,2026-06-07T10:00,28.751545,-76.72471,9.8,73
35,2026-06-07T11:00,28.751545,-76.72471,10.8,64
36,2026-06-07T12:00,28.751545,-76.72471,10.5,68
37,2026-06-07T13:00,28.751545,-76.72471,10.6,72
38,2026-06-07T14:00,28.751545,-76.72471,12.6,59
39,2026-06-07T15:00,28.751545,-76.72471,12.8,79
40,2026-06-07T16:00,28.751545,-76.72471,17.3,85
41,2026-06-07T17:00,28.751545,-76.72471,17.9,80
42,2026-06-07T18:00,28.751545,-76.72471,16.9,70
43,2026-06-07T19:00,28.751545,-76.72471,18.2,98
44,2026-06-07T20:00,28.751545,-76.72471,20.8,100
45,2026-06-07T21:00,28.751545,-76.72471,20.3,97
46,2026-06-07T22:00,28.751545,-76.72471,22.7,100
47,2026-06-07T23:00,28.751545,-76.72471,21.7,96
0,2026-06-06T00:00,28.745358,-72.84582,15.6,34
1,2026-06-06T01:00,28.745358,-72.84582,13.7,35
2,2026-06-06T02:00,28.745358,-72.84582,16.7,37
3,2026-06-06T03:00,28.745358,-72.84582,15.1,38
4,2026-06-06T04:00,28.745358,-72.84582,14.5,44
5,2026-06-06T05:00,28.745358,-72.84582,14.5,48
6,2026-06-06T06:00,28.745358,-72.84582,13.3,49
7,2026-06-06T07:00,28.745358,-72.84582,12.5,51
8,2026-06-06T08:00,28.745358,-72.84582,12.8,58
9,2026-06-06T09:00,28.745358,-72.84582,13.2,61
10,2026-06-06T10:00,28.745358,-72.84582,12.7,61
11,2026-06-06T11:00,28.745358,-72.84582,11.4,66
12,2026-06-06T12:00,28.745358,-72.84582,12.4,68
13,2026-06-06T13:00,28.745358,-72.84582,12.4,54
14,2026-06-06T14:00,28.745358,-72.84582,14.0,44
15,2026-06-06T15:00,28.745358,-72.84582,14.6,40
16,2026-06-06T16:00,28.745358,-72.84582,14.8,39
17,2026-06-06T17:00,28.745358,-72.84582,15.8,43
18,2026-06-06T18:00,28.745358,-72.84582,15.3,47
19,2026-06-06T19:00,28.745358,-72.84582,16.3,68
20,2026-06-06T20:00,28.745358,-72.84582,17.1,83
21,2026-06-06T21:00,28.745358,-72.84582,16.8,81
22,2026-06-06T22:00,28.745358,-72.84582,20.5,88
23,2026-06-06T23:00,28.745358,-72.84582,19.1,88
24,2026-06-07T00:00,28.745358,-72.84582,16.2,94
25,2026-06-07T01:00,28.745358,-72.84582,15.1,93
26,2026-06-07T02:00,28.745358,-72.84582,14.2,99
27,2026-06-07T03:00,28.745358,-72.84582,9.4,97
28,2026-06-07T04:00,28.745358,-72.84582,10.8,111
29,2026-06-07T05:00,28.745358,-72.84582,14.0,91
30,2026-06-07T06:00,28.745358,-72.84582,14.4,86
31,2026-06-07T07:00,28.745358,-72.84582,13.0,88
32,2026-06-07T08:00,28.745358,-72.84582,11.6,68
33,2026-06-07T09:00,28.745358,-72.84582,13.1,53
34,2026-06-07T10:00,28.745358,-72.84582,14.5,63
35,2026-06-07T11:00,28.745358,-72.84582,14.7,68
36,2026-06-07T12:00,28.745358,-72.84582,15.9,72
37,2026-06-07T13:00,28.745358,-72.84582,16.0,67
38,2026-06-07T14:00,28.745358,-72.84582,15.2,68
39,2026-06-07T15:00,28.745358,-72.84582,16.5,74
40,2026-06-07T16:00,28.745358,-72.84582,18.4,92
41,2026-06-07T17:00,28.745358,-72.84582,18.8,95
42,2026-06-07T18:00,28.745358,-72.84582,19.4,101
43,2026-06-07T19:00,28.745358,-72.84582,20.9,109
44,2026-06-07T20:00,28.745358,-72.84582,17.8,104
45,2026-06-07T21:00,28.745358,-72.84582,19.0,109
46,2026-06-07T22:00,28.745358,-72.84582,18.7,115
47,2026-06-07T23:00,28.745358,-72.84582,18.9,104
0,2026-06-06T00:00,28.787346,-69.01715,5.6,42
1,2026-06-06T01:00,28.787346,-69.01715,6.9,23
2,2026-06-06T02:00,28.787346,-69.01715,9.2,17
3,2026-06-06T03:00,28.787346,-69.01715,8.8,23
4,2026-06-06T04:00,28.787346,-69.01715,9.7,19
5,2026-06-06T05:00,28.787346,-69.01715,9.0,26
6,2026-06-06T06:00,28.787346,-69.01715,9.6,34
7,2026-06-06T07:00,28.787346,-69.01715,10.8,43
8,2026-06-06T08:00,28.787346,-69.01715,12.8,39
9,2026-06-06T09:00,28.787346,-69.01715,14.7,39
10,2026-06-06T10:00,28.787346,-69.01715,14.1,46
11,2026-06-06T11:00,28.787346,-69.01715,13.2,47
12,2026-06-06T12:00,28.787346,-69.01715,12.5,54
13,2026-06-06T13:00,28.787346,-69.01715,13.1,58
14,2026-06-06T14:00,28.787346,-69.01715,15.3,60
15,2026-06-06T15:00,28.787346,-69.01715,16.3,65
16,2026-06-06T16:00,28.787346,-69.01715,13.9,80
17,2026-06-06T17:00,28.787346,-69.01715,11.9,93
18,2026-06-06T18:00,28.787346,-69.01715,11.0,100
19,2026-06-06T19:00,28.787346,-69.01715,10.8,101
20,2026-06-06T20:00,28.787346,-69.01715,11.2,96
21,2026-06-06T21:00,28.787346,-69.01715,13.0,86
22,2026-06-06T22:00,28.787346,-69.01715,13.7,92
23,2026-06-06T23:00,28.787346,-69.01715,13.4,85
24,2026-06-07T00:00,28.787346,-69.01715,12.2,82
25,2026-06-07T01:00,28.787346,-69.01715,10.4,104
26,2026-06-07T02:00,28.787346,-69.01715,10.2,126
27,2026-06-07T03:00,28.787346,-69.01715,9.5,129
28,2026-06-07T04:00,28.787346,-69.01715,10.7,131
29,2026-06-07T05:00,28.787346,-69.01715,11.1,140
30,2026-06-07T06:00,28.787346,-69.01715,12.8,160
31,2026-06-07T07:00,28.787346,-69.01715,12.1,165
32,2026-06-07T08:00,28.787346,-69.01715,10.2,167
33,2026-06-07T09:00,28.787346,-69.01715,8.5,159
34,2026-06-07T10:00,28.787346,-69.01715,11.7,160
35,2026-06-07T11:00,28.787346,-69.01715,8.9,167
36,2026-06-07T12:00,28.787346,-69.01715,9.6,168
37,2026-06-07T13:00,28.787346,-69.01715,9.7,145
38,2026-06-07T14:00,28.787346,-69.01715,11.8,155
39,2026-06-07T15:00,28.787346,-69.01715,13.4,154
40,2026-06-07T16:00,28.787346,-69.01715,13.0,156
41,2026-06-07T17:00,28.787346,-69.01715,7.1,131
42,2026-06-07T18:00,28.787346,-69.01715,7.0,157
43,2026-06-07T19:00,28.787346,-69.01715,10.0,150
44,2026-06-07T20:00,28.787346,-69.01715,10.9,192
45,2026-06-07T21:00,28.787346,-69.01715,6.4,207
46,2026-06-07T22:00,28.787346,-69.01715,1.4,230
47,2026-06-07T23:00,28.787346,-69.01715,1.5,83
0,2026-06-06T00:00,31.508415,-122.995,32.9,356
1,2026-06-06T01:00,31.508415,-122.995,35.5,350
2,2026-06-06T02:00,31.508415,-122.995,37.0,353
3,2026-06-06T03:00,31.508415,-122.995,36.9,354
4,2026-06-06T04:00,31.508415,-122.995,37.8,352
5,2026-06-06T05:00,31.508415,-122.995,38.6,356
6,2026-06-06T06:00,31.508415,-122.995,39.2,359
7,2026-06-06T07:00,31.508415,-122.995,39.3,3
8,2026-06-06T08:00,31.508415,-122.995,38.3,5
9,2026-06-06T09:00,31.508415,-122.995,39.2,7
10,2026-06-06T10:00,31.508415,-122.995,39.0,9
11,2026-06-06T11:00,31.508415,-122.995,38.1,10
12,2026-06-06T12:00,31.508415,-122.995,38.1,10
13,2026-06-06T13:00,31.508415,-122.995,37.6,12
14,2026-06-06T14:00,31.508415,-122.995,36.9,13
15,2026-06-06T15:00,31.508415,-122.995,36.6,13
16,2026-06-06T16:00,31.508415,-122.995,35.9,13
17,2026-06-06T17:00,31.508415,-122.995,36.1,12
18,2026-06-06T18:00,31.508415,-122.995,37.3,10
19,2026-06-06T19:00,31.508415,-122.995,38.5,8
20,2026-06-06T20:00,31.508415,-122.995,39.7,8
21,2026-06-06T21:00,31.508415,-122.995,40.5,10
22,2026-06-06T22:00,31.508415,-122.995,42.6,9
23,2026-06-06T23:00,31.508415,-122.995,42.2,8
24,2026-06-07T00:00,31.508415,-122.995,41.5,9
25,2026-06-07T01:00,31.508415,-122.995,41.3,7
26,2026-06-07T02:00,31.508415,-122.995,41.6,9
27,2026-06-07T03:00,31.508415,-122.995,41.6,12
28,2026-06-07T04:00,31.508415,-122.995,41.5,12
29,2026-06-07T05:00,31.508415,-122.995,40.4,11
30,2026-06-07T06:00,31.508415,-122.995,38.9,11
31,2026-06-07T07:00,31.508415,-122.995,38.3,9
32,2026-06-07T08:00,31.508415,-122.995,39.0,9
33,2026-06-07T09:00,31.508415,-122.995,38.6,9
34,2026-06-07T10:00,31.508415,-122.995,38.2,9
35,2026-06-07T11:00,31.508415,-122.995,38.3,9
36,2026-06-07T12:00,31.508415,-122.995,37.7,7
37,2026-06-07T13:00,31.508415,-122.995,38.0,5
38,2026-06-07T14:00,31.508415,-122.995,38.0,5
39,2026-06-07T15:00,31.508415,-122.995,38.0,10
40,2026-06-07T16:00,31.508415,-122.995,37.8,8
41,2026-06-07T17:00,31.508415,-122.995,35.5,10
42,2026-06-07T18:00,31.508415,-122.995,35.4,5
43,2026-06-07T19:00,31.508415,-122.995,35.3,2
44,2026-06-07T20:00,31.508415,-122.995,34.6,1
45,2026-06-07T21:00,31.508415,-122.995,35.6,1
46,2026-06-07T22:00,31.508415,-122.995,36.7,358
47,2026-06-07T23:00,31.508415,-122.995,37.1,357
0,2026-06-06T00:00,31.512281,-119.13138,16.3,313
1,2026-06-06T01:00,31.512281,-119.13138,15.6,331
2,2026-06-06T02:00,31.512281,-119.13138,17.9,332
3,2026-06-06T03:00,31.512281,-119.13138,16.0,324
4,2026-06-06T04:00,31.512281,-119.13138,17.4,322
5,2026-06-06T05:00,31.512281,-119.13138,16.5,316
6,2026-06-06T06:00,31.512281,-119.13138,14.5,314
7,2026-06-06T07:00,31.512281,-119.13138,16.4,320
8,2026-06-06T08:00,31.512281,-119.13138,14.5,325
9,2026-06-06T09:00,31.512281,-119.13138,15.5,329
10,2026-06-06T10:00,31.512281,-119.13138,15.0,333
11,2026-06-06T11:00,31.512281,-119.13138,12.0,339
12,2026-06-06T12:00,31.512281,-119.13138,9.2,339
13,2026-06-06T13:00,31.512281,-119.13138,7.0,339
14,2026-06-06T14:00,31.512281,-119.13138,7.5,325
15,2026-06-06T15:00,31.512281,-119.13138,8.3,304
16,2026-06-06T16:00,31.512281,-119.13138,10.7,282
17,2026-06-06T17:00,31.512281,-119.13138,9.0,275
18,2026-06-06T18:00,31.512281,-119.13138,10.8,266
19,2026-06-06T19:00,31.512281,-119.13138,14.0,270
20,2026-06-06T20:00,31.512281,-119.13138,13.0,265
21,2026-06-06T21:00,31.512281,-119.13138,14.5,263
22,2026-06-06T22:00,31.512281,-119.13138,9.7,292
23,2026-06-06T23:00,31.512281,-119.13138,9.0,307
24,2026-06-07T00:00,31.512281,-119.13138,6.6,319
25,2026-06-07T01:00,31.512281,-119.13138,6.9,321
26,2026-06-07T02:00,31.512281,-119.13138,7.9,336
27,2026-06-07T03:00,31.512281,-119.13138,12.4,350
28,2026-06-07T04:00,31.512281,-119.13138,13.7,3
29,2026-06-07T05:00,31.512281,-119.13138,11.5,32
30,2026-06-07T06:00,31.512281,-119.13138,9.3,36
31,2026-06-07T07:00,31.512281,-119.13138,8.4,7
32,2026-06-07T08:00,31.512281,-119.13138,21.4,353
33,2026-06-07T09:00,31.512281,-119.13138,21.7,348
34,2026-06-07T10:00,31.512281,-119.13138,22.4,345
35,2026-06-07T11:00,31.512281,-119.13138,24.7,339
36,2026-06-07T12:00,31.512281,-119.13138,25.8,333
37,2026-06-07T13:00,31.512281,-119.13138,20.7,343
38,2026-06-07T14:00,31.512281,-119.13138,20.4,343
39,2026-06-07T15:00,31.512281,-119.13138,18.9,339
40,2026-06-07T16:00,31.512281,-119.13138,18.5,336
41,2026-06-07T17:00,31.512281,-119.13138,16.8,337
42,2026-06-07T18:00,31.512281,-119.13138,16.3,332
43,2026-06-07T19:00,31.512281,-119.13138,17.5,328
44,2026-06-07T20:00,31.512281,-119.13138,19.0,327
45,2026-06-07T21:00,31.512281,-119.13138,21.4,327
46,2026-06-07T22:00,31.512281,-119.13138,22.2,328
47,2026-06-07T23:00,31.512281,-119.13138,23.9,329
0,2026-06-06T00:00,31.514563,-115.27345,21.0,142
1,2026-06-06T01:00,31.514563,-115.27345,17.4,150
2,2026-06-06T02:00,31.514563,-115.27345,13.5,209
3,2026-06-06T03:00,31.514563,-115.27345,22.0,252
4,2026-06-06T04:00,31.514563,-115.27345,20.8,244
5,2026-06-06T05:00,31.514563,-115.27345,17.2,241
6,2026-06-06T06:00,31.514563,-115.27345,17.1,240
7,2026-06-06T07:00,31.514563,-115.27345,17.9,240
8,2026-06-06T08:00,31.514563,-115.27345,17.1,240
9,2026-06-06T09:00,31.514563,-115.27345,17.9,242
10,2026-06-06T10:00,31.514563,-115.27345,16.6,236
11,2026-06-06T11:00,31.514563,-115.27345,17.1,240
12,2026-06-06T12:00,31.514563,-115.27345,15.8,240
13,2026-06-06T13:00,31.514563,-115.27345,15.5,242
14,2026-06-06T14:00,31.514563,-115.27345,12.3,232
15,2026-06-06T15:00,31.514563,-115.27345,7.8,214
16,2026-06-06T16:00,31.514563,-115.27345,7.4,119
17,2026-06-06T17:00,31.514563,-115.27345,14.5,113
18,2026-06-06T18:00,31.514563,-115.27345,16.6,114
19,2026-06-06T19:00,31.514563,-115.27345,20.8,113
20,2026-06-06T20:00,31.514563,-115.27345,21.4,126
21,2026-06-06T21:00,31.514563,-115.27345,25.5,130
22,2026-06-06T22:00,31.514563,-115.27345,19.9,135
23,2026-06-06T23:00,31.514563,-115.27345,10.9,214
24,2026-06-07T00:00,31.514563,-115.27345,27.6,255
25,2026-06-07T01:00,31.514563,-115.27345,31.8,254
26,2026-06-07T02:00,31.514563,-115.27345,32.6,254
27,2026-06-07T03:00,31.514563,-115.27345,33.1,251
28,2026-06-07T04:00,31.514563,-115.27345,35.5,250
29,2026-06-07T05:00,31.514563,-115.27345,35.2,248
30,2026-06-07T06:00,31.514563,-115.27345,34.0,244
31,2026-06-07T07:00,31.514563,-115.27345,27.0,243
32,2026-06-07T08:00,31.514563,-115.27345,23.7,246
33,2026-06-07T09:00,31.514563,-115.27345,21.8,257
34,2026-06-07T10:00,31.514563,-115.27345,11.5,346
35,2026-06-07T11:00,31.514563,-115.27345,13.0,312
36,2026-06-07T12:00,31.514563,-115.27345,10.7,303
37,2026-06-07T13:00,31.514563,-115.27345,10.5,301
38,2026-06-07T14:00,31.514563,-115.27345,8.5,324
39,2026-06-07T15:00,31.514563,-115.27345,13.2,338
40,2026-06-07T16:00,31.514563,-115.27345,13.3,357
41,2026-06-07T17:00,31.514563,-115.27345,13.8,9
42,2026-06-07T18:00,31.514563,-115.27345,14.8,1
43,2026-06-07T19:00,31.514563,-115.27345,11.7,18
44,2026-06-07T20:00,31.514563,-115.27345,12.6,77
45,2026-06-07T21:00,31.514563,-115.27345,24.9,129
46,2026-06-07T22:00,31.514563,-115.27345,24.2,131
47,2026-06-07T23:00,31.514563,-115.27345,20.4,138
0,2026-06-06T00:00,31.485056,-111.44102,23.2,298
1,2026-06-06T01:00,31.485056,-111.44102,31.7,270
2,2026-06-06T02:00,31.485056,-111.44102,26.3,274
3,2026-06-06T03:00,31.485056,-111.44102,19.1,270
4,2026-06-06T04:00,31.485056,-111.44102,15.8,271
5,2026-06-06T05:00,31.485056,-111.44102,12.3,265
6,2026-06-06T06:00,31.485056,-111.44102,7.8,248
7,2026-06-06T07:00,31.485056,-111.44102,7.7,221
8,2026-06-06T08:00,31.485056,-111.44102,10.1,176
9,2026-06-06T09:00,31.485056,-111.44102,12.4,172
10,2026-06-06T10:00,31.485056,-111.44102,11.5,160
11,2026-06-06T11:00,31.485056,-111.44102,12.8,148
12,2026-06-06T12:00,31.485056,-111.44102,12.5,141
13,2026-06-06T13:00,31.485056,-111.44102,11.7,135
14,2026-06-06T14:00,31.485056,-111.44102,14.2,150
15,2026-06-06T15:00,31.485056,-111.44102,18.0,168
16,2026-06-06T16:00,31.485056,-111.44102,17.7,200
17,2026-06-06T17:00,31.485056,-111.44102,20.1,227
18,2026-06-06T18:00,31.485056,-111.44102,17.5,233
19,2026-06-06T19:00,31.485056,-111.44102,18.2,245
20,2026-06-06T20:00,31.485056,-111.44102,17.4,240
21,2026-06-06T21:00,31.485056,-111.44102,18.5,246
22,2026-06-06T22:00,31.485056,-111.44102,20.1,249
23,2026-06-06T23:00,31.485056,-111.44102,22.8,249
24,2026-06-07T00:00,31.485056,-111.44102,22.9,262
25,2026-06-07T01:00,31.485056,-111.44102,27.5,259
26,2026-06-07T02:00,31.485056,-111.44102,24.6,259
27,2026-06-07T03:00,31.485056,-111.44102,20.1,260
28,2026-06-07T04:00,31.485056,-111.44102,17.4,257
29,2026-06-07T05:00,31.485056,-111.44102,12.4,240
30,2026-06-07T06:00,31.485056,-111.44102,13.9,211
31,2026-06-07T07:00,31.485056,-111.44102,13.6,192
32,2026-06-07T08:00,31.485056,-111.44102,16.9,168
33,2026-06-07T09:00,31.485056,-111.44102,15.0,163
34,2026-06-07T10:00,31.485056,-111.44102,16.3,152
35,2026-06-07T11:00,31.485056,-111.44102,17.8,148
36,2026-06-07T12:00,31.485056,-111.44102,16.8,152
37,2026-06-07T13:00,31.485056,-111.44102,15.5,152
38,2026-06-07T14:00,31.485056,-111.44102,20.6,168
39,2026-06-07T15:00,31.485056,-111.44102,24.9,176
40,2026-06-07T16:00,31.485056,-111.44102,29.2,181
41,2026-06-07T17:00,31.485056,-111.44102,29.8,188
42,2026-06-07T18:00,31.485056,-111.44102,30.9,191
43,2026-06-07T19:00,31.485056,-111.44102,33.5,195
44,2026-06-07T20:00,31.485056,-111.44102,33.2,198
45,2026-06-07T21:00,31.485056,-111.44102,32.8,199
46,2026-06-07T22:00,31.485056,-111.44102,34.2,210
47,2026-06-07T23:00,31.485056,-111.44102,28.8,204
0,2026-06-06T00:00,31.511898,-107.57975,15.3,171
1,2026-06-06T01:00,31.511898,-107.57975,25.4,325
2,2026-06-06T02:00,31.511898,-107.57975,12.7,305
3,2026-06-06T03:00,31.511898,-107.57975,5.2,155
4,2026-06-06T04:00,31.511898,-107.57975,8.0,36
5,2026-06-06T05:00,31.511898,-107.57975,14.8,47
6,2026-06-06T06:00,31.511898,-107.57975,8.0,288
7,2026-06-06T07:00,31.511898,-107.57975,19.9,186
8,2026-06-06T08:00,31.511898,-107.57975,15.9,155
9,2026-06-06T09:00,31.511898,-107.57975,9.0,355
10,2026-06-06T10:00,31.511898,-107.57975,8.8,305
11,2026-06-06T11:00,31.511898,-107.57975,9.2,64
12,2026-06-06T12:00,31.511898,-107.57975,3.5,336
13,2026-06-06T13:00,31.511898,-107.57975,5.8,266
14,2026-06-06T14:00,31.511898,-107.57975,4.0,243
15,2026-06-06T15:00,31.511898,-107.57975,9.7,274
16,2026-06-06T16:00,31.511898,-107.57975,10.4,284
17,2026-06-06T17:00,31.511898,-107.57975,14.0,293
18,2026-06-06T18:00,31.511898,-107.57975,20.4,312
19,2026-06-06T19:00,31.511898,-107.57975,23.7,316
20,2026-06-06T20:00,31.511898,-107.57975,24.1,309
21,2026-06-06T21:00,31.511898,-107.57975,21.3,304
22,2026-06-06T22:00,31.511898,-107.57975,17.1,309
23,2026-06-06T23:00,31.511898,-107.57975,20.1,291
24,2026-06-07T00:00,31.511898,-107.57975,13.2,331
25,2026-06-07T01:00,31.511898,-107.57975,17.2,323
26,2026-06-07T02:00,31.511898,-107.57975,6.6,283
27,2026-06-07T03:00,31.511898,-107.57975,10.7,290
28,2026-06-07T04:00,31.511898,-107.57975,11.8,282
29,2026-06-07T05:00,31.511898,-107.57975,11.2,291
30,2026-06-07T06:00,31.511898,-107.57975,20.4,244
31,2026-06-07T07:00,31.511898,-107.57975,27.0,261
32,2026-06-07T08:00,31.511898,-107.57975,24.1,269
33,2026-06-07T09:00,31.511898,-107.57975,22.7,270
34,2026-06-07T10:00,31.511898,-107.57975,21.3,274
35,2026-06-07T11:00,31.511898,-107.57975,24.1,270
36,2026-06-07T12:00,31.511898,-107.57975,22.4,274
37,2026-06-07T13:00,31.511898,-107.57975,23.6,278
38,2026-06-07T14:00,31.511898,-107.57975,25.0,288
39,2026-06-07T15:00,31.511898,-107.57975,28.9,303
40,2026-06-07T16:00,31.511898,-107.57975,29.2,308
41,2026-06-07T17:00,31.511898,-107.57975,24.5,311
42,2026-06-07T18:00,31.511898,-107.57975,21.9,311
43,2026-06-07T19:00,31.511898,-107.57975,19.2,308
44,2026-06-07T20:00,31.511898,-107.57975,19.5,273
45,2026-06-07T21:00,31.511898,-107.57975,16.9,290
46,2026-06-07T22:00,31.511898,-107.57975,19.1,274
47,2026-06-07T23:00,31.511898,-107.57975,21.5,320
0,2026-06-06T00:00,31.5094,-103.69977,13.7,207
1,2026-06-06T01:00,31.5094,-103.69977,16.6,240
2,2026-06-06T02:00,31.5094,-103.69977,12.2,317
3,2026-06-06T03:00,31.5094,-103.69977,12.7,227
4,2026-06-06T04:00,31.5094,-103.69977,8.4,100
5,2026-06-06T05:00,31.5094,-103.69977,4.0,355
6,2026-06-06T06:00,31.5094,-103.69977,6.1,220
7,2026-06-06T07:00,31.5094,-103.69977,12.7,125
8,2026-06-06T08:00,31.5094,-103.69977,5.0,180
9,2026-06-06T09:00,31.5094,-103.69977,5.0,240
10,2026-06-06T10:00,31.5094,-103.69977,10.0,77
11,2026-06-06T11:00,31.5094,-103.69977,10.1,117
12,2026-06-06T12:00,31.5094,-103.69977,5.1,172
13,2026-06-06T13:00,31.5094,-103.69977,2.8,40
14,2026-06-06T14:00,31.5094,-103.69977,5.8,83
15,2026-06-06T15:00,31.5094,-103.69977,5.5,101
16,2026-06-06T16:00,31.5094,-103.69977,3.5,156
17,2026-06-06T17:00,31.5094,-103.69977,6.8,162
18,2026-06-06T18:00,31.5094,-103.69977,10.4,146
19,2026-06-06T19:00,31.5094,-103.69977,6.6,189
20,2026-06-06T20:00,31.5094,-103.69977,2.5,188
21,2026-06-06T21:00,31.5094,-103.69977,5.0,111
22,2026-06-06T22:00,31.5094,-103.69977,6.4,333
23,2026-06-06T23:00,31.5094,-103.69977,5.0,60
24,2026-06-07T00:00,31.5094,-103.69977,5.5,58
25,2026-06-07T01:00,31.5094,-103.69977,10.3,115
26,2026-06-07T02:00,31.5094,-103.69977,11.3,121
27,2026-06-07T03:00,31.5094,-103.69977,12.2,133
28,2026-06-07T04:00,31.5094,-103.69977,15.3,156
29,2026-06-07T05:00,31.5094,-103.69977,9.3,118
30,2026-06-07T06:00,31.5094,-103.69977,10.5,94
31,2026-06-07T07:00,31.5094,-103.69977,7.8,77
32,2026-06-07T08:00,31.5094,-103.69977,6.6,77
33,2026-06-07T09:00,31.5094,-103.69977,5.5,247
34,2026-06-07T10:00,31.5094,-103.69977,8.5,298
35,2026-06-07T11:00,31.5094,-103.69977,7.1,300
36,2026-06-07T12:00,31.5094,-103.69977,7.3,20
37,2026-06-07T13:00,31.5094,-103.69977,5.0,30
38,2026-06-07T14:00,31.5094,-103.69977,3.5,114
39,2026-06-07T15:00,31.5094,-103.69977,5.4,217
40,2026-06-07T16:00,31.5094,-103.69977,3.1,291
41,2026-06-07T17:00,31.5094,-103.69977,4.9,306
42,2026-06-07T18:00,31.5094,-103.69977,4.0,10
43,2026-06-07T19:00,31.5094,-103.69977,6.2,21
44,2026-06-07T20:00,31.5094,-103.69977,4.1,52
45,2026-06-07T21:00,31.5094,-103.69977,2.9,90
46,2026-06-07T22:00,31.5094,-103.69977,1.8,259
47,2026-06-07T23:00,31.5094,-103.69977,9.2,309
0,2026-06-06T00:00,31.500793,-99.86229,15.3,133
1,2026-06-06T01:00,31.500793,-99.86229,18.9,256
2,2026-06-06T02:00,31.500793,-99.86229,9.5,171
3,2026-06-06T03:00,31.500793,-99.86229,10.7,123
4,2026-06-06T04:00,31.500793,-99.86229,17.4,128
5,2026-06-06T05:00,31.500793,-99.86229,17.1,141
6,2026-06-06T06:00,31.500793,-99.86229,26.9,262
7,2026-06-06T07:00,31.500793,-99.86229,7.1,221
8,2026-06-06T08:00,31.500793,-99.86229,8.6,182
9,2026-06-06T09:00,31.500793,-99.86229,2.9,270
10,2026-06-06T10:00,31.500793,-99.86229,5.9,227
11,2026-06-06T11:00,31.500793,-99.86229,7.9,204
12,2026-06-06T12:00,31.500793,-99.86229,8.4,160
13,2026-06-06T13:00,31.500793,-99.86229,12.1,157
14,2026-06-06T14:00,31.500793,-99.86229,14.5,166
15,2026-06-06T15:00,31.500793,-99.86229,12.5,213
16,2026-06-06T16:00,31.500793,-99.86229,11.8,247
17,2026-06-06T17:00,31.500793,-99.86229,7.6,245
18,2026-06-06T18:00,31.500793,-99.86229,7.0,192
19,2026-06-06T19:00,31.500793,-99.86229,12.0,164
20,2026-06-06T20:00,31.500793,-99.86229,3.6,90
21,2026-06-06T21:00,31.500793,-99.86229,15.0,44
22,2026-06-06T22:00,31.500793,-99.86229,14.4,3
23,2026-06-06T23:00,31.500793,-99.86229,10.0,52
24,2026-06-07T00:00,31.500793,-99.86229,12.1,100
25,2026-06-07T01:00,31.500793,-99.86229,22.9,277
26,2026-06-07T02:00,31.500793,-99.86229,12.8,338
27,2026-06-07T03:00,31.500793,-99.86229,11.8,113
28,2026-06-07T04:00,31.500793,-99.86229,4.7,113
29,2026-06-07T05:00,31.500793,-99.86229,8.0,162
30,2026-06-07T06:00,31.500793,-99.86229,4.5,166
31,2026-06-07T07:00,31.500793,-99.86229,4.1,232
32,2026-06-07T08:00,31.500793,-99.86229,6.2,83
33,2026-06-07T09:00,31.500793,-99.86229,4.7,94
34,2026-06-07T10:00,31.500793,-99.86229,6.9,99
35,2026-06-07T11:00,31.500793,-99.86229,7.6,93
36,2026-06-07T12:00,31.500793,-99.86229,7.6,90
37,2026-06-07T13:00,31.500793,-99.86229,11.2,195
38,2026-06-07T14:00,31.500793,-99.86229,15.5,211
39,2026-06-07T15:00,31.500793,-99.86229,19.1,212
40,2026-06-07T16:00,31.500793,-99.86229,18.6,224
41,2026-06-07T17:00,31.500793,-99.86229,19.2,218
42,2026-06-07T18:00,31.500793,-99.86229,17.7,209
43,2026-06-07T19:00,31.500793,-99.86229,18.5,193
44,2026-06-07T20:00,31.500793,-99.86229,18.2,194
45,2026-06-07T21:00,31.500793,-99.86229,18.3,200
46,2026-06-07T22:00,31.500793,-99.86229,23.8,182
47,2026-06-07T23:00,31.500793,-99.86229,24.5,184
0,2026-06-06T00:00,31.489414,-95.99839,12.5,102
1,2026-06-06T01:00,31.489414,-95.99839,8.0,85
2,2026-06-06T02:00,31.489414,-95.99839,8.9,104
3,2026-06-06T03:00,31.489414,-95.99839,7.2,117
4,2026-06-06T04:00,31.489414,-95.99839,7.6,95
5,2026-06-06T05:00,31.489414,-95.99839,8.4,121
6,2026-06-06T06:00,31.489414,-95.99839,6.8,115
7,2026-06-06T07:00,31.489414,-95.99839,6.6,119
8,2026-06-06T08:00,31.489414,-95.99839,6.6,139
9,2026-06-06T09:00,31.489414,-95.99839,2.9,97
10,2026-06-06T10:00,31.489414,-95.99839,5.8,94
11,2026-06-06T11:00,31.489414,-95.99839,10.1,88
12,2026-06-06T12:00,31.489414,-95.99839,10.8,120
13,2026-06-06T13:00,31.489414,-95.99839,8.1,135
14,2026-06-06T14:00,31.489414,-95.99839,7.1,135
15,2026-06-06T15:00,31.489414,-95.99839,4.7,180
16,2026-06-06T16:00,31.489414,-95.99839,11.8,23
17,2026-06-06T17:00,31.489414,-95.99839,7.2,87
18,2026-06-06T18:00,31.489414,-95.99839,10.1,88
19,2026-06-06T19:00,31.489414,-95.99839,7.6,95
20,2026-06-06T20:00,31.489414,-95.99839,7.6,85
21,2026-06-06T21:00,31.489414,-95.99839,8.4,80
22,2026-06-06T22:00,31.489414,-95.99839,12.0,196
23,2026-06-06T23:00,31.489414,-95.99839,8.4,173
24,2026-06-07T00:00,31.489414,-95.99839,9.7,158
25,2026-06-07T01:00,31.489414,-95.99839,7.1,139
26,2026-06-07T02:00,31.489414,-95.99839,8.6,105
27,2026-06-07T03:00,31.489414,-95.99839,13.0,124
28,2026-06-07T04:00,31.489414,-95.99839,8.7,150
29,2026-06-07T05:00,31.489414,-95.99839,6.8,155
30,2026-06-07T06:00,31.489414,-95.99839,7.1,165
31,2026-06-07T07:00,31.489414,-95.99839,7.5,163
32,2026-06-07T08:00,31.489414,-95.99839,6.0,147
33,2026-06-07T09:00,31.489414,-95.99839,5.2,155
34,2026-06-07T10:00,31.489414,-95.99839,6.8,177
35,2026-06-07T11:00,31.489414,-95.99839,6.2,187
36,2026-06-07T12:00,31.489414,-95.99839,8.0,162
37,2026-06-07T13:00,31.489414,-95.99839,9.3,167
38,2026-06-07T14:00,31.489414,-95.99839,20.0,194
39,2026-06-07T15:00,31.489414,-95.99839,15.7,189
40,2026-06-07T16:00,31.489414,-95.99839,17.8,198
41,2026-06-07T17:00,31.489414,-95.99839,18.3,196
42,2026-06-07T18:00,31.489414,-95.99839,21.3,184
43,2026-06-07T19:00,31.489414,-95.99839,20.6,186
44,2026-06-07T20:00,31.489414,-95.99839,18.6,195
45,2026-06-07T21:00,31.489414,-95.99839,9.8,204
46,2026-06-07T22:00,31.489414,-95.99839,24.8,181
47,2026-06-07T23:00,31.489414,-95.99839,19.0,161
0,2026-06-06T00:00,31.501873,-92.16281,6.0,57
1,2026-06-06T01:00,31.501873,-92.16281,3.3,103
2,2026-06-06T02:00,31.501873,-92.16281,2.3,141
3,2026-06-06T03:00,31.501873,-92.16281,13.0,104
4,2026-06-06T04:00,31.501873,-92.16281,16.6,129
5,2026-06-06T05:00,31.501873,-92.16281,16.3,135
6,2026-06-06T06:00,31.501873,-92.16281,14.0,132
7,2026-06-06T07:00,31.501873,-92.16281,12.1,117
8,2026-06-06T08:00,31.501873,-92.16281,12.9,108
9,2026-06-06T09:00,31.501873,-92.16281,12.9,108
10,2026-06-06T10:00,31.501873,-92.16281,13.3,109
11,2026-06-06T11:00,31.501873,-92.16281,11.1,103
12,2026-06-06T12:00,31.501873,-92.16281,10.6,108
13,2026-06-06T13:00,31.501873,-92.16281,9.2,111
14,2026-06-06T14:00,31.501873,-92.16281,7.0,125
15,2026-06-06T15:00,31.501873,-92.16281,7.8,158
16,2026-06-06T16:00,31.501873,-92.16281,5.4,143
17,2026-06-06T17:00,31.501873,-92.16281,5.8,173
18,2026-06-06T18:00,31.501873,-92.16281,18.1,193
19,2026-06-06T19:00,31.501873,-92.16281,10.0,167
20,2026-06-06T20:00,31.501873,-92.16281,3.3,41
21,2026-06-06T21:00,31.501873,-92.16281,7.3,110
22,2026-06-06T22:00,31.501873,-92.16281,9.4,162
23,2026-06-06T23:00,31.501873,-92.16281,13.0,156
24,2026-06-07T00:00,31.501873,-92.16281,17.7,151
25,2026-06-07T01:00,31.501873,-92.16281,13.6,158
26,2026-06-07T02:00,31.501873,-92.16281,10.7,166
27,2026-06-07T03:00,31.501873,-92.16281,11.2,180
28,2026-06-07T04:00,31.501873,-92.16281,12.3,173
29,2026-06-07T05:00,31.501873,-92.16281,16.4,165
30,2026-06-07T06:00,31.501873,-92.16281,15.6,173
31,2026-06-07T07:00,31.501873,-92.16281,15.3,171
32,2026-06-07T08:00,31.501873,-92.16281,14.5,174
33,2026-06-07T09:00,31.501873,-92.16281,11.5,184
34,2026-06-07T10:00,31.501873,-92.16281,11.6,173
35,2026-06-07T11:00,31.501873,-92.16281,12.7,165
36,2026-06-07T12:00,31.501873,-92.16281,17.7,168
37,2026-06-07T13:00,31.501873,-92.16281,17.9,195
38,2026-06-07T14:00,31.501873,-92.16281,18.3,200
39,2026-06-07T15:00,31.501873,-92.16281,14.3,208
40,2026-06-07T16:00,31.501873,-92.16281,18.6,190
41,2026-06-07T17:00,31.501873,-92.16281,18.7,203
42,2026-06-07T18:00,31.501873,-92.16281,20.8,217
43,2026-06-07T19:00,31.501873,-92.16281,15.7,196
44,2026-06-07T20:00,31.501873,-92.16281,20.2,196
45,2026-06-07T21:00,31.501873,-92.16281,23.1,201
46,2026-06-07T22:00,31.501873,-92.16281,18.2,198
47,2026-06-07T23:00,31.501873,-92.16281,21.0,192
0,2026-06-06T00:00,31.50873,-88.28578,4.1,75
1,2026-06-06T01:00,31.50873,-88.28578,5.8,158
2,2026-06-06T02:00,31.50873,-88.28578,6.3,167
3,2026-06-06T03:00,31.50873,-88.28578,2.9,120
4,2026-06-06T04:00,31.50873,-88.28578,6.2,126
5,2026-06-06T05:00,31.50873,-88.28578,7.6,135
6,2026-06-06T06:00,31.50873,-88.28578,6.6,135
7,2026-06-06T07:00,31.50873,-88.28578,6.3,121
8,2026-06-06T08:00,31.50873,-88.28578,7.1,131
9,2026-06-06T09:00,31.50873,-88.28578,6.3,114
10,2026-06-06T10:00,31.50873,-88.28578,7.3,99
11,2026-06-06T11:00,31.50873,-88.28578,7.3,101
12,2026-06-06T12:00,31.50873,-88.28578,9.3,103
13,2026-06-06T13:00,31.50873,-88.28578,12.0,111
14,2026-06-06T14:00,31.50873,-88.28578,12.4,112
15,2026-06-06T15:00,31.50873,-88.28578,14.3,124
16,2026-06-06T16:00,31.50873,-88.28578,14.1,122
17,2026-06-06T17:00,31.50873,-88.28578,14.7,115
18,2026-06-06T18:00,31.50873,-88.28578,14.0,116
19,2026-06-06T19:00,31.50873,-88.28578,18.7,150
20,2026-06-06T20:00,31.50873,-88.28578,8.9,133
21,2026-06-06T21:00,31.50873,-88.28578,16.5,157
22,2026-06-06T22:00,31.50873,-88.28578,17.1,150
23,2026-06-06T23:00,31.50873,-88.28578,15.9,147
24,2026-06-07T00:00,31.50873,-88.28578,15.1,140
25,2026-06-07T01:00,31.50873,-88.28578,11.9,155
26,2026-06-07T02:00,31.50873,-88.28578,11.4,156
27,2026-06-07T03:00,31.50873,-88.28578,10.0,154
28,2026-06-07T04:00,31.50873,-88.28578,11.0,157
29,2026-06-07T05:00,31.50873,-88.28578,11.3,153
30,2026-06-07T06:00,31.50873,-88.28578,9.5,171
31,2026-06-07T07:00,31.50873,-88.28578,10.2,162
32,2026-06-07T08:00,31.50873,-88.28578,12.4,163
33,2026-06-07T09:00,31.50873,-88.28578,9.7,165
34,2026-06-07T10:00,31.50873,-88.28578,6.8,177
35,2026-06-07T11:00,31.50873,-88.28578,5.9,137
36,2026-06-07T12:00,31.50873,-88.28578,9.2,138
37,2026-06-07T13:00,31.50873,-88.28578,10.1,184
38,2026-06-07T14:00,31.50873,-88.28578,12.5,168
39,2026-06-07T15:00,31.50873,-88.28578,10.8,180
40,2026-06-07T16:00,31.50873,-88.28578,15.8,204
41,2026-06-07T17:00,31.50873,-88.28578,9.6,160
42,2026-06-07T18:00,31.50873,-88.28578,9.9,123
43,2026-06-07T19:00,31.50873,-88.28578,18.8,216
44,2026-06-07T20:00,31.50873,-88.28578,15.9,174
45,2026-06-07T21:00,31.50873,-88.28578,9.5,191
46,2026-06-07T22:00,31.50873,-88.28578,17.6,235
47,2026-06-07T23:00,31.50873,-88.28578,10.1,163
0,2026-06-06T00:00,31.512829,-84.423775,3.2,117
1,2026-06-06T01:00,31.512829,-84.423775,4.7,67
2,2026-06-06T02:00,31.512829,-84.423775,2.5,360
3,2026-06-06T03:00,31.512829,-84.423775,5.0,60
4,2026-06-06T04:00,31.512829,-84.423775,7.9,47
5,2026-06-06T05:00,31.512829,-84.423775,6.9,47
6,2026-06-06T06:00,31.512829,-84.423775,6.6,61
7,2026-06-06T07:00,31.512829,-84.423775,7.2,72
8,2026-06-06T08:00,31.512829,-84.423775,7.6,85
9,2026-06-06T09:00,31.512829,-84.423775,6.9,96
10,2026-06-06T10:00,31.512829,-84.423775,7.5,107
11,2026-06-06T11:00,31.512829,-84.423775,7.9,141
12,2026-06-06T12:00,31.512829,-84.423775,2.4,117
13,2026-06-06T13:00,31.512829,-84.423775,8.3,146
14,2026-06-06T14:00,31.512829,-84.423775,7.8,146
15,2026-06-06T15:00,31.512829,-84.423775,7.1,131
16,2026-06-06T16:00,31.512829,-84.423775,7.0,111
17,2026-06-06T17:00,31.512829,-84.423775,5.4,94
18,2026-06-06T18:00,31.512829,-84.423775,4.0,95
19,2026-06-06T19:00,31.512829,-84.423775,4.5,104
20,2026-06-06T20:00,31.512829,-84.423775,5.8,97
21,2026-06-06T21:00,31.512829,-84.423775,5.5,79
22,2026-06-06T22:00,31.512829,-84.423775,3.2,90
23,2026-06-06T23:00,31.512829,-84.423775,4.1,165
24,2026-06-07T00:00,31.512829,-84.423775,1.5,225
25,2026-06-07T01:00,31.512829,-84.423775,6.2,54
26,2026-06-07T02:00,31.512829,-84.423775,7.0,78
27,2026-06-07T03:00,31.512829,-84.423775,6.9,118
28,2026-06-07T04:00,31.512829,-84.423775,10.5,243
29,2026-06-07T05:00,31.512829,-84.423775,7.6,265
30,2026-06-07T06:00,31.512829,-84.423775,5.5,247
31,2026-06-07T07:00,31.512829,-84.423775,3.5,246
32,2026-06-07T08:00,31.512829,-84.423775,5.6,225
33,2026-06-07T09:00,31.512829,-84.423775,4.8,347
34,2026-06-07T10:00,31.512829,-84.423775,3.7,61
35,2026-06-07T11:00,31.512829,-84.423775,7.1,150
36,2026-06-07T12:00,31.512829,-84.423775,7.8,167
37,2026-06-07T13:00,31.512829,-84.423775,6.0,163
38,2026-06-07T14:00,31.512829,-84.423775,6.5,146
39,2026-06-07T15:00,31.512829,-84.423775,9.4,184
40,2026-06-07T16:00,31.512829,-84.423775,10.4,194
41,2026-06-07T17:00,31.512829,-84.423775,9.4,198
42,2026-06-07T18:00,31.512829,-84.423775,9.7,182
43,2026-06-07T19:00,31.512829,-84.423775,9.0,185
44,2026-06-07T20:00,31.512829,-84.423775,10.5,188
45,2026-06-07T21:00,31.512829,-84.423775,10.0,195
46,2026-06-07T22:00,31.512829,-84.423775,9.3,196
47,2026-06-07T23:00,31.512829,-84.423775,9.5,205
0,2026-06-06T00:00,31.489141,-80.57606,10.8,92
1,2026-06-06T01:00,31.489141,-80.57606,8.8,102
2,2026-06-06T02:00,31.489141,-80.57606,12.4,100
3,2026-06-06T03:00,31.489141,-80.57606,10.6,114
4,2026-06-06T04:00,31.489141,-80.57606,17.1,141
5,2026-06-06T05:00,31.489141,-80.57606,19.5,146
6,2026-06-06T06:00,31.489141,-80.57606,18.2,155
7,2026-06-06T07:00,31.489141,-80.57606,16.5,144
8,2026-06-06T08:00,31.489141,-80.57606,16.5,144
9,2026-06-06T09:00,31.489141,-80.57606,15.5,144
10,2026-06-06T10:00,31.489141,-80.57606,13.9,149
11,2026-06-06T11:00,31.489141,-80.57606,14.2,150
12,2026-06-06T12:00,31.489141,-80.57606,13.7,150
13,2026-06-06T13:00,31.489141,-80.57606,12.4,154
14,2026-06-06T14:00,31.489141,-80.57606,8.0,144
15,2026-06-06T15:00,31.489141,-80.57606,10.7,147
16,2026-06-06T16:00,31.489141,-80.57606,5.5,122
17,2026-06-06T17:00,31.489141,-80.57606,8.3,124
18,2026-06-06T18:00,31.489141,-80.57606,8.7,120
19,2026-06-06T19:00,31.489141,-80.57606,9.7,135
20,2026-06-06T20:00,31.489141,-80.57606,7.2,162
21,2026-06-06T21:00,31.489141,-80.57606,9.8,152
22,2026-06-06T22:00,31.489141,-80.57606,15.6,146
23,2026-06-06T23:00,31.489141,-80.57606,16.6,150
24,2026-06-07T00:00,31.489141,-80.57606,19.5,152
25,2026-06-07T01:00,31.489141,-80.57606,23.3,153
26,2026-06-07T02:00,31.489141,-80.57606,26.0,161
27,2026-06-07T03:00,31.489141,-80.57606,26.2,167
28,2026-06-07T04:00,31.489141,-80.57606,26.2,172
29,2026-06-07T05:00,31.489141,-80.57606,23.3,171
30,2026-06-07T06:00,31.489141,-80.57606,22.0,175
31,2026-06-07T07:00,31.489141,-80.57606,22.3,180
32,2026-06-07T08:00,31.489141,-80.57606,21.6,178
33,2026-06-07T09:00,31.489141,-80.57606,21.3,186
34,2026-06-07T10:00,31.489141,-80.57606,18.6,190
35,2026-06-07T11:00,31.489141,-80.57606,18.2,194
36,2026-06-07T12:00,31.489141,-80.57606,16.1,207
37,2026-06-07T13:00,31.489141,-80.57606,15.2,216
38,2026-06-07T14:00,31.489141,-80.57606,13.4,207
39,2026-06-07T15:00,31.489141,-80.57606,12.7,205
40,2026-06-07T16:00,31.489141,-80.57606,11.7,189
41,2026-06-07T17:00,31.489141,-80.57606,11.2,186
42,2026-06-07T18:00,31.489141,-80.57606,12.7,173
43,2026-06-07T19:00,31.489141,-80.57606,16.7,166
44,2026-06-07T20:00,31.489141,-80.57606,18.9,166
45,2026-06-07T21:00,31.489141,-80.57606,20.8,166
46,2026-06-07T22:00,31.489141,-80.57606,24.7,161
47,2026-06-07T23:00,31.489141,-80.57606,28.9,161
0,2026-06-06T00:00,31.491108,-76.72582,5.5,113
1,2026-06-06T01:00,31.491108,-76.72582,4.9,126
2,2026-06-06T02:00,31.491108,-76.72582,6.0,123
3,2026-06-06T03:00,31.491108,-76.72582,8.3,124
4,2026-06-06T04:00,31.491108,-76.72582,10.8,120
5,2026-06-06T05:00,31.491108,-76.72582,13.3,123
6,2026-06-06T06:00,31.491108,-76.72582,11.2,130
7,2026-06-06T07:00,31.491108,-76.72582,10.2,132
8,2026-06-06T08:00,31.491108,-76.72582,7.9,137
9,2026-06-06T09:00,31.491108,-76.72582,4.6,141
10,2026-06-06T10:00,31.491108,-76.72582,4.6,135
11,2026-06-06T11:00,31.491108,-76.72582,5.7,108
12,2026-06-06T12:00,31.491108,-76.72582,2.9,90
13,2026-06-06T13:00,31.491108,-76.72582,5.4,110
14,2026-06-06T14:00,31.491108,-76.72582,5.8,97
15,2026-06-06T15:00,31.491108,-76.72582,4.7,81
16,2026-06-06T16:00,31.491108,-76.72582,6.1,93
17,2026-06-06T17:00,31.491108,-76.72582,5.1,82
18,2026-06-06T18:00,31.491108,-76.72582,5.8,90
19,2026-06-06T19:00,31.491108,-76.72582,8.2,113
20,2026-06-06T20:00,31.491108,-76.72582,9.2,121
21,2026-06-06T21:00,31.491108,-76.72582,8.8,125
22,2026-06-06T22:00,31.491108,-76.72582,11.5,134
23,2026-06-06T23:00,31.491108,-76.72582,14.1,140
24,2026-06-07T00:00,31.491108,-76.72582,13.3,147
25,2026-06-07T01:00,31.491108,-76.72582,14.3,152
26,2026-06-07T02:00,31.491108,-76.72582,15.1,155
27,2026-06-07T03:00,31.491108,-76.72582,15.9,162
28,2026-06-07T04:00,31.491108,-76.72582,13.7,175
29,2026-06-07T05:00,31.491108,-76.72582,12.7,173
30,2026-06-07T06:00,31.491108,-76.72582,10.2,162
31,2026-06-07T07:00,31.491108,-76.72582,10.9,188
32,2026-06-07T08:00,31.491108,-76.72582,14.8,180
33,2026-06-07T09:00,31.491108,-76.72582,11.9,194
34,2026-06-07T10:00,31.491108,-76.72582,8.8,199
35,2026-06-07T11:00,31.491108,-76.72582,10.0,218
36,2026-06-07T12:00,31.491108,-76.72582,10.0,229
37,2026-06-07T13:00,31.491108,-76.72582,7.0,215
38,2026-06-07T14:00,31.491108,-76.72582,6.9,186
39,2026-06-07T15:00,31.491108,-76.72582,9.1,189
40,2026-06-07T16:00,31.491108,-76.72582,7.9,196
41,2026-06-07T17:00,31.491108,-76.72582,6.3,193
42,2026-06-07T18:00,31.491108,-76.72582,8.0,170
43,2026-06-07T19:00,31.491108,-76.72582,9.4,173
44,2026-06-07T20:00,31.491108,-76.72582,13.5,171
45,2026-06-07T21:00,31.491108,-76.72582,17.2,164
46,2026-06-07T22:00,31.491108,-76.72582,17.7,175
47,2026-06-07T23:00,31.491108,-76.72582,19.8,182
0,2026-06-06T00:00,31.492105,-72.870895,10.7,33
1,2026-06-06T01:00,31.492105,-72.870895,8.8,35
2,2026-06-06T02:00,31.492105,-72.870895,8.1,45
3,2026-06-06T03:00,31.492105,-72.870895,8.0,54
4,2026-06-06T04:00,31.492105,-72.870895,7.0,55
5,2026-06-06T05:00,31.492105,-72.870895,6.3,59
6,2026-06-06T06:00,31.492105,-72.870895,6.0,57
7,2026-06-06T07:00,31.492105,-72.870895,5.8,60
8,2026-06-06T08:00,31.492105,-72.870895,6.5,71
9,2026-06-06T09:00,31.492105,-72.870895,5.1,82
10,2026-06-06T10:00,31.492105,-72.870895,4.6,51
11,2026-06-06T11:00,31.492105,-72.870895,3.7,29
12,2026-06-06T12:00,31.492105,-72.870895,1.3,34
13,2026-06-06T13:00,31.492105,-72.870895,1.8,101
14,2026-06-06T14:00,31.492105,-72.870895,0.4,90
15,2026-06-06T15:00,31.492105,-72.870895,1.1,90
16,2026-06-06T16:00,31.492105,-72.870895,0.5,45
17,2026-06-06T17:00,31.492105,-72.870895,2.5,98
18,2026-06-06T18:00,31.492105,-72.870895,2.6,124
19,2026-06-06T19:00,31.492105,-72.870895,4.3,114
20,2026-06-06T20:00,31.492105,-72.870895,3.9,112
21,2026-06-06T21:00,31.492105,-72.870895,2.6,106
22,2026-06-06T22:00,31.492105,-72.870895,7.4,104
23,2026-06-06T23:00,31.492105,-72.870895,8.7,128
24,2026-06-07T00:00,31.492105,-72.870895,9.4,130
25,2026-06-07T01:00,31.492105,-72.870895,14.0,138
26,2026-06-07T02:00,31.492105,-72.870895,14.8,139
27,2026-06-07T03:00,31.492105,-72.870895,15.0,150
28,2026-06-07T04:00,31.492105,-72.870895,11.9,180
29,2026-06-07T05:00,31.492105,-72.870895,13.8,173
30,2026-06-07T06:00,31.492105,-72.870895,10.5,188
31,2026-06-07T07:00,31.492105,-72.870895,8.6,178
32,2026-06-07T08:00,31.492105,-72.870895,5.1,172
33,2026-06-07T09:00,31.492105,-72.870895,14.7,191
34,2026-06-07T10:00,31.492105,-72.870895,5.4,176
35,2026-06-07T11:00,31.492105,-72.870895,7.4,194
36,2026-06-07T12:00,31.492105,-72.870895,5.8,173
37,2026-06-07T13:00,31.492105,-72.870895,4.3,222
38,2026-06-07T14:00,31.492105,-72.870895,5.6,230
39,2026-06-07T15:00,31.492105,-72.870895,4.0,270
40,2026-06-07T16:00,31.492105,-72.870895,1.1,198
41,2026-06-07T17:00,31.492105,-72.870895,3.3,139
42,2026-06-07T18:00,31.492105,-72.870895,8.2,165
43,2026-06-07T19:00,31.492105,-72.870895,11.5,176
44,2026-06-07T20:00,31.492105,-72.870895,10.1,174
45,2026-06-07T21:00,31.492105,-72.870895,13.1,171
46,2026-06-07T22:00,31.492105,-72.870895,16.5,169
47,2026-06-07T23:00,31.492105,-72.870895,20.6,168
0,2026-06-06T00:00,31.49127,-69.00472,13.7,357
1,2026-06-06T01:00,31.49127,-69.00472,11.7,349
2,2026-06-06T02:00,31.49127,-69.00472,11.2,354
3,2026-06-06T03:00,31.49127,-69.00472,11.2,2
4,2026-06-06T04:00,31.49127,-69.00472,11.9,360
5,2026-06-06T05:00,31.49127,-69.00472,13.4,355
6,2026-06-06T06:00,31.49127,-69.00472,14.4,356
7,2026-06-06T07:00,31.49127,-69.00472,12.8,349
8,2026-06-06T08:00,31.49127,-69.00472,10.7,348
9,2026-06-06T09:00,31.49127,-69.00472,8.4,350
10,2026-06-06T10:00,31.49127,-69.00472,7.9,360
11,2026-06-06T11:00,31.49127,-69.00472,8.3,358
12,2026-06-06T12:00,31.49127,-69.00472,9.0,360
13,2026-06-06T13:00,31.49127,-69.00472,8.8,12
14,2026-06-06T14:00,31.49127,-69.00472,8.8,9
15,2026-06-06T15:00,31.49127,-69.00472,8.6,15
16,2026-06-06T16:00,31.49127,-69.00472,7.6,360
17,2026-06-06T17:00,31.49127,-69.00472,6.1,357
18,2026-06-06T18:00,31.49127,-69.00472,5.8,338
19,2026-06-06T19:00,31.49127,-69.00472,5.1,4
20,2026-06-06T20:00,31.49127,-69.00472,4.7,4
21,2026-06-06T21:00,31.49127,-69.00472,5.0,21
22,2026-06-06T22:00,31.49127,-69.00472,5.4,42
23,2026-06-06T23:00,31.49127,-69.00472,4.9,73
24,2026-06-07T00:00,31.49127,-69.00472,6.4,106
25,2026-06-07T01:00,31.49127,-69.00472,9.0,119
26,2026-06-07T02:00,31.49127,-69.00472,9.7,132
27,2026-06-07T03:00,31.49127,-69.00472,11.8,140
28,2026-06-07T04:00,31.49127,-69.00472,11.1,151
29,2026-06-07T05:00,31.49127,-69.00472,11.6,158
30,2026-06-07T06:00,31.49127,-69.00472,12.0,164
31,2026-06-07T07:00,31.49127,-69.00472,9.0,178
32,2026-06-07T08:00,31.49127,-69.00472,7.2,217
33,2026-06-07T09:00,31.49127,-69.00472,7.1,246
34,2026-06-07T10:00,31.49127,-69.00472,4.6,225
35,2026-06-07T11:00,31.49127,-69.00472,4.3,180
36,2026-06-07T12:00,31.49127,-69.00472,5.8,150
37,2026-06-07T13:00,31.49127,-69.00472,6.3,156
38,2026-06-07T14:00,31.49127,-69.00472,7.7,152
39,2026-06-07T15:00,31.49127,-69.00472,8.7,156
40,2026-06-07T16:00,31.49127,-69.00472,8.6,165
41,2026-06-07T17:00,31.49127,-69.00472,9.0,157
42,2026-06-07T18:00,31.49127,-69.00472,8.9,153
43,2026-06-07T19:00,31.49127,-69.00472,9.4,162
44,2026-06-07T20:00,31.49127,-69.00472,10.8,154
45,2026-06-07T21:00,31.49127,-69.00472,11.9,155
46,2026-06-07T22:00,31.49127,-69.00472,12.4,154
47,2026-06-07T23:00,31.49127,-69.00472,12.1,157
0,2026-06-06T00:00,34.244972,-122.9907,40.0,349
1,2026-06-06T01:00,34.244972,-122.9907,39.7,352
2,2026-06-06T02:00,34.244972,-122.9907,39.2,353
3,2026-06-06T03:00,34.244972,-122.9907,39.5,353
4,2026-06-06T04:00,34.244972,-122.9907,40.3,352
5,2026-06-06T05:00,34.244972,-122.9907,41.3,354
6,2026-06-06T06:00,34.244972,-122.9907,42.3,355
7,2026-06-06T07:00,34.244972,-122.9907,44.3,360
8,2026-06-06T08:00,34.244972,-122.9907,43.6,2
9,2026-06-06T09:00,34.244972,-122.9907,43.2,2
10,2026-06-06T10:00,34.244972,-122.9907,44.3,1
11,2026-06-06T11:00,34.244972,-122.9907,44.7,2
12,2026-06-06T12:00,34.244972,-122.9907,45.4,3
13,2026-06-06T13:00,34.244972,-122.9907,46.5,4
14,2026-06-06T14:00,34.244972,-122.9907,46.9,3
15,2026-06-06T15:00,34.244972,-122.9907,46.1,2
16,2026-06-06T16:00,34.244972,-122.9907,45.4,1
17,2026-06-06T17:00,34.244972,-122.9907,45.4,360
18,2026-06-06T18:00,34.244972,-122.9907,44.3,359
19,2026-06-06T19:00,34.244972,-122.9907,44.7,358
20,2026-06-06T20:00,34.244972,-122.9907,45.1,357
21,2026-06-06T21:00,34.244972,-122.9907,45.5,356
22,2026-06-06T22:00,34.244972,-122.9907,45.8,356
23,2026-06-06T23:00,34.244972,-122.9907,46.6,355
24,2026-06-07T00:00,34.244972,-122.9907,47.0,354
25,2026-06-07T01:00,34.244972,-122.9907,47.7,354
26,2026-06-07T02:00,34.244972,-122.9907,47.7,355
27,2026-06-07T03:00,34.244972,-122.9907,48.5,354
28,2026-06-07T04:00,34.244972,-122.9907,49.3,354
29,2026-06-07T05:00,34.244972,-122.9907,48.1,354
30,2026-06-07T06:00,34.244972,-122.9907,48.3,353
31,2026-06-07T07:00,34.244972,-122.9907,47.6,353
32,2026-06-07T08:00,34.244972,-122.9907,47.6,353
33,2026-06-07T09:00,34.244972,-122.9907,46.9,352
34,2026-06-07T10:00,34.244972,-122.9907,45.4,352
35,2026-06-07T11:00,34.244972,-122.9907,45.4,352
36,2026-06-07T12:00,34.244972,-122.9907,45.2,355
37,2026-06-07T13:00,34.244972,-122.9907,43.2,353
38,2026-06-07T14:00,34.244972,-122.9907,43.1,350
39,2026-06-07T15:00,34.244972,-122.9907,42.3,351
40,2026-06-07T16:00,34.244972,-122.9907,42.0,350
41,2026-06-07T17:00,34.244972,-122.9907,41.6,348
42,2026-06-07T18:00,34.244972,-122.9907,41.3,347
43,2026-06-07T19:00,34.244972,-122.9907,41.9,346
44,2026-06-07T20:00,34.244972,-122.9907,42.6,348
45,2026-06-07T21:00,34.244972,-122.9907,41.1,349
46,2026-06-07T22:00,34.244972,-122.9907,41.0,347
47,2026-06-07T23:00,34.244972,-122.9907,40.8,346
0,2026-06-06T00:00,34.24112,-119.15369,12.0,249
1,2026-06-06T01:00,34.24112,-119.15369,12.1,247
2,2026-06-06T02:00,34.24112,-119.15369,8.7,265
3,2026-06-06T03:00,34.24112,-119.15369,6.6,261
4,2026-06-06T04:00,34.24112,-119.15369,3.6,270
5,2026-06-06T05:00,34.24112,-119.15369,5.0,270
6,2026-06-06T06:00,34.24112,-119.15369,4.5,299
7,2026-06-06T07:00,34.24112,-119.15369,3.8,343
8,2026-06-06T08:00,34.24112,-119.15369,3.7,11
9,2026-06-06T09:00,34.24112,-119.15369,4.8,347
10,2026-06-06T10:00,34.24112,-119.15369,6.5,6
11,2026-06-06T11:00,34.24112,-119.15369,6.4,27
12,2026-06-06T12:00,34.24112,-119.15369,4.9,36
13,2026-06-06T13:00,34.24112,-119.15369,4.3,42
14,2026-06-06T14:00,34.24112,-119.15369,3.9,34
15,2026-06-06T15:00,34.24112,-119.15369,2.4,63
16,2026-06-06T16:00,34.24112,-119.15369,2.6,214
17,2026-06-06T17:00,34.24112,-119.15369,7.4,203
18,2026-06-06T18:00,34.24112,-119.15369,10.7,220
19,2026-06-06T19:00,34.24112,-119.15369,12.6,233
20,2026-06-06T20:00,34.24112,-119.15369,13.7,247
21,2026-06-06T21:00,34.24112,-119.15369,15.2,256
22,2026-06-06T22:00,34.24112,-119.15369,15.2,256
23,2026-06-06T23:00,34.24112,-119.15369,14.6,261
24,2026-06-07T00:00,34.24112,-119.15369,13.5,261
25,2026-06-07T01:00,34.24112,-119.15369,11.3,253
26,2026-06-07T02:00,34.24112,-119.15369,8.9,243
27,2026-06-07T03:00,34.24112,-119.15369,7.4,231
28,2026-06-07T04:00,34.24112,-119.15369,4.6,219
29,2026-06-07T05:00,34.24112,-119.15369,2.9,263
30,2026-06-07T06:00,34.24112,-119.15369,2.2,351
31,2026-06-07T07:00,34.24112,-119.15369,1.8,360
32,2026-06-07T08:00,34.24112,-119.15369,3.1,36
33,2026-06-07T09:00,34.24112,-119.15369,1.8,11
34,2026-06-07T10:00,34.24112,-119.15369,2.2,351
35,2026-06-07T11:00,34.24112,-119.15369,2.9,360
36,2026-06-07T12:00,34.24112,-119.15369,3.3,13
37,2026-06-07T13:00,34.24112,-119.15369,2.5,8
38,2026-06-07T14:00,34.24112,-119.15369,2.9,360
39,2026-06-07T15:00,34.24112,-119.15369,1.8,259
40,2026-06-07T16:00,34.24112,-119.15369,4.6,231
41,2026-06-07T17:00,34.24112,-119.15369,9.2,244
42,2026-06-07T18:00,34.24112,-119.15369,11.6,248
43,2026-06-07T19:00,34.24112,-119.15369,13.2,253
44,2026-06-07T20:00,34.24112,-119.15369,15.3,255
45,2026-06-07T21:00,34.24112,-119.15369,16.2,257
46,2026-06-07T22:00,34.24112,-119.15369,16.8,260
47,2026-06-07T23:00,34.24112,-119.15369,16.5,260
0,2026-06-06T00:00,34.24754,-115.29117,22.4,228
1,2026-06-06T01:00,34.24754,-115.29117,22.9,237
2,2026-06-06T02:00,34.24754,-115.29117,20.3,237
3,2026-06-06T03:00,34.24754,-115.29117,13.3,213
4,2026-06-06T04:00,34.24754,-115.29117,17.6,181
5,2026-06-06T05:00,34.24754,-115.29117,23.5,195
6,2026-06-06T06:00,34.24754,-115.29117,20.9,179
7,2026-06-06T07:00,34.24754,-115.29117,13.0,161
8,2026-06-06T08:00,34.24754,-115.29117,13.2,133
9,2026-06-06T09:00,34.24754,-115.29117,10.2,122
10,2026-06-06T10:00,34.24754,-115.29117,10.9,96
11,2026-06-06T11:00,34.24754,-115.29117,13.2,79
12,2026-06-06T12:00,34.24754,-115.29117,13.3,77
13,2026-06-06T13:00,34.24754,-115.29117,14.5,84
14,2026-06-06T14:00,34.24754,-115.29117,13.0,88
15,2026-06-06T15:00,34.24754,-115.29117,10.8,88
16,2026-06-06T16:00,34.24754,-115.29117,10.2,98
17,2026-06-06T17:00,34.24754,-115.29117,6.8,115
18,2026-06-06T18:00,34.24754,-115.29117,9.4,173
19,2026-06-06T19:00,34.24754,-115.29117,28.6,185
20,2026-06-06T20:00,34.24754,-115.29117,33.4,210
21,2026-06-06T21:00,34.24754,-115.29117,33.4,214
22,2026-06-06T22:00,34.24754,-115.29117,30.7,211
23,2026-06-06T23:00,34.24754,-115.29117,31.7,219
24,2026-06-07T00:00,34.24754,-115.29117,31.5,219
25,2026-06-07T01:00,34.24754,-115.29117,27.2,219
26,2026-06-07T02:00,34.24754,-115.29117,25.2,217
27,2026-06-07T03:00,34.24754,-115.29117,22.2,200
28,2026-06-07T04:00,34.24754,-115.29117,13.4,216
29,2026-06-07T05:00,34.24754,-115.29117,10.8,210
30,2026-06-07T06:00,34.24754,-115.29117,14.1,186
31,2026-06-07T07:00,34.24754,-115.29117,13.8,187
32,2026-06-07T08:00,34.24754,-115.29117,14.4,180
33,2026-06-07T09:00,34.24754,-115.29117,11.9,180
34,2026-06-07T10:00,34.24754,-115.29117,10.6,156
35,2026-06-07T11:00,34.24754,-115.29117,11.7,171
36,2026-06-07T12:00,34.24754,-115.29117,10.9,174
37,2026-06-07T13:00,34.24754,-115.29117,8.7,163
38,2026-06-07T14:00,34.24754,-115.29117,9.4,92
39,2026-06-07T15:00,34.24754,-115.29117,8.3,95
40,2026-06-07T16:00,34.24754,-115.29117,9.7,94
41,2026-06-07T17:00,34.24754,-115.29117,10.3,102
42,2026-06-07T18:00,34.24754,-115.29117,8.7,135
43,2026-06-07T19:00,34.24754,-115.29117,16.9,191
44,2026-06-07T20:00,34.24754,-115.29117,19.1,181
45,2026-06-07T21:00,34.24754,-115.29117,20.2,179
46,2026-06-07T22:00,34.24754,-115.29117,25.7,174
47,2026-06-07T23:00,34.24754,-115.29117,23.1,176
0,2026-06-06T00:00,34.25713,-111.42715,28.4,262
1,2026-06-06T01:00,34.25713,-111.42715,30.1,249
2,2026-06-06T02:00,34.25713,-111.42715,26.6,268
3,2026-06-06T03:00,34.25713,-111.42715,18.0,272
4,2026-06-06T04:00,34.25713,-111.42715,15.9,267
5,2026-06-06T05:00,34.25713,-111.42715,12.3,277
6,2026-06-06T06:00,34.25713,-111.42715,11.5,311
7,2026-06-06T07:00,34.25713,-111.42715,11.4,342
8,2026-06-06T08:00,34.25713,-111.42715,12.6,347
9,2026-06-06T09:00,34.25713,-111.42715,14.0,334
10,2026-06-06T10:00,34.25713,-111.42715,11.8,340
11,2026-06-06T11:00,34.25713,-111.42715,12.7,345
12,2026-06-06T12:00,34.25713,-111.42715,13.0,346
13,2026-06-06T13:00,34.25713,-111.42715,12.4,350
14,2026-06-06T14:00,34.25713,-111.42715,11.7,317
15,2026-06-06T15:00,34.25713,-111.42715,16.9,290
16,2026-06-06T16:00,34.25713,-111.42715,19.4,280
17,2026-06-06T17:00,34.25713,-111.42715,17.3,270
18,2026-06-06T18:00,34.25713,-111.42715,20.0,262
19,2026-06-06T19:00,34.25713,-111.42715,19.6,250
20,2026-06-06T20:00,34.25713,-111.42715,27.9,248
21,2026-06-06T21:00,34.25713,-111.42715,29.2,250
22,2026-06-06T22:00,34.25713,-111.42715,29.4,255
23,2026-06-06T23:00,34.25713,-111.42715,28.5,252
24,2026-06-07T00:00,34.25713,-111.42715,24.7,239
25,2026-06-07T01:00,34.25713,-111.42715,29.7,263
26,2026-06-07T02:00,34.25713,-111.42715,25.7,265
27,2026-06-07T03:00,34.25713,-111.42715,15.6,262
28,2026-06-07T04:00,34.25713,-111.42715,10.8,268
29,2026-06-07T05:00,34.25713,-111.42715,11.1,283
30,2026-06-07T06:00,34.25713,-111.42715,10.0,300
31,2026-06-07T07:00,34.25713,-111.42715,8.8,325
32,2026-06-07T08:00,34.25713,-111.42715,7.4,284
33,2026-06-07T09:00,34.25713,-111.42715,6.2,126
34,2026-06-07T10:00,34.25713,-111.42715,7.6,65
35,2026-06-07T11:00,34.25713,-111.42715,11.2,45
36,2026-06-07T12:00,34.25713,-111.42715,12.0,44
37,2026-06-07T13:00,34.25713,-111.42715,10.7,70
38,2026-06-07T14:00,34.25713,-111.42715,9.0,88
39,2026-06-07T15:00,34.25713,-111.42715,11.4,169
40,2026-06-07T16:00,34.25713,-111.42715,11.6,185
41,2026-06-07T17:00,34.25713,-111.42715,14.8,193
42,2026-06-07T18:00,34.25713,-111.42715,25.9,231
43,2026-06-07T19:00,34.25713,-111.42715,27.1,229
44,2026-06-07T20:00,34.25713,-111.42715,25.4,231
45,2026-06-07T21:00,34.25713,-111.42715,25.5,230
46,2026-06-07T22:00,34.25713,-111.42715,25.0,226
47,2026-06-07T23:00,34.25713,-111.42715,23.7,226
0,2026-06-06T00:00,34.23974,-107.58315,43.1,128
1,2026-06-06T01:00,34.23974,-107.58315,30.5,163
2,2026-06-06T02:00,34.23974,-107.58315,16.7,174
3,2026-06-06T03:00,34.23974,-107.58315,15.2,194
4,2026-06-06T04:00,34.23974,-107.58315,11.6,240
5,2026-06-06T05:00,34.23974,-107.58315,8.7,265
6,2026-06-06T06:00,34.23974,-107.58315,6.5,360
7,2026-06-06T07:00,34.23974,-107.58315,9.6,20
8,2026-06-06T08:00,34.23974,-107.58315,8.7,30
9,2026-06-06T09:00,34.23974,-107.58315,9.4,72
10,2026-06-06T10:00,34.23974,-107.58315,6.9,99
11,2026-06-06T11:00,34.23974,-107.58315,1.5,45
12,2026-06-06T12:00,34.23974,-107.58315,6.1,45
13,2026-06-06T13:00,34.23974,-107.58315,9.4,72
14,2026-06-06T14:00,34.23974,-107.58315,5.4,274
15,2026-06-06T15:00,34.23974,-107.58315,27.8,320
16,2026-06-06T16:00,34.23974,-107.58315,34.0,332
17,2026-06-06T17:00,34.23974,-107.58315,31.3,336
18,2026-06-06T18:00,34.23974,-107.58315,24.8,336
19,2026-06-06T19:00,34.23974,-107.58315,21.9,303
20,2026-06-06T20:00,34.23974,-107.58315,23.3,309
21,2026-06-06T21:00,34.23974,-107.58315,24.0,306
22,2026-06-06T22:00,34.23974,-107.58315,28.1,272
23,2026-06-06T23:00,34.23974,-107.58315,25.8,283
24,2026-06-07T00:00,34.23974,-107.58315,28.7,290
25,2026-06-07T01:00,34.23974,-107.58315,26.6,332
26,2026-06-07T02:00,34.23974,-107.58315,21.6,303
27,2026-06-07T03:00,34.23974,-107.58315,15.8,325
28,2026-06-07T04:00,34.23974,-107.58315,19.9,328
29,2026-06-07T05:00,34.23974,-107.58315,16.9,326
30,2026-06-07T06:00,34.23974,-107.58315,14.2,333
31,2026-06-07T07:00,34.23974,-107.58315,8.7,163
32,2026-06-07T08:00,34.23974,-107.58315,6.5,267
33,2026-06-07T09:00,34.23974,-107.58315,10.7,166
34,2026-06-07T10:00,34.23974,-107.58315,12.9,167
35,2026-06-07T11:00,34.23974,-107.58315,11.4,167
36,2026-06-07T12:00,34.23974,-107.58315,6.8,148
37,2026-06-07T13:00,34.23974,-107.58315,6.5,177
38,2026-06-07T14:00,34.23974,-107.58315,10.4,284
39,2026-06-07T15:00,34.23974,-107.58315,26.1,309
40,2026-06-07T16:00,34.23974,-107.58315,25.5,306
41,2026-06-07T17:00,34.23974,-107.58315,21.7,306
42,2026-06-07T18:00,34.23974,-107.58315,20.1,313
43,2026-06-07T19:00,34.23974,-107.58315,24.3,263
44,2026-06-07T20:00,34.23974,-107.58315,13.1,286
45,2026-06-07T21:00,34.23974,-107.58315,33.9,228
46,2026-06-07T22:00,34.23974,-107.58315,22.4,274
47,2026-06-07T23:00,34.23974,-107.58315,38.4,293
0,2026-06-06T00:00,34.252716,-103.728386,27.6,149
1,2026-06-06T01:00,34.252716,-103.728386,27.1,166
2,2026-06-06T02:00,34.252716,-103.728386,32.7,156
3,2026-06-06T03:00,34.252716,-103.728386,9.8,156
4,2026-06-06T04:00,34.252716,-103.728386,18.3,122
5,2026-06-06T05:00,34.252716,-103.728386,18.1,149
6,2026-06-06T06:00,34.252716,-103.728386,14.5,145
7,2026-06-06T07:00,34.252716,-103.728386,9.2,149
8,2026-06-06T08:00,34.252716,-103.728386,4.7,180
9,2026-06-06T09:00,34.252716,-103.728386,5.4,143
10,2026-06-06T10:00,34.252716,-103.728386,4.7,32
11,2026-06-06T11:00,34.252716,-103.728386,8.5,168
12,2026-06-06T12:00,34.252716,-103.728386,13.4,200
13,2026-06-06T13:00,34.252716,-103.728386,17.3,223
14,2026-06-06T14:00,34.252716,-103.728386,20.9,222
15,2026-06-06T15:00,34.252716,-103.728386,19.2,210
16,2026-06-06T16:00,34.252716,-103.728386,15.7,217
17,2026-06-06T17:00,34.252716,-103.728386,15.2,202
18,2026-06-06T18:00,34.252716,-103.728386,15.1,198
19,2026-06-06T19:00,34.252716,-103.728386,13.2,202
20,2026-06-06T20:00,34.252716,-103.728386,11.6,202
21,2026-06-06T21:00,34.252716,-103.728386,8.1,212
22,2026-06-06T22:00,34.252716,-103.728386,7.2,180
23,2026-06-06T23:00,34.252716,-103.728386,8.5,208
24,2026-06-07T00:00,34.252716,-103.728386,11.8,220
25,2026-06-07T01:00,34.252716,-103.728386,8.6,213
26,2026-06-07T02:00,34.252716,-103.728386,33.1,14
27,2026-06-07T03:00,34.252716,-103.728386,15.1,342
28,2026-06-07T04:00,34.252716,-103.728386,11.8,282
29,2026-06-07T05:00,34.252716,-103.728386,10.9,96
30,2026-06-07T06:00,34.252716,-103.728386,23.6,219
31,2026-06-07T07:00,34.252716,-103.728386,16.1,222
32,2026-06-07T08:00,34.252716,-103.728386,3.7,209
33,2026-06-07T09:00,34.252716,-103.728386,5.2,25
34,2026-06-07T10:00,34.252716,-103.728386,6.9,313
35,2026-06-07T11:00,34.252716,-103.728386,8.3,288
36,2026-06-07T12:00,34.252716,-103.728386,9.4,263
37,2026-06-07T13:00,34.252716,-103.728386,2.8,230
38,2026-06-07T14:00,34.252716,-103.728386,14.5,224
39,2026-06-07T15:00,34.252716,-103.728386,23.1,256
40,2026-06-07T16:00,34.252716,-103.728386,20.6,276
41,2026-06-07T17:00,34.252716,-103.728386,18.8,296
42,2026-06-07T18:00,34.252716,-103.728386,19.3,315
43,2026-06-07T19:00,34.252716,-103.728386,18.5,323
44,2026-06-07T20:00,34.252716,-103.728386,14.8,309
45,2026-06-07T21:00,34.252716,-103.728386,4.3,294
46,2026-06-07T22:00,34.252716,-103.728386,20.4,311
47,2026-06-07T23:00,34.252716,-103.728386,12.8,230
0,2026-06-06T00:00,34.2406,-99.84988,2.8,140
1,2026-06-06T01:00,34.2406,-99.84988,14.7,25
2,2026-06-06T02:00,34.2406,-99.84988,6.4,63
3,2026-06-06T03:00,34.2406,-99.84988,6.0,57
4,2026-06-06T04:00,34.2406,-99.84988,14.7,17
5,2026-06-06T05:00,34.2406,-99.84988,19.8,161
6,2026-06-06T06:00,34.2406,-99.84988,18.1,159
7,2026-06-06T07:00,34.2406,-99.84988,13.7,182
8,2026-06-06T08:00,34.2406,-99.84988,5.6,207
9,2026-06-06T09:00,34.2406,-99.84988,3.4,302
10,2026-06-06T10:00,34.2406,-99.84988,4.3,180
11,2026-06-06T11:00,34.2406,-99.84988,3.4,148
12,2026-06-06T12:00,34.2406,-99.84988,6.3,156
13,2026-06-06T13:00,34.2406,-99.84988,4.1,232
14,2026-06-06T14:00,34.2406,-99.84988,3.3,264
15,2026-06-06T15:00,34.2406,-99.84988,3.1,216
16,2026-06-06T16:00,34.2406,-99.84988,9.3,193
17,2026-06-06T17:00,34.2406,-99.84988,7.9,204
18,2026-06-06T18:00,34.2406,-99.84988,7.2,233
19,2026-06-06T19:00,34.2406,-99.84988,8.6,213
20,2026-06-06T20:00,34.2406,-99.84988,15.8,313
21,2026-06-06T21:00,34.2406,-99.84988,8.1,328
22,2026-06-06T22:00,34.2406,-99.84988,14.6,220
23,2026-06-06T23:00,34.2406,-99.84988,15.4,233
24,2026-06-07T00:00,34.2406,-99.84988,14.6,220
25,2026-06-07T01:00,34.2406,-99.84988,13.2,202
26,2026-06-07T02:00,34.2406,-99.84988,7.7,229
27,2026-06-07T03:00,34.2406,-99.84988,4.7,180
28,2026-06-07T04:00,34.2406,-99.84988,6.4,153
29,2026-06-07T05:00,34.2406,-99.84988,3.3,139
30,2026-06-07T06:00,34.2406,-99.84988,8.9,137
31,2026-06-07T07:00,34.2406,-99.84988,11.2,105
32,2026-06-07T08:00,34.2406,-99.84988,13.8,160
33,2026-06-07T09:00,34.2406,-99.84988,15.3,156
34,2026-06-07T10:00,34.2406,-99.84988,12.5,147
35,2026-06-07T11:00,34.2406,-99.84988,13.9,155
36,2026-06-07T12:00,34.2406,-99.84988,14.2,164
37,2026-06-07T13:00,34.2406,-99.84988,17.7,160
38,2026-06-07T14:00,34.2406,-99.84988,17.4,174
39,2026-06-07T15:00,34.2406,-99.84988,17.9,210
40,2026-06-07T16:00,34.2406,-99.84988,16.8,211
41,2026-06-07T17:00,34.2406,-99.84988,16.0,203
42,2026-06-07T18:00,34.2406,-99.84988,16.4,209
43,2026-06-07T19:00,34.2406,-99.84988,19.6,206
44,2026-06-07T20:00,34.2406,-99.84988,21.3,199
45,2026-06-07T21:00,34.2406,-99.84988,22.2,193
46,2026-06-07T22:00,34.2406,-99.84988,23.0,190
47,2026-06-07T23:00,34.2406,-99.84988,21.3,185
0,2026-06-06T00:00,34.25541,-96.00879,16.1,114
1,2026-06-06T01:00,34.25541,-96.00879,14.0,134
2,2026-06-06T02:00,34.25541,-96.00879,12.6,121
3,2026-06-06T03:00,34.25541,-96.00879,7.9,141
4,2026-06-06T04:00,34.25541,-96.00879,25.0,136
5,2026-06-06T05:00,34.25541,-96.00879,13.2,137
6,2026-06-06T06:00,34.25541,-96.00879,11.3,158
7,2026-06-06T07:00,34.25541,-96.00879,11.4,162
8,2026-06-06T08:00,34.25541,-96.00879,6.7,164
9,2026-06-06T09:00,34.25541,-96.00879,7.7,139
10,2026-06-06T10:00,34.25541,-96.00879,6.1,130
11,2026-06-06T11:00,34.25541,-96.00879,10.0,131
12,2026-06-06T12:00,34.25541,-96.00879,14.4,112
13,2026-06-06T13:00,34.25541,-96.00879,13.9,159
14,2026-06-06T14:00,34.25541,-96.00879,16.0,166
15,2026-06-06T15:00,34.25541,-96.00879,13.9,163
16,2026-06-06T16:00,34.25541,-96.00879,14.2,156
17,2026-06-06T17:00,34.25541,-96.00879,19.1,178
18,2026-06-06T18:00,34.25541,-96.00879,14.5,173
19,2026-06-06T19:00,34.25541,-96.00879,15.0,159
20,2026-06-06T20:00,34.25541,-96.00879,14.1,165
21,2026-06-06T21:00,34.25541,-96.00879,16.1,156
22,2026-06-06T22:00,34.25541,-96.00879,11.4,108
23,2026-06-06T23:00,34.25541,-96.00879,16.9,101
24,2026-06-07T00:00,34.25541,-96.00879,14.5,109
25,2026-06-07T01:00,34.25541,-96.00879,16.1,110
26,2026-06-07T02:00,34.25541,-96.00879,8.2,131
27,2026-06-07T03:00,34.25541,-96.00879,12.0,129
28,2026-06-07T04:00,34.25541,-96.00879,15.8,135
29,2026-06-07T05:00,34.25541,-96.00879,8.4,133
30,2026-06-07T06:00,34.25541,-96.00879,8.1,135
31,2026-06-07T07:00,34.25541,-96.00879,10.2,148
32,2026-06-07T08:00,34.25541,-96.00879,9.5,151
33,2026-06-07T09:00,34.25541,-96.00879,11.2,130
34,2026-06-07T10:00,34.25541,-96.00879,8.7,163
35,2026-06-07T11:00,34.25541,-96.00879,12.4,154
36,2026-06-07T12:00,34.25541,-96.00879,12.4,172
37,2026-06-07T13:00,34.25541,-96.00879,9.4,176
38,2026-06-07T14:00,34.25541,-96.00879,10.1,180
39,2026-06-07T15:00,34.25541,-96.00879,16.8,125
40,2026-06-07T16:00,34.25541,-96.00879,15.1,152
41,2026-06-07T17:00,34.25541,-96.00879,19.2,186
42,2026-06-07T18:00,34.25541,-96.00879,16.6,178
43,2026-06-07T19:00,34.25541,-96.00879,15.5,216
44,2026-06-07T20:00,34.25541,-96.00879,20.9,212
45,2026-06-07T21:00,34.25541,-96.00879,14.1,167
46,2026-06-07T22:00,34.25541,-96.00879,10.7,222
47,2026-06-07T23:00,34.25541,-96.00879,14.1,199
0,2026-06-06T00:00,34.243687,-92.13287,10.4,136
1,2026-06-06T01:00,34.243687,-92.13287,4.2,160
2,2026-06-06T02:00,34.243687,-92.13287,3.6,135
3,2026-06-06T03:00,34.243687,-92.13287,4.6,135
4,2026-06-06T04:00,34.243687,-92.13287,7.3,147
5,2026-06-06T05:00,34.243687,-92.13287,5.7,162
6,2026-06-06T06:00,34.243687,-92.13287,6.2,159
7,2026-06-06T07:00,34.243687,-92.13287,6.3,149
8,2026-06-06T08:00,34.243687,-92.13287,7.3,160
9,2026-06-06T09:00,34.243687,-92.13287,6.7,164
10,2026-06-06T10:00,34.243687,-92.13287,2.3,141
11,2026-06-06T11:00,34.243687,-92.13287,5.4,98
12,2026-06-06T12:00,34.243687,-92.13287,4.4,125
13,2026-06-06T13:00,34.243687,-92.13287,9.0,157
14,2026-06-06T14:00,34.243687,-92.13287,11.3,158
15,2026-06-06T15:00,34.243687,-92.13287,12.9,150
16,2026-06-06T16:00,34.243687,-92.13287,13.5,146
17,2026-06-06T17:00,34.243687,-92.13287,13.9,143
18,2026-06-06T18:00,34.243687,-92.13287,15.1,140
19,2026-06-06T19:00,34.243687,-92.13287,13.0,138
20,2026-06-06T20:00,34.243687,-92.13287,14.3,139
21,2026-06-06T21:00,34.243687,-92.13287,15.6,140
22,2026-06-06T22:00,34.243687,-92.13287,15.5,136
23,2026-06-06T23:00,34.243687,-92.13287,17.6,149
24,2026-06-07T00:00,34.243687,-92.13287,16.0,144
25,2026-06-07T01:00,34.243687,-92.13287,15.9,142
26,2026-06-07T02:00,34.243687,-92.13287,12.8,140
27,2026-06-07T03:00,34.243687,-92.13287,12.2,146
28,2026-06-07T04:00,34.243687,-92.13287,9.3,144
29,2026-06-07T05:00,34.243687,-92.13287,10.0,139
30,2026-06-07T06:00,34.243687,-92.13287,9.5,151
31,2026-06-07T07:00,34.243687,-92.13287,12.3,148
32,2026-06-07T08:00,34.243687,-92.13287,16.0,157
33,2026-06-07T09:00,34.243687,-92.13287,2.4,117
34,2026-06-07T10:00,34.243687,-92.13287,2.1,31
35,2026-06-07T11:00,34.243687,-92.13287,4.2,121
36,2026-06-07T12:00,34.243687,-92.13287,6.6,193
37,2026-06-07T13:00,34.243687,-92.13287,10.2,190
38,2026-06-07T14:00,34.243687,-92.13287,10.6,198
39,2026-06-07T15:00,34.243687,-92.13287,11.0,203
40,2026-06-07T16:00,34.243687,-92.13287,13.9,211
41,2026-06-07T17:00,34.243687,-92.13287,15.0,215
42,2026-06-07T18:00,34.243687,-92.13287,15.3,231
43,2026-06-07T19:00,34.243687,-92.13287,13.2,244
44,2026-06-07T20:00,34.243687,-92.13287,11.2,237
45,2026-06-07T21:00,34.243687,-92.13287,21.2,198
46,2026-06-07T22:00,34.243687,-92.13287,12.4,163
47,2026-06-07T23:00,34.243687,-92.13287,10.2,170
0,2026-06-06T00:00,34.260544,-88.27782,5.7,125
1,2026-06-06T01:00,34.260544,-88.27782,5.5,101
2,2026-06-06T02:00,34.260544,-88.27782,1.8,180
3,2026-06-06T03:00,34.260544,-88.27782,4.6,18
4,2026-06-06T04:00,34.260544,-88.27782,4.3,90
5,2026-06-06T05:00,34.260544,-88.27782,6.0,115
6,2026-06-06T06:00,34.260544,-88.27782,6.9,133
7,2026-06-06T07:00,34.260544,-88.27782,7.1,135
8,2026-06-06T08:00,34.260544,-88.27782,4.1,135
9,2026-06-06T09:00,34.260544,-88.27782,1.8,127
10,2026-06-06T10:00,34.260544,-88.27782,2.9,353
11,2026-06-06T11:00,34.260544,-88.27782,0.7,270
12,2026-06-06T12:00,34.260544,-88.27782,2.3,39
13,2026-06-06T13:00,34.260544,-88.27782,6.5,161
14,2026-06-06T14:00,34.260544,-88.27782,6.5,177
15,2026-06-06T15:00,34.260544,-88.27782,7.9,180
16,2026-06-06T16:00,34.260544,-88.27782,8.8,171
17,2026-06-06T17:00,34.260544,-88.27782,8.6,165
18,2026-06-06T18:00,34.260544,-88.27782,6.7,144
19,2026-06-06T19:00,34.260544,-88.27782,7.7,118
20,2026-06-06T20:00,34.260544,-88.27782,8.4,121
21,2026-06-06T21:00,34.260544,-88.27782,9.7,121
22,2026-06-06T22:00,34.260544,-88.27782,7.8,167
23,2026-06-06T23:00,34.260544,-88.27782,7.2,143
24,2026-06-07T00:00,34.260544,-88.27782,4.1,195
25,2026-06-07T01:00,34.260544,-88.27782,5.8,158
26,2026-06-07T02:00,34.260544,-88.27782,4.8,117
27,2026-06-07T03:00,34.260544,-88.27782,5.4,90
28,2026-06-07T04:00,34.260544,-88.27782,3.6,127
29,2026-06-07T05:00,34.260544,-88.27782,5.6,165
30,2026-06-07T06:00,34.260544,-88.27782,5.9,133
31,2026-06-07T07:00,34.260544,-88.27782,6.6,112
32,2026-06-07T08:00,34.260544,-88.27782,8.7,132
33,2026-06-07T09:00,34.260544,-88.27782,8.4,133
34,2026-06-07T10:00,34.260544,-88.27782,8.6,158
35,2026-06-07T11:00,34.260544,-88.27782,17.8,126
36,2026-06-07T12:00,34.260544,-88.27782,8.8,168
37,2026-06-07T13:00,34.260544,-88.27782,11.3,171
38,2026-06-07T14:00,34.260544,-88.27782,13.0,178
39,2026-06-07T15:00,34.260544,-88.27782,11.7,189
40,2026-06-07T16:00,34.260544,-88.27782,10.4,200
41,2026-06-07T17:00,34.260544,-88.27782,8.4,223
42,2026-06-07T18:00,34.260544,-88.27782,17.4,214
43,2026-06-07T19:00,34.260544,-88.27782,11.6,202
44,2026-06-07T20:00,34.260544,-88.27782,10.6,215
45,2026-06-07T21:00,34.260544,-88.27782,15.2,202
46,2026-06-07T22:00,34.260544,-88.27782,8.4,155
47,2026-06-07T23:00,34.260544,-88.27782,6.5,174
0,2026-06-06T00:00,34.25437,-84.44161,4.8,42
1,2026-06-06T01:00,34.25437,-84.44161,5.2,56
2,2026-06-06T02:00,34.25437,-84.44161,3.2,90
3,2026-06-06T03:00,34.25437,-84.44161,3.8,73
4,2026-06-06T04:00,34.25437,-84.44161,6.8,93
5,2026-06-06T05:00,34.25437,-84.44161,4.5,76
6,2026-06-06T06:00,34.25437,-84.44161,4.5,61
7,2026-06-06T07:00,34.25437,-84.44161,3.4,72
8,2026-06-06T08:00,34.25437,-84.44161,3.9,34
9,2026-06-06T09:00,34.25437,-84.44161,6.4,38
10,2026-06-06T10:00,34.25437,-84.44161,6.6,29
11,2026-06-06T11:00,34.25437,-84.44161,5.9,38
12,2026-06-06T12:00,34.25437,-84.44161,3.2,63
13,2026-06-06T13:00,34.25437,-84.44161,3.6,45
14,2026-06-06T14:00,34.25437,-84.44161,2.4,153
15,2026-06-06T15:00,34.25437,-84.44161,8.7,187
16,2026-06-06T16:00,34.25437,-84.44161,8.3,198
17,2026-06-06T17:00,34.25437,-84.44161,6.3,211
18,2026-06-06T18:00,34.25437,-84.44161,5.9,194
19,2026-06-06T19:00,34.25437,-84.44161,3.3,193
20,2026-06-06T20:00,34.25437,-84.44161,1.8,233
21,2026-06-06T21:00,34.25437,-84.44161,2.7,293
22,2026-06-06T22:00,34.25437,-84.44161,2.5,262
23,2026-06-06T23:00,34.25437,-84.44161,6.0,295
24,2026-06-07T00:00,34.25437,-84.44161,2.3,309
25,2026-06-07T01:00,34.25437,-84.44161,1.3,214
26,2026-06-07T02:00,34.25437,-84.44161,5.4,86
27,2026-06-07T03:00,34.25437,-84.44161,7.2,87
28,2026-06-07T04:00,34.25437,-84.44161,4.9,73
29,2026-06-07T05:00,34.25437,-84.44161,3.1,54
30,2026-06-07T06:00,34.25437,-84.44161,4.8,48
31,2026-06-07T07:00,34.25437,-84.44161,5.4,138
32,2026-06-07T08:00,34.25437,-84.44161,2.3,162
33,2026-06-07T09:00,34.25437,-84.44161,4.7,67
34,2026-06-07T10:00,34.25437,-84.44161,2.2,81
35,2026-06-07T11:00,34.25437,-84.44161,3.6,90
36,2026-06-07T12:00,34.25437,-84.44161,3.1,45
37,2026-06-07T13:00,34.25437,-84.44161,1.1,72
38,2026-06-07T14:00,34.25437,-84.44161,2.3,39
39,2026-06-07T15:00,34.25437,-84.44161,4.5,209
40,2026-06-07T16:00,34.25437,-84.44161,5.2,196
41,2026-06-07T17:00,34.25437,-84.44161,1.4,270
42,2026-06-07T18:00,34.25437,-84.44161,1.8,307
43,2026-06-07T19:00,34.25437,-84.44161,3.4,302
44,2026-06-07T20:00,34.25437,-84.44161,3.5,246
45,2026-06-07T21:00,34.25437,-84.44161,5.5,169
46,2026-06-07T22:00,34.25437,-84.44161,5.8,150
47,2026-06-07T23:00,34.25437,-84.44161,2.3,162
0,2026-06-06T00:00,34.24847,-80.58297,3.3,6
1,2026-06-06T01:00,34.24847,-80.58297,3.5,114
2,2026-06-06T02:00,34.24847,-80.58297,3.5,66
3,2026-06-06T03:00,34.24847,-80.58297,2.9,30
4,2026-06-06T04:00,34.24847,-80.58297,6.7,164
5,2026-06-06T05:00,34.24847,-80.58297,1.9,202
6,2026-06-06T06:00,34.24847,-80.58297,4.4,145
7,2026-06-06T07:00,34.24847,-80.58297,6.8,183
8,2026-06-06T08:00,34.24847,-80.58297,5.2,164
9,2026-06-06T09:00,34.24847,-80.58297,5.1,184
10,2026-06-06T10:00,34.24847,-80.58297,6.9,171
11,2026-06-06T11:00,34.24847,-80.58297,4.0,175
12,2026-06-06T12:00,34.24847,-80.58297,5.3,242
13,2026-06-06T13:00,34.24847,-80.58297,6.4,254
14,2026-06-06T14:00,34.24847,-80.58297,9.5,245
15,2026-06-06T15:00,34.24847,-80.58297,9.6,236
16,2026-06-06T16:00,34.24847,-80.58297,10.3,241
17,2026-06-06T17:00,34.24847,-80.58297,9.8,242
18,2026-06-06T18:00,34.24847,-80.58297,9.3,257
19,2026-06-06T19:00,34.24847,-80.58297,7.7,259
20,2026-06-06T20:00,34.24847,-80.58297,7.2,264
21,2026-06-06T21:00,34.24847,-80.58297,10.1,253
22,2026-06-06T22:00,34.24847,-80.58297,11.2,268
23,2026-06-06T23:00,34.24847,-80.58297,7.6,270
24,2026-06-07T00:00,34.24847,-80.58297,4.8,283
25,2026-06-07T01:00,34.24847,-80.58297,7.9,267
26,2026-06-07T02:00,34.24847,-80.58297,7.4,256
27,2026-06-07T03:00,34.24847,-80.58297,7.0,291
28,2026-06-07T04:00,34.24847,-80.58297,6.4,164
29,2026-06-07T05:00,34.24847,-80.58297,8.4,190
30,2026-06-07T06:00,34.24847,-80.58297,8.5,192
31,2026-06-07T07:00,34.24847,-80.58297,8.3,198
32,2026-06-07T08:00,34.24847,-80.58297,7.3,200
33,2026-06-07T09:00,34.24847,-80.58297,7.6,183
34,2026-06-07T10:00,34.24847,-80.58297,6.8,180
35,2026-06-07T11:00,34.24847,-80.58297,5.3,208
36,2026-06-07T12:00,34.24847,-80.58297,10.5,229
37,2026-06-07T13:00,34.24847,-80.58297,10.5,248
38,2026-06-07T14:00,34.24847,-80.58297,11.9,235
39,2026-06-07T15:00,34.24847,-80.58297,12.2,246
40,2026-06-07T16:00,34.24847,-80.58297,12.1,243
41,2026-06-07T17:00,34.24847,-80.58297,9.8,246
42,2026-06-07T18:00,34.24847,-80.58297,8.7,246
43,2026-06-07T19:00,34.24847,-80.58297,7.4,256
44,2026-06-07T20:00,34.24847,-80.58297,8.4,260
45,2026-06-07T21:00,34.24847,-80.58297,8.0,288
46,2026-06-07T22:00,34.24847,-80.58297,11.5,266
47,2026-06-07T23:00,34.24847,-80.58297,8.0,234
0,2026-06-06T00:00,34.24613,-76.72701,24.9,183
1,2026-06-06T01:00,34.24613,-76.72701,24.8,189
2,2026-06-06T02:00,34.24613,-76.72701,26.5,198
3,2026-06-06T03:00,34.24613,-76.72701,25.2,199
4,2026-06-06T04:00,34.24613,-76.72701,23.9,201
5,2026-06-06T05:00,34.24613,-76.72701,23.1,211
6,2026-06-06T06:00,34.24613,-76.72701,24.1,219
7,2026-06-06T07:00,34.24613,-76.72701,25.2,233
8,2026-06-06T08:00,34.24613,-76.72701,24.8,229
9,2026-06-06T09:00,34.24613,-76.72701,23.4,239
10,2026-06-06T10:00,34.24613,-76.72701,23.5,245
11,2026-06-06T11:00,34.24613,-76.72701,20.5,239
12,2026-06-06T12:00,34.24613,-76.72701,20.8,242
13,2026-06-06T13:00,34.24613,-76.72701,20.7,235
14,2026-06-06T14:00,34.24613,-76.72701,22.0,238
15,2026-06-06T15:00,34.24613,-76.72701,22.3,231
16,2026-06-06T16:00,34.24613,-76.72701,23.4,214
17,2026-06-06T17:00,34.24613,-76.72701,25.8,210
18,2026-06-06T18:00,34.24613,-76.72701,27.9,205
19,2026-06-06T19:00,34.24613,-76.72701,28.0,206
20,2026-06-06T20:00,34.24613,-76.72701,29.2,202
21,2026-06-06T21:00,34.24613,-76.72701,30.6,195
22,2026-06-06T22:00,34.24613,-76.72701,29.2,202
23,2026-06-06T23:00,34.24613,-76.72701,29.5,202
24,2026-06-07T00:00,34.24613,-76.72701,30.1,201
25,2026-06-07T01:00,34.24613,-76.72701,31.0,202
26,2026-06-07T02:00,34.24613,-76.72701,32.1,203
27,2026-06-07T03:00,34.24613,-76.72701,33.3,206
28,2026-06-07T04:00,34.24613,-76.72701,34.0,207
29,2026-06-07T05:00,34.24613,-76.72701,34.2,215
30,2026-06-07T06:00,34.24613,-76.72701,34.7,217
31,2026-06-07T07:00,34.24613,-76.72701,33.4,222
32,2026-06-07T08:00,34.24613,-76.72701,33.1,223
33,2026-06-07T09:00,34.24613,-76.72701,33.4,227
34,2026-06-07T10:00,34.24613,-76.72701,32.4,229
35,2026-06-07T11:00,34.24613,-76.72701,32.3,231
36,2026-06-07T12:00,34.24613,-76.72701,29.5,231
37,2026-06-07T13:00,34.24613,-76.72701,31.5,231
38,2026-06-07T14:00,34.24613,-76.72701,31.4,230
39,2026-06-07T15:00,34.24613,-76.72701,30.8,226
40,2026-06-07T16:00,34.24613,-76.72701,31.6,223
41,2026-06-07T17:00,34.24613,-76.72701,33.8,218
42,2026-06-07T18:00,34.24613,-76.72701,33.9,213
43,2026-06-07T19:00,34.24613,-76.72701,33.3,208
44,2026-06-07T20:00,34.24613,-76.72701,34.0,204
45,2026-06-07T21:00,34.24613,-76.72701,36.3,198
46,2026-06-07T22:00,34.24613,-76.72701,35.6,204
47,2026-06-07T23:00,34.24613,-76.72701,35.2,203
0,2026-06-06T00:00,34.24727,-72.86642,5.9,223
1,2026-06-06T01:00,34.24727,-72.86642,7.4,194
2,2026-06-06T02:00,34.24727,-72.86642,10.9,186
3,2026-06-06T03:00,34.24727,-72.86642,13.8,187
4,2026-06-06T04:00,34.24727,-72.86642,14.5,186
5,2026-06-06T05:00,34.24727,-72.86642,15.5,181
6,2026-06-06T06:00,34.24727,-72.86642,17.0,186
7,2026-06-06T07:00,34.24727,-72.86642,18.9,193
8,2026-06-06T08:00,34.24727,-72.86642,19.2,203
9,2026-06-06T09:00,34.24727,-72.86642,19.9,215
10,2026-06-06T10:00,34.24727,-72.86642,20.9,226
11,2026-06-06T11:00,34.24727,-72.86642,19.1,234
12,2026-06-06T12:00,34.24727,-72.86642,17.3,239
13,2026-06-06T13:00,34.24727,-72.86642,15.5,242
14,2026-06-06T14:00,34.24727,-72.86642,12.8,230
15,2026-06-06T15:00,34.24727,-72.86642,12.8,230
16,2026-06-06T16:00,34.24727,-72.86642,12.3,212
17,2026-06-06T17:00,34.24727,-72.86642,13.0,204
18,2026-06-06T18:00,34.24727,-72.86642,15.4,201
19,2026-06-06T19:00,34.24727,-72.86642,17.0,197
20,2026-06-06T20:00,34.24727,-72.86642,18.3,195
21,2026-06-06T21:00,34.24727,-72.86642,18.9,193
22,2026-06-06T22:00,34.24727,-72.86642,23.4,194
23,2026-06-06T23:00,34.24727,-72.86642,24.6,198
24,2026-06-07T00:00,34.24727,-72.86642,24.9,200
25,2026-06-07T01:00,34.24727,-72.86642,25.3,200
26,2026-06-07T02:00,34.24727,-72.86642,26.6,205
27,2026-06-07T03:00,34.24727,-72.86642,27.4,208
28,2026-06-07T04:00,34.24727,-72.86642,27.2,209
29,2026-06-07T05:00,34.24727,-72.86642,28.8,208
30,2026-06-07T06:00,34.24727,-72.86642,29.3,209
31,2026-06-07T07:00,34.24727,-72.86642,28.8,209
32,2026-06-07T08:00,34.24727,-72.86642,29.3,212
33,2026-06-07T09:00,34.24727,-72.86642,29.9,220
34,2026-06-07T10:00,34.24727,-72.86642,29.5,219
35,2026-06-07T11:00,34.24727,-72.86642,29.0,218
36,2026-06-07T12:00,34.24727,-72.86642,28.0,217
37,2026-06-07T13:00,34.24727,-72.86642,28.2,212
38,2026-06-07T14:00,34.24727,-72.86642,28.7,210
39,2026-06-07T15:00,34.24727,-72.86642,28.8,208
40,2026-06-07T16:00,34.24727,-72.86642,28.8,204
41,2026-06-07T17:00,34.24727,-72.86642,28.8,204
42,2026-06-07T18:00,34.24727,-72.86642,30.9,201
43,2026-06-07T19:00,34.24727,-72.86642,31.8,202
44,2026-06-07T20:00,34.24727,-72.86642,31.6,201
45,2026-06-07T21:00,34.24727,-72.86642,32.6,200
46,2026-06-07T22:00,34.24727,-72.86642,32.8,199
47,2026-06-07T23:00,34.24727,-72.86642,33.2,201
0,2026-06-06T00:00,34.250996,-68.99391,11.6,306
1,2026-06-06T01:00,34.250996,-68.99391,12.1,297
2,2026-06-06T02:00,34.250996,-68.99391,11.8,293
3,2026-06-06T03:00,34.250996,-68.99391,11.7,281
4,2026-06-06T04:00,34.250996,-68.99391,12.4,278
5,2026-06-06T05:00,34.250996,-68.99391,12.6,273
6,2026-06-06T06:00,34.250996,-68.99391,14.4,269
7,2026-06-06T07:00,34.250996,-68.99391,15.0,260
8,2026-06-06T08:00,34.250996,-68.99391,14.8,257
9,2026-06-06T09:00,34.250996,-68.99391,17.1,255
10,2026-06-06T10:00,34.250996,-68.99391,18.2,262
11,2026-06-06T11:00,34.250996,-68.99391,19.4,270
12,2026-06-06T12:00,34.250996,-68.99391,18.4,272
13,2026-06-06T13:00,34.250996,-68.99391,18.8,275
14,2026-06-06T14:00,34.250996,-68.99391,20.6,274
15,2026-06-06T15:00,34.250996,-68.99391,19.5,274
16,2026-06-06T16:00,34.250996,-68.99391,19.8,272
17,2026-06-06T17:00,34.250996,-68.99391,19.1,269
18,2026-06-06T18:00,34.250996,-68.99391,18.2,262
19,2026-06-06T19:00,34.250996,-68.99391,17.9,261
20,2026-06-06T20:00,34.250996,-68.99391,16.1,250
21,2026-06-06T21:00,34.250996,-68.99391,16.9,236
22,2026-06-06T22:00,34.250996,-68.99391,19.1,221
23,2026-06-06T23:00,34.250996,-68.99391,19.4,222
24,2026-06-07T00:00,34.250996,-68.99391,20.0,231
25,2026-06-07T01:00,34.250996,-68.99391,19.4,230
26,2026-06-07T02:00,34.250996,-68.99391,18.1,224
27,2026-06-07T03:00,34.250996,-68.99391,20.1,226
28,2026-06-07T04:00,34.250996,-68.99391,22.2,223
29,2026-06-07T05:00,34.250996,-68.99391,22.9,224
30,2026-06-07T06:00,34.250996,-68.99391,24.0,221
31,2026-06-07T07:00,34.250996,-68.99391,25.8,220
32,2026-06-07T08:00,34.250996,-68.99391,25.6,219
33,2026-06-07T09:00,34.250996,-68.99391,25.3,220
34,2026-06-07T10:00,34.250996,-68.99391,25.8,221
35,2026-06-07T11:00,34.250996,-68.99391,24.4,225
36,2026-06-07T12:00,34.250996,-68.99391,24.2,217
37,2026-06-07T13:00,34.250996,-68.99391,25.6,219
38,2026-06-07T14:00,34.250996,-68.99391,25.9,215
39,2026-06-07T15:00,34.250996,-68.99391,26.0,211
40,2026-06-07T16:00,34.250996,-68.99391,25.0,210
41,2026-06-07T17:00,34.250996,-68.99391,24.7,203
42,2026-06-07T18:00,34.250996,-68.99391,26.0,211
43,2026-06-07T19:00,34.250996,-68.99391,26.9,208
44,2026-06-07T20:00,34.250996,-68.99391,26.9,210
45,2026-06-07T21:00,34.250996,-68.99391,27.7,210
46,2026-06-07T22:00,34.250996,-68.99391,27.9,207
47,2026-06-07T23:00,34.250996,-68.99391,28.7,204
0,2026-06-06T00:00,36.990982,-122.98608,40.4,344
1,2026-06-06T01:00,36.990982,-122.98608,43.9,342
2,2026-06-06T02:00,36.990982,-122.98608,42.8,338
3,2026-06-06T03:00,36.990982,-122.98608,44.1,338
4,2026-06-06T04:00,36.990982,-122.98608,42.9,343
5,2026-06-06T05:00,36.990982,-122.98608,43.4,346
6,2026-06-06T06:00,36.990982,-122.98608,45.1,345
7,2026-06-06T07:00,36.990982,-122.98608,46.6,343
8,2026-06-06T08:00,36.990982,-122.98608,48.1,343
9,2026-06-06T09:00,36.990982,-122.98608,49.1,342
10,2026-06-06T10:00,36.990982,-122.98608,49.0,342
11,2026-06-06T11:00,36.990982,-122.98608,49.0,342
12,2026-06-06T12:00,36.990982,-122.98608,48.8,342
13,2026-06-06T13:00,36.990982,-122.98608,49.7,343
14,2026-06-06T14:00,36.990982,-122.98608,49.5,342
15,2026-06-06T15:00,36.990982,-122.98608,50.8,341
16,2026-06-06T16:00,36.990982,-122.98608,51.4,340
17,2026-06-06T17:00,36.990982,-122.98608,50.5,339
18,2026-06-06T18:00,36.990982,-122.98608,50.5,339
19,2026-06-06T19:00,36.990982,-122.98608,51.5,338
20,2026-06-06T20:00,36.990982,-122.98608,50.5,338
21,2026-06-06T21:00,36.990982,-122.98608,50.6,337
22,2026-06-06T22:00,36.990982,-122.98608,50.8,337
23,2026-06-06T23:00,36.990982,-122.98608,51.5,338
24,2026-06-07T00:00,36.990982,-122.98608,52.1,337
25,2026-06-07T01:00,36.990982,-122.98608,52.4,337
26,2026-06-07T02:00,36.990982,-122.98608,52.5,339
27,2026-06-07T03:00,36.990982,-122.98608,51.8,340
28,2026-06-07T04:00,36.990982,-122.98608,51.5,341
29,2026-06-07T05:00,36.990982,-122.98608,51.1,341
30,2026-06-07T06:00,36.990982,-122.98608,51.1,337
31,2026-06-07T07:00,36.990982,-122.98608,50.2,337
32,2026-06-07T08:00,36.990982,-122.98608,51.5,335
33,2026-06-07T09:00,36.990982,-122.98608,53.1,338
34,2026-06-07T10:00,36.990982,-122.98608,54.0,339
35,2026-06-07T11:00,36.990982,-122.98608,52.6,341
36,2026-06-07T12:00,36.990982,-122.98608,52.1,344
37,2026-06-07T13:00,36.990982,-122.98608,50.8,346
38,2026-06-07T14:00,36.990982,-122.98608,49.8,350
39,2026-06-07T15:00,36.990982,-122.98608,46.8,350
40,2026-06-07T16:00,36.990982,-122.98608,44.8,348
41,2026-06-07T17:00,36.990982,-122.98608,42.6,346
42,2026-06-07T18:00,36.990982,-122.98608,41.9,346
43,2026-06-07T19:00,36.990982,-122.98608,42.3,346
44,2026-06-07T20:00,36.990982,-122.98608,42.2,345
45,2026-06-07T21:00,36.990982,-122.98608,43.7,341
46,2026-06-07T22:00,36.990982,-122.98608,43.5,341
47,2026-06-07T23:00,36.990982,-122.98608,44.8,340
0,2026-06-06T00:00,37.011883,-119.152725,6.6,221
1,2026-06-06T01:00,37.011883,-119.152725,5.8,240
2,2026-06-06T02:00,37.011883,-119.152725,5.2,254
3,2026-06-06T03:00,37.011883,-119.152725,5.8,277
4,2026-06-06T04:00,37.011883,-119.152725,2.1,31
5,2026-06-06T05:00,37.011883,-119.152725,5.4,82
6,2026-06-06T06:00,37.011883,-119.152725,6.7,106
7,2026-06-06T07:00,37.011883,-119.152725,3.4,122
8,2026-06-06T08:00,37.011883,-119.152725,9.7,88
9,2026-06-06T09:00,37.011883,-119.152725,8.5,78
10,2026-06-06T10:00,37.011883,-119.152725,9.1,81
11,2026-06-06T11:00,37.011883,-119.152725,10.1,86
12,2026-06-06T12:00,37.011883,-119.152725,9.3,74
13,2026-06-06T13:00,37.011883,-119.152725,10.5,74
14,2026-06-06T14:00,37.011883,-119.152725,8.4,80
15,2026-06-06T15:00,37.011883,-119.152725,1.9,112
16,2026-06-06T16:00,37.011883,-119.152725,4.7,203
17,2026-06-06T17:00,37.011883,-119.152725,6.2,234
18,2026-06-06T18:00,37.011883,-119.152725,7.6,225
19,2026-06-06T19:00,37.011883,-119.152725,8.2,232
20,2026-06-06T20:00,37.011883,-119.152725,9.0,233
21,2026-06-06T21:00,37.011883,-119.152725,9.4,238
22,2026-06-06T22:00,37.011883,-119.152725,9.1,236
23,2026-06-06T23:00,37.011883,-119.152725,9.5,241
24,2026-06-07T00:00,37.011883,-119.152725,8.9,249
25,2026-06-07T01:00,37.011883,-119.152725,6.6,257
26,2026-06-07T02:00,37.011883,-119.152725,6.5,273
27,2026-06-07T03:00,37.011883,-119.152725,3.6,264
28,2026-06-07T04:00,37.011883,-119.152725,4.8,117
29,2026-06-07T05:00,37.011883,-119.152725,8.4,110
30,2026-06-07T06:00,37.011883,-119.152725,8.7,95
31,2026-06-07T07:00,37.011883,-119.152725,8.4,100
32,2026-06-07T08:00,37.011883,-119.152725,7.7,101
33,2026-06-07T09:00,37.011883,-119.152725,10.8,94
34,2026-06-07T10:00,37.011883,-119.152725,10.8,105
35,2026-06-07T11:00,37.011883,-119.152725,10.4,104
36,2026-06-07T12:00,37.011883,-119.152725,7.1,114
37,2026-06-07T13:00,37.011883,-119.152725,6.6,103
38,2026-06-07T14:00,37.011883,-119.152725,3.4,58
39,2026-06-07T15:00,37.011883,-119.152725,1.1,108
40,2026-06-07T16:00,37.011883,-119.152725,5.2,214
41,2026-06-07T17:00,37.011883,-119.152725,5.7,198
42,2026-06-07T18:00,37.011883,-119.152725,6.2,216
43,2026-06-07T19:00,37.011883,-119.152725,6.9,242
44,2026-06-07T20:00,37.011883,-119.152725,9.8,264
45,2026-06-07T21:00,37.011883,-119.152725,9.9,260
46,2026-06-07T22:00,37.011883,-119.152725,10.4,256
47,2026-06-07T23:00,37.011883,-119.152725,10.1,264
0,2026-06-06T00:00,36.995132,-115.27707,14.1,218
1,2026-06-06T01:00,36.995132,-115.27707,11.9,275
2,2026-06-06T02:00,36.995132,-115.27707,13.7,240
3,2026-06-06T03:00,36.995132,-115.27707,8.3,275
4,2026-06-06T04:00,36.995132,-115.27707,14.7,242
5,2026-06-06T05:00,36.995132,-115.27707,12.9,77
6,2026-06-06T06:00,36.995132,-115.27707,8.8,109
7,2026-06-06T07:00,36.995132,-115.27707,7.0,305
8,2026-06-06T08:00,36.995132,-115.27707,15.3,98
9,2026-06-06T09:00,36.995132,-115.27707,7.8,124
10,2026-06-06T10:00,36.995132,-115.27707,4.5,76
11,2026-06-06T11:00,36.995132,-115.27707,6.2,353
12,2026-06-06T12:00,36.995132,-115.27707,4.8,347
13,2026-06-06T13:00,36.995132,-115.27707,9.0,323
14,2026-06-06T14:00,36.995132,-115.27707,8.6,360
15,2026-06-06T15:00,36.995132,-115.27707,7.6,329
16,2026-06-06T16:00,36.995132,-115.27707,1.5,346
17,2026-06-06T17:00,36.995132,-115.27707,13.8,242
18,2026-06-06T18:00,36.995132,-115.27707,18.8,244
19,2026-06-06T19:00,36.995132,-115.27707,25.5,254
20,2026-06-06T20:00,36.995132,-115.27707,29.9,255
21,2026-06-06T21:00,36.995132,-115.27707,34.5,259
22,2026-06-06T22:00,36.995132,-115.27707,32.7,262
23,2026-06-06T23:00,36.995132,-115.27707,29.2,254
24,2026-06-07T00:00,36.995132,-115.27707,34.8,252
25,2026-06-07T01:00,36.995132,-115.27707,31.8,254
26,2026-06-07T02:00,36.995132,-115.27707,27.3,252
27,2026-06-07T03:00,36.995132,-115.27707,18.9,252
28,2026-06-07T04:00,36.995132,-115.27707,6.6,283
29,2026-06-07T05:00,36.995132,-115.27707,13.4,82
30,2026-06-07T06:00,36.995132,-115.27707,7.1,66
31,2026-06-07T07:00,36.995132,-115.27707,9.4,7
32,2026-06-07T08:00,36.995132,-115.27707,10.4,20
33,2026-06-07T09:00,36.995132,-115.27707,4.7,148
34,2026-06-07T10:00,36.995132,-115.27707,7.1,210
35,2026-06-07T11:00,36.995132,-115.27707,11.9,185
36,2026-06-07T12:00,36.995132,-115.27707,12.7,155
37,2026-06-07T13:00,36.995132,-115.27707,13.4,144
38,2026-06-07T14:00,36.995132,-115.27707,6.2,170
39,2026-06-07T15:00,36.995132,-115.27707,6.0,205
40,2026-06-07T16:00,36.995132,-115.27707,3.6,233
41,2026-06-07T17:00,36.995132,-115.27707,1.8,191
42,2026-06-07T18:00,36.995132,-115.27707,4.2,110
43,2026-06-07T19:00,36.995132,-115.27707,8.7,107
44,2026-06-07T20:00,36.995132,-115.27707,10.3,126
45,2026-06-07T21:00,36.995132,-115.27707,21.8,231
46,2026-06-07T22:00,36.995132,-115.27707,20.0,194
47,2026-06-07T23:00,36.995132,-115.27707,17.6,235
0,2026-06-06T00:00,37.00818,-111.44052,15.6,293
1,2026-06-06T01:00,37.00818,-111.44052,23.5,291
2,2026-06-06T02:00,37.00818,-111.44052,18.1,291
3,2026-06-06T03:00,37.00818,-111.44052,12.5,288
4,2026-06-06T04:00,37.00818,-111.44052,18.4,281
5,2026-06-06T05:00,37.00818,-111.44052,16.1,290
6,2026-06-06T06:00,37.00818,-111.44052,9.5,155
7,2026-06-06T07:00,37.00818,-111.44052,9.1,171
8,2026-06-06T08:00,37.00818,-111.44052,7.4,141
9,2026-06-06T09:00,37.00818,-111.44052,13.7,93
10,2026-06-06T10:00,37.00818,-111.44052,9.7,90
11,2026-06-06T11:00,37.00818,-111.44052,4.7,356
12,2026-06-06T12:00,37.00818,-111.44052,2.7,293
13,2026-06-06T13:00,37.00818,-111.44052,4.8,153
14,2026-06-06T14:00,37.00818,-111.44052,2.2,99
15,2026-06-06T15:00,37.00818,-111.44052,5.5,122
16,2026-06-06T16:00,37.00818,-111.44052,3.3,174
17,2026-06-06T17:00,37.00818,-111.44052,8.4,170
18,2026-06-06T18:00,37.00818,-111.44052,20.1,209
19,2026-06-06T19:00,37.00818,-111.44052,21.7,234
20,2026-06-06T20:00,37.00818,-111.44052,13.0,272
21,2026-06-06T21:00,37.00818,-111.44052,32.1,217
22,2026-06-06T22:00,37.00818,-111.44052,37.6,275
23,2026-06-06T23:00,37.00818,-111.44052,39.2,269
24,2026-06-07T00:00,37.00818,-111.44052,36.6,255
25,2026-06-07T01:00,37.00818,-111.44052,34.6,269
26,2026-06-07T02:00,37.00818,-111.44052,30.6,272
27,2026-06-07T03:00,37.00818,-111.44052,23.4,274
28,2026-06-07T04:00,37.00818,-111.44052,20.9,267
29,2026-06-07T05:00,37.00818,-111.44052,18.8,287
30,2026-06-07T06:00,37.00818,-111.44052,6.0,237
31,2026-06-07T07:00,37.00818,-111.44052,3.6,174
32,2026-06-07T08:00,37.00818,-111.44052,4.4,99
33,2026-06-07T09:00,37.00818,-111.44052,4.9,17
34,2026-06-07T10:00,37.00818,-111.44052,5.1,51
35,2026-06-07T11:00,37.00818,-111.44052,3.2,27
36,2026-06-07T12:00,37.00818,-111.44052,1.8,79
37,2026-06-07T13:00,37.00818,-111.44052,5.0,69
38,2026-06-07T14:00,37.00818,-111.44052,5.6,75
39,2026-06-07T15:00,37.00818,-111.44052,4.7,90
40,2026-06-07T16:00,37.00818,-111.44052,7.2,198
41,2026-06-07T17:00,37.00818,-111.44052,29.9,221
42,2026-06-07T18:00,37.00818,-111.44052,35.8,219
43,2026-06-07T19:00,37.00818,-111.44052,33.9,233
44,2026-06-07T20:00,37.00818,-111.44052,42.0,258
45,2026-06-07T21:00,37.00818,-111.44052,37.7,227
46,2026-06-07T22:00,37.00818,-111.44052,36.7,227
47,2026-06-07T23:00,37.00818,-111.44052,33.3,254
0,2026-06-06T00:00,37.006744,-107.556946,8.1,45
1,2026-06-06T01:00,37.006744,-107.556946,15.9,3
2,2026-06-06T02:00,37.006744,-107.556946,14.2,24
3,2026-06-06T03:00,37.006744,-107.556946,11.0,157
4,2026-06-06T04:00,37.006744,-107.556946,10.5,139
5,2026-06-06T05:00,37.006744,-107.556946,9.9,123
6,2026-06-06T06:00,37.006744,-107.556946,15.2,187
7,2026-06-06T07:00,37.006744,-107.556946,20.9,169
8,2026-06-06T08:00,37.006744,-107.556946,10.3,119
9,2026-06-06T09:00,37.006744,-107.556946,6.3,66
10,2026-06-06T10:00,37.006744,-107.556946,13.5,99
11,2026-06-06T11:00,37.006744,-107.556946,13.2,119
12,2026-06-06T12:00,37.006744,-107.556946,14.8,119
13,2026-06-06T13:00,37.006744,-107.556946,11.8,117
14,2026-06-06T14:00,37.006744,-107.556946,12.1,78
15,2026-06-06T15:00,37.006744,-107.556946,15.5,94
16,2026-06-06T16:00,37.006744,-107.556946,11.5,104
17,2026-06-06T17:00,37.006744,-107.556946,6.4,128
18,2026-06-06T18:00,37.006744,-107.556946,7.4,256
19,2026-06-06T19:00,37.006744,-107.556946,18.5,263
20,2026-06-06T20:00,37.006744,-107.556946,27.3,279
21,2026-06-06T21:00,37.006744,-107.556946,24.4,286
22,2026-06-06T22:00,37.006744,-107.556946,30.1,287
23,2026-06-06T23:00,37.006744,-107.556946,27.7,288
24,2026-06-07T00:00,37.006744,-107.556946,28.9,291
25,2026-06-07T01:00,37.006744,-107.556946,32.2,298
26,2026-06-07T02:00,37.006744,-107.556946,19.8,295
27,2026-06-07T03:00,37.006744,-107.556946,12.6,283
28,2026-06-07T04:00,37.006744,-107.556946,12.4,280
29,2026-06-07T05:00,37.006744,-107.556946,4.9,343
30,2026-06-07T06:00,37.006744,-107.556946,5.8,330
31,2026-06-07T07:00,37.006744,-107.556946,8.9,284
32,2026-06-07T08:00,37.006744,-107.556946,9.5,299
33,2026-06-07T09:00,37.006744,-107.556946,4.2,290
34,2026-06-07T10:00,37.006744,-107.556946,9.7,255
35,2026-06-07T11:00,37.006744,-107.556946,11.3,253
36,2026-06-07T12:00,37.006744,-107.556946,9.6,250
37,2026-06-07T13:00,37.006744,-107.556946,12.4,244
38,2026-06-07T14:00,37.006744,-107.556946,12.6,283
39,2026-06-07T15:00,37.006744,-107.556946,24.2,293
40,2026-06-07T16:00,37.006744,-107.556946,25.5,286
41,2026-06-07T17:00,37.006744,-107.556946,28.1,283
42,2026-06-07T18:00,37.006744,-107.556946,30.1,282
43,2026-06-07T19:00,37.006744,-107.556946,28.4,285
44,2026-06-07T20:00,37.006744,-107.556946,24.2,295
45,2026-06-07T21:00,37.006744,-107.556946,25.2,273
46,2026-06-07T22:00,37.006744,-107.556946,32.1,266
47,2026-06-07T23:00,37.006744,-107.556946,32.5,266
0,2026-06-06T00:00,37.00732,-103.72545,15.9,141
1,2026-06-06T01:00,37.00732,-103.72545,18.8,173
2,2026-06-06T02:00,37.00732,-103.72545,10.4,166
3,2026-06-06T03:00,37.00732,-103.72545,12.7,137
4,2026-06-06T04:00,37.00732,-103.72545,11.9,155
5,2026-06-06T05:00,37.00732,-103.72545,15.0,207
6,2026-06-06T06:00,37.00732,-103.72545,10.9,189
7,2026-06-06T07:00,37.00732,-103.72545,19.6,223
8,2026-06-06T08:00,37.00732,-103.72545,1.1,360
9,2026-06-06T09:00,37.00732,-103.72545,5.0,210
10,2026-06-06T10:00,37.00732,-103.72545,5.2,348
11,2026-06-06T11:00,37.00732,-103.72545,7.3,20
12,2026-06-06T12:00,37.00732,-103.72545,1.1,252
13,2026-06-06T13:00,37.00732,-103.72545,4.0,297
14,2026-06-06T14:00,37.00732,-103.72545,3.8,311
15,2026-06-06T15:00,37.00732,-103.72545,5.4,82
16,2026-06-06T16:00,37.00732,-103.72545,14.2,111
17,2026-06-06T17:00,37.00732,-103.72545,17.2,110
18,2026-06-06T18:00,37.00732,-103.72545,14.7,107
19,2026-06-06T19:00,37.00732,-103.72545,19.4,105
20,2026-06-06T20:00,37.00732,-103.72545,22.5,106
21,2026-06-06T21:00,37.00732,-103.72545,23.9,108
22,2026-06-06T22:00,37.00732,-103.72545,20.4,107
23,2026-06-06T23:00,37.00732,-103.72545,23.7,120
24,2026-06-07T00:00,37.00732,-103.72545,22.0,145
25,2026-06-07T01:00,37.00732,-103.72545,31.0,231
26,2026-06-07T02:00,37.00732,-103.72545,15.2,194
27,2026-06-07T03:00,37.00732,-103.72545,10.7,110
28,2026-06-07T04:00,37.00732,-103.72545,9.8,354
29,2026-06-07T05:00,37.00732,-103.72545,5.1,321
30,2026-06-07T06:00,37.00732,-103.72545,10.2,288
31,2026-06-07T07:00,37.00732,-103.72545,12.6,110
32,2026-06-07T08:00,37.00732,-103.72545,3.0,284
33,2026-06-07T09:00,37.00732,-103.72545,13.0,268
34,2026-06-07T10:00,37.00732,-103.72545,12.2,289
35,2026-06-07T11:00,37.00732,-103.72545,11.3,333
36,2026-06-07T12:00,37.00732,-103.72545,11.4,281
37,2026-06-07T13:00,37.00732,-103.72545,9.0,293
38,2026-06-07T14:00,37.00732,-103.72545,14.7,301
39,2026-06-07T15:00,37.00732,-103.72545,12.8,302
40,2026-06-07T16:00,37.00732,-103.72545,17.0,324
41,2026-06-07T17:00,37.00732,-103.72545,13.3,319
42,2026-06-07T18:00,37.00732,-103.72545,11.3,323
43,2026-06-07T19:00,37.00732,-103.72545,13.0,336
44,2026-06-07T20:00,37.00732,-103.72545,26.8,255
45,2026-06-07T21:00,37.00732,-103.72545,30.0,266
46,2026-06-07T22:00,37.00732,-103.72545,27.3,230
47,2026-06-07T23:00,37.00732,-103.72545,28.5,242
0,2026-06-06T00:00,36.989204,-99.87029,40.2,162
1,2026-06-06T01:00,36.989204,-99.87029,37.1,172
2,2026-06-06T02:00,36.989204,-99.87029,28.1,177
3,2026-06-06T03:00,36.989204,-99.87029,22.5,186
4,2026-06-06T04:00,36.989204,-99.87029,8.9,207
5,2026-06-06T05:00,36.989204,-99.87029,5.9,14
6,2026-06-06T06:00,36.989204,-99.87029,4.8,103
7,2026-06-06T07:00,36.989204,-99.87029,2.3,252
8,2026-06-06T08:00,36.989204,-99.87029,5.4,37
9,2026-06-06T09:00,36.989204,-99.87029,9.2,121
10,2026-06-06T10:00,36.989204,-99.87029,6.9,152
11,2026-06-06T11:00,36.989204,-99.87029,7.5,125
12,2026-06-06T12:00,36.989204,-99.87029,9.2,141
13,2026-06-06T13:00,36.989204,-99.87029,10.7,225
14,2026-06-06T14:00,36.989204,-99.87029,12.6,127
15,2026-06-06T15:00,36.989204,-99.87029,8.6,158
16,2026-06-06T16:00,36.989204,-99.87029,7.9,164
17,2026-06-06T17:00,36.989204,-99.87029,15.2,144
18,2026-06-06T18:00,36.989204,-99.87029,17.1,139
19,2026-06-06T19:00,36.989204,-99.87029,27.9,150
20,2026-06-06T20:00,36.989204,-99.87029,22.1,158
21,2026-06-06T21:00,36.989204,-99.87029,19.6,154
22,2026-06-06T22:00,36.989204,-99.87029,25.5,147
23,2026-06-06T23:00,36.989204,-99.87029,24.4,158
24,2026-06-07T00:00,36.989204,-99.87029,17.8,135
25,2026-06-07T01:00,36.989204,-99.87029,14.1,140
26,2026-06-07T02:00,36.989204,-99.87029,9.5,151
27,2026-06-07T03:00,36.989204,-99.87029,10.6,156
28,2026-06-07T04:00,36.989204,-99.87029,9.2,159
29,2026-06-07T05:00,36.989204,-99.87029,8.4,133
30,2026-06-07T06:00,36.989204,-99.87029,12.1,150
31,2026-06-07T07:00,36.989204,-99.87029,10.7,168
32,2026-06-07T08:00,36.989204,-99.87029,9.4,148
33,2026-06-07T09:00,36.989204,-99.87029,11.4,125
34,2026-06-07T10:00,36.989204,-99.87029,12.2,156
35,2026-06-07T11:00,36.989204,-99.87029,14.9,165
36,2026-06-07T12:00,36.989204,-99.87029,13.8,171
37,2026-06-07T13:00,36.989204,-99.87029,17.0,176
38,2026-06-07T14:00,36.989204,-99.87029,19.9,167
39,2026-06-07T15:00,36.989204,-99.87029,18.6,171
40,2026-06-07T16:00,36.989204,-99.87029,15.9,177
41,2026-06-07T17:00,36.989204,-99.87029,13.8,147
42,2026-06-07T18:00,36.989204,-99.87029,13.7,145
43,2026-06-07T19:00,36.989204,-99.87029,15.1,140
44,2026-06-07T20:00,36.989204,-99.87029,15.6,146
45,2026-06-07T21:00,36.989204,-99.87029,18.0,151
46,2026-06-07T22:00,36.989204,-99.87029,17.9,150
47,2026-06-07T23:00,36.989204,-99.87029,19.3,147
0,2026-06-06T00:00,37.00363,-95.98675,23.3,172
1,2026-06-06T01:00,37.00363,-95.98675,19.5,164
2,2026-06-06T02:00,37.00363,-95.98675,14.7,155
3,2026-06-06T03:00,37.00363,-95.98675,19.7,162
4,2026-06-06T04:00,37.00363,-95.98675,18.2,172
5,2026-06-06T05:00,37.00363,-95.98675,18.8,177
6,2026-06-06T06:00,37.00363,-95.98675,16.6,181
7,2026-06-06T07:00,37.00363,-95.98675,14.1,183
8,2026-06-06T08:00,37.00363,-95.98675,8.8,171
9,2026-06-06T09:00,37.00363,-95.98675,6.9,171
10,2026-06-06T10:00,37.00363,-95.98675,14.4,179
11,2026-06-06T11:00,37.00363,-95.98675,11.6,187
12,2026-06-06T12:00,37.00363,-95.98675,8.2,165
13,2026-06-06T13:00,37.00363,-95.98675,17.4,174
14,2026-06-06T14:00,37.00363,-95.98675,19.4,179
15,2026-06-06T15:00,37.00363,-95.98675,18.0,179
16,2026-06-06T16:00,37.00363,-95.98675,16.0,172
17,2026-06-06T17:00,37.00363,-95.98675,19.1,176
18,2026-06-06T18:00,37.00363,-95.98675,21.2,148
19,2026-06-06T19:00,37.00363,-95.98675,25.2,149
20,2026-06-06T20:00,37.00363,-95.98675,27.6,147
21,2026-06-06T21:00,37.00363,-95.98675,20.0,146
22,2026-06-06T22:00,37.00363,-95.98675,26.6,164
23,2026-06-06T23:00,37.00363,-95.98675,27.8,167
24,2026-06-07T00:00,37.00363,-95.98675,22.7,165
25,2026-06-07T01:00,37.00363,-95.98675,18.2,171
26,2026-06-07T02:00,37.00363,-95.98675,10.7,132
27,2026-06-07T03:00,37.00363,-95.98675,11.1,119
28,2026-06-07T04:00,37.00363,-95.98675,8.9,140
29,2026-06-07T05:00,37.00363,-95.98675,8.4,133
30,2026-06-07T06:00,37.00363,-95.98675,7.6,155
31,2026-06-07T07:00,37.00363,-95.98675,9.5,155
32,2026-06-07T08:00,37.00363,-95.98675,8.7,173
33,2026-06-07T09:00,37.00363,-95.98675,11.4,167
34,2026-06-07T10:00,37.00363,-95.98675,6.3,149
35,2026-06-07T11:00,37.00363,-95.98675,5.0,159
36,2026-06-07T12:00,37.00363,-95.98675,8.0,144
37,2026-06-07T13:00,37.00363,-95.98675,12.9,167
38,2026-06-07T14:00,37.00363,-95.98675,12.7,195
39,2026-06-07T15:00,37.00363,-95.98675,13.4,194
40,2026-06-07T16:00,37.00363,-95.98675,10.8,195
41,2026-06-07T17:00,37.00363,-95.98675,15.9,213
42,2026-06-07T18:00,37.00363,-95.98675,14.1,193
43,2026-06-07T19:00,37.00363,-95.98675,9.5,191
44,2026-06-07T20:00,37.00363,-95.98675,15.9,176
45,2026-06-07T21:00,37.00363,-95.98675,17.4,173
46,2026-06-07T22:00,37.00363,-95.98675,18.5,151
47,2026-06-07T23:00,37.00363,-95.98675,19.9,138
0,2026-06-06T00:00,36.996582,-92.1344,9.7,184
1,2026-06-06T01:00,36.996582,-92.1344,9.4,182
2,2026-06-06T02:00,36.996582,-92.1344,8.3,162
3,2026-06-06T03:00,36.996582,-92.1344,13.0,180
4,2026-06-06T04:00,36.996582,-92.1344,8.7,187
5,2026-06-06T05:00,36.996582,-92.1344,9.4,184
6,2026-06-06T06:00,36.996582,-92.1344,8.8,189
7,2026-06-06T07:00,36.996582,-92.1344,6.8,177
8,2026-06-06T08:00,36.996582,-92.1344,3.5,156
9,2026-06-06T09:00,36.996582,-92.1344,5.9,166
10,2026-06-06T10:00,36.996582,-92.1344,7.3,171
11,2026-06-06T11:00,36.996582,-92.1344,4.7,180
12,2026-06-06T12:00,36.996582,-92.1344,2.2,81
13,2026-06-06T13:00,36.996582,-92.1344,7.5,197
14,2026-06-06T14:00,36.996582,-92.1344,8.9,207
15,2026-06-06T15:00,36.996582,-92.1344,9.7,211
16,2026-06-06T16:00,36.996582,-92.1344,9.7,202
17,2026-06-06T17:00,36.996582,-92.1344,9.1,198
18,2026-06-06T18:00,36.996582,-92.1344,8.4,200
19,2026-06-06T19:00,36.996582,-92.1344,4.3,204
20,2026-06-06T20:00,36.996582,-92.1344,5.5,203
21,2026-06-06T21:00,36.996582,-92.1344,5.9,191
22,2026-06-06T22:00,36.996582,-92.1344,8.3,182
23,2026-06-06T23:00,36.996582,-92.1344,9.3,167
24,2026-06-07T00:00,36.996582,-92.1344,4.7,180
25,2026-06-07T01:00,36.996582,-92.1344,5.1,129
26,2026-06-07T02:00,36.996582,-92.1344,7.3,101
27,2026-06-07T03:00,36.996582,-92.1344,13.6,217
28,2026-06-07T04:00,36.996582,-92.1344,8.6,33
29,2026-06-07T05:00,36.996582,-92.1344,9.0,53
30,2026-06-07T06:00,36.996582,-92.1344,8.6,68
31,2026-06-07T07:00,36.996582,-92.1344,7.1,66
32,2026-06-07T08:00,36.996582,-92.1344,7.3,99
33,2026-06-07T09:00,36.996582,-92.1344,6.8,115
34,2026-06-07T10:00,36.996582,-92.1344,5.9,133
35,2026-06-07T11:00,36.996582,-92.1344,6.7,106
36,2026-06-07T12:00,36.996582,-92.1344,4.2,110
37,2026-06-07T13:00,36.996582,-92.1344,9.7,149
38,2026-06-07T14:00,36.996582,-92.1344,10.7,168
39,2026-06-07T15:00,36.996582,-92.1344,11.3,127
40,2026-06-07T16:00,36.996582,-92.1344,8.9,111
41,2026-06-07T17:00,36.996582,-92.1344,13.2,101
42,2026-06-07T18:00,36.996582,-92.1344,12.6,110
43,2026-06-07T19:00,36.996582,-92.1344,14.7,118
44,2026-06-07T20:00,36.996582,-92.1344,15.3,133
45,2026-06-07T21:00,36.996582,-92.1344,12.7,133
46,2026-06-07T22:00,36.996582,-92.1344,9.2,154
47,2026-06-07T23:00,36.996582,-92.1344,9.2,132
0,2026-06-06T00:00,36.997757,-88.306244,8.5,168
1,2026-06-06T01:00,36.997757,-88.306244,7.2,174
2,2026-06-06T02:00,36.997757,-88.306244,7.7,169
3,2026-06-06T03:00,36.997757,-88.306244,7.7,169
4,2026-06-06T04:00,36.997757,-88.306244,9.0,178
5,2026-06-06T05:00,36.997757,-88.306244,11.5,180
6,2026-06-06T06:00,36.997757,-88.306244,9.4,182
7,2026-06-06T07:00,36.997757,-88.306244,9.4,184
8,2026-06-06T08:00,36.997757,-88.306244,8.3,180
9,2026-06-06T09:00,36.997757,-88.306244,7.9,183
10,2026-06-06T10:00,36.997757,-88.306244,9.0,185
11,2026-06-06T11:00,36.997757,-88.306244,9.2,191
12,2026-06-06T12:00,36.997757,-88.306244,7.9,183
13,2026-06-06T13:00,36.997757,-88.306244,13.7,207
14,2026-06-06T14:00,36.997757,-88.306244,12.2,214
15,2026-06-06T15:00,36.997757,-88.306244,12.7,205
16,2026-06-06T16:00,36.997757,-88.306244,13.0,204
17,2026-06-06T17:00,36.997757,-88.306244,12.1,210
18,2026-06-06T18:00,36.997757,-88.306244,9.4,220
19,2026-06-06T19:00,36.997757,-88.306244,7.3,200
20,2026-06-06T20:00,36.997757,-88.306244,7.3,191
21,2026-06-06T21:00,36.997757,-88.306244,9.0,182
22,2026-06-06T22:00,36.997757,-88.306244,9.1,173
23,2026-06-06T23:00,36.997757,-88.306244,6.6,167
24,2026-06-07T00:00,36.997757,-88.306244,5.2,146
25,2026-06-07T01:00,36.997757,-88.306244,6.5,109
26,2026-06-07T02:00,36.997757,-88.306244,6.6,131
27,2026-06-07T03:00,36.997757,-88.306244,8.0,144
28,2026-06-07T04:00,36.997757,-88.306244,7.1,139
29,2026-06-07T05:00,36.997757,-88.306244,8.3,182
30,2026-06-07T06:00,36.997757,-88.306244,9.7,202
31,2026-06-07T07:00,36.997757,-88.306244,7.1,195
32,2026-06-07T08:00,36.997757,-88.306244,7.2,177
33,2026-06-07T09:00,36.997757,-88.306244,5.2,164
34,2026-06-07T10:00,36.997757,-88.306244,6.6,119
35,2026-06-07T11:00,36.997757,-88.306244,6.3,121
36,2026-06-07T12:00,36.997757,-88.306244,6.5,146
37,2026-06-07T13:00,36.997757,-88.306244,8.5,168
38,2026-06-07T14:00,36.997757,-88.306244,6.9,189
39,2026-06-07T15:00,36.997757,-88.306244,7.2,180
40,2026-06-07T16:00,36.997757,-88.306244,9.7,180
41,2026-06-07T17:00,36.997757,-88.306244,8.8,192
42,2026-06-07T18:00,36.997757,-88.306244,9.6,146
43,2026-06-07T19:00,36.997757,-88.306244,6.5,146
44,2026-06-07T20:00,36.997757,-88.306244,12.1,120
45,2026-06-07T21:00,36.997757,-88.306244,12.0,129
46,2026-06-07T22:00,36.997757,-88.306244,18.1,136
47,2026-06-07T23:00,36.997757,-88.306244,15.8,139
0,2026-06-06T00:00,37.00158,-84.42734,6.8,205
1,2026-06-06T01:00,37.00158,-84.42734,4.7,238
2,2026-06-06T02:00,37.00158,-84.42734,4.0,153
3,2026-06-06T03:00,37.00158,-84.42734,7.4,157
4,2026-06-06T04:00,37.00158,-84.42734,7.3,189
5,2026-06-06T05:00,37.00158,-84.42734,10.8,176
6,2026-06-06T06:00,37.00158,-84.42734,9.5,189
7,2026-06-06T07:00,37.00158,-84.42734,7.2,183
8,2026-06-06T08:00,37.00158,-84.42734,7.6,177
9,2026-06-06T09:00,37.00158,-84.42734,7.2,177
10,2026-06-06T10:00,37.00158,-84.42734,4.1,195
11,2026-06-06T11:00,37.00158,-84.42734,6.0,163
12,2026-06-06T12:00,37.00158,-84.42734,7.3,191
13,2026-06-06T13:00,37.00158,-84.42734,10.4,214
14,2026-06-06T14:00,37.00158,-84.42734,10.7,230
15,2026-06-06T15:00,37.00158,-84.42734,11.2,237
16,2026-06-06T16:00,37.00158,-84.42734,12.9,243
17,2026-06-06T17:00,37.00158,-84.42734,11.4,246
18,2026-06-06T18:00,37.00158,-84.42734,10.3,245
19,2026-06-06T19:00,37.00158,-84.42734,8.7,232
20,2026-06-06T20:00,37.00158,-84.42734,10.4,224
21,2026-06-06T21:00,37.00158,-84.42734,11.2,225
22,2026-06-06T22:00,37.00158,-84.42734,10.8,217
23,2026-06-06T23:00,37.00158,-84.42734,10.5,218
24,2026-06-07T00:00,37.00158,-84.42734,7.9,210
25,2026-06-07T01:00,37.00158,-84.42734,7.6,211
26,2026-06-07T02:00,37.00158,-84.42734,6.6,202
27,2026-06-07T03:00,37.00158,-84.42734,8.3,180
28,2026-06-07T04:00,37.00158,-84.42734,4.7,176
29,2026-06-07T05:00,37.00158,-84.42734,4.0,265
30,2026-06-07T06:00,37.00158,-84.42734,3.5,204
31,2026-06-07T07:00,37.00158,-84.42734,5.8,202
32,2026-06-07T08:00,37.00158,-84.42734,4.2,290
33,2026-06-07T09:00,37.00158,-84.42734,2.9,187
34,2026-06-07T10:00,37.00158,-84.42734,7.4,113
35,2026-06-07T11:00,37.00158,-84.42734,8.4,121
36,2026-06-07T12:00,37.00158,-84.42734,6.8,162
37,2026-06-07T13:00,37.00158,-84.42734,5.7,215
38,2026-06-07T14:00,37.00158,-84.42734,8.5,242
39,2026-06-07T15:00,37.00158,-84.42734,8.2,247
40,2026-06-07T16:00,37.00158,-84.42734,8.4,245
41,2026-06-07T17:00,37.00158,-84.42734,6.8,238
42,2026-06-07T18:00,37.00158,-84.42734,5.1,225
43,2026-06-07T19:00,37.00158,-84.42734,4.2,211
44,2026-06-07T20:00,37.00158,-84.42734,5.5,203
45,2026-06-07T21:00,37.00158,-84.42734,6.6,229
46,2026-06-07T22:00,37.00158,-84.42734,9.2,244
47,2026-06-07T23:00,37.00158,-84.42734,8.6,237
0,2026-06-06T00:00,36.98597,-80.563385,8.8,215
1,2026-06-06T01:00,36.98597,-80.563385,7.3,191
2,2026-06-06T02:00,36.98597,-80.563385,6.3,204
3,2026-06-06T03:00,36.98597,-80.563385,8.4,245
4,2026-06-06T04:00,36.98597,-80.563385,10.0,240
5,2026-06-06T05:00,36.98597,-80.563385,10.6,246
6,2026-06-06T06:00,36.98597,-80.563385,11.4,246
7,2026-06-06T07:00,36.98597,-80.563385,12.3,249
8,2026-06-06T08:00,36.98597,-80.563385,12.3,255
9,2026-06-06T09:00,36.98597,-80.563385,10.0,249
10,2026-06-06T10:00,36.98597,-80.563385,9.7,248
11,2026-06-06T11:00,36.98597,-80.563385,10.6,260
12,2026-06-06T12:00,36.98597,-80.563385,11.2,266
13,2026-06-06T13:00,36.98597,-80.563385,11.9,265
14,2026-06-06T14:00,36.98597,-80.563385,10.3,258
15,2026-06-06T15:00,36.98597,-80.563385,12.2,270
16,2026-06-06T16:00,36.98597,-80.563385,10.7,258
17,2026-06-06T17:00,36.98597,-80.563385,10.9,264
18,2026-06-06T18:00,36.98597,-80.563385,10.5,262
19,2026-06-06T19:00,36.98597,-80.563385,11.9,235
20,2026-06-06T20:00,36.98597,-80.563385,14.1,232
21,2026-06-06T21:00,36.98597,-80.563385,13.4,243
22,2026-06-06T22:00,36.98597,-80.563385,13.0,231
23,2026-06-06T23:00,36.98597,-80.563385,12.0,224
24,2026-06-07T00:00,36.98597,-80.563385,11.4,215
25,2026-06-07T01:00,36.98597,-80.563385,11.2,228
26,2026-06-07T02:00,36.98597,-80.563385,11.5,238
27,2026-06-07T03:00,36.98597,-80.563385,12.3,238
28,2026-06-07T04:00,36.98597,-80.563385,12.7,241
29,2026-06-07T05:00,36.98597,-80.563385,13.0,246
30,2026-06-07T06:00,36.98597,-80.563385,11.7,252
31,2026-06-07T07:00,36.98597,-80.563385,11.0,251
32,2026-06-07T08:00,36.98597,-80.563385,11.8,247
33,2026-06-07T09:00,36.98597,-80.563385,13.6,248
34,2026-06-07T10:00,36.98597,-80.563385,13.8,255
35,2026-06-07T11:00,36.98597,-80.563385,11.2,255
36,2026-06-07T12:00,36.98597,-80.563385,16.3,265
37,2026-06-07T13:00,36.98597,-80.563385,14.8,276
38,2026-06-07T14:00,36.98597,-80.563385,12.3,285
39,2026-06-07T15:00,36.98597,-80.563385,13.7,288
40,2026-06-07T16:00,36.98597,-80.563385,12.2,284
41,2026-06-07T17:00,36.98597,-80.563385,12.3,277
42,2026-06-07T18:00,36.98597,-80.563385,11.7,279
43,2026-06-07T19:00,36.98597,-80.563385,12.3,275
44,2026-06-07T20:00,36.98597,-80.563385,10.7,282
45,2026-06-07T21:00,36.98597,-80.563385,10.5,278
46,2026-06-07T22:00,36.98597,-80.563385,9.2,281
47,2026-06-07T23:00,36.98597,-80.563385,8.4,290
0,2026-06-06T00:00,37.01075,-76.7283,5.4,217
1,2026-06-06T01:00,37.01075,-76.7283,6.3,211
2,2026-06-06T02:00,37.01075,-76.7283,5.0,150
3,2026-06-06T03:00,37.01075,-76.7283,7.2,180
4,2026-06-06T04:00,37.01075,-76.7283,9.7,180
5,2026-06-06T05:00,37.01075,-76.7283,12.1,192
6,2026-06-06T06:00,37.01075,-76.7283,10.6,198
7,2026-06-06T07:00,37.01075,-76.7283,11.6,202
8,2026-06-06T08:00,37.01075,-76.7283,11.2,201
9,2026-06-06T09:00,37.01075,-76.7283,9.8,216
10,2026-06-06T10:00,37.01075,-76.7283,9.5,217
11,2026-06-06T11:00,37.01075,-76.7283,11.0,232
12,2026-06-06T12:00,37.01075,-76.7283,12.5,231
13,2026-06-06T13:00,37.01075,-76.7283,13.9,249
14,2026-06-06T14:00,37.01075,-76.7283,12.6,250
15,2026-06-06T15:00,37.01075,-76.7283,14.8,252
16,2026-06-06T16:00,37.01075,-76.7283,14.8,244
17,2026-06-06T17:00,37.01075,-76.7283,14.7,239
18,2026-06-06T18:00,37.01075,-76.7283,15.3,246
19,2026-06-06T19:00,37.01075,-76.7283,17.3,228
20,2026-06-06T20:00,37.01075,-76.7283,15.7,254
21,2026-06-06T21:00,37.01075,-76.7283,16.9,243
22,2026-06-06T22:00,37.01075,-76.7283,18.1,215
23,2026-06-06T23:00,37.01075,-76.7283,14.6,232
24,2026-06-07T00:00,37.01075,-76.7283,8.7,210
25,2026-06-07T01:00,37.01075,-76.7283,8.1,212
26,2026-06-07T02:00,37.01075,-76.7283,10.6,215
27,2026-06-07T03:00,37.01075,-76.7283,12.4,206
28,2026-06-07T04:00,37.01075,-76.7283,15.4,196
29,2026-06-07T05:00,37.01075,-76.7283,16.5,200
30,2026-06-07T06:00,37.01075,-76.7283,16.7,213
31,2026-06-07T07:00,37.01075,-76.7283,14.0,215
32,2026-06-07T08:00,37.01075,-76.7283,12.7,215
33,2026-06-07T09:00,37.01075,-76.7283,13.3,218
34,2026-06-07T10:00,37.01075,-76.7283,11.5,224
35,2026-06-07T11:00,37.01075,-76.7283,13.2,227
36,2026-06-07T12:00,37.01075,-76.7283,11.4,235
37,2026-06-07T13:00,37.01075,-76.7283,6.9,261
38,2026-06-07T14:00,37.01075,-76.7283,3.7,259
39,2026-06-07T15:00,37.01075,-76.7283,8.2,221
40,2026-06-07T16:00,37.01075,-76.7283,11.5,224
41,2026-06-07T17:00,37.01075,-76.7283,16.1,254
42,2026-06-07T18:00,37.01075,-76.7283,17.1,263
43,2026-06-07T19:00,37.01075,-76.7283,17.2,259
44,2026-06-07T20:00,37.01075,-76.7283,17.0,264
45,2026-06-07T21:00,37.01075,-76.7283,17.1,300
46,2026-06-07T22:00,37.01075,-76.7283,19.2,38
47,2026-06-07T23:00,37.01075,-76.7283,5.1,4
0,2026-06-06T00:00,37.01202,-72.86159,16.8,239
1,2026-06-06T01:00,37.01202,-72.86159,16.3,229
2,2026-06-06T02:00,37.01202,-72.86159,15.1,220
3,2026-06-06T03:00,37.01202,-72.86159,17.9,214
4,2026-06-06T04:00,37.01202,-72.86159,24.2,224
5,2026-06-06T05:00,37.01202,-72.86159,25.1,215
6,2026-06-06T06:00,37.01202,-72.86159,25.6,215
7,2026-06-06T07:00,37.01202,-72.86159,24.6,218
8,2026-06-06T08:00,37.01202,-72.86159,33.2,229
9,2026-06-06T09:00,37.01202,-72.86159,34.8,230
10,2026-06-06T10:00,37.01202,-72.86159,32.4,236
11,2026-06-06T11:00,37.01202,-72.86159,27.8,236
12,2026-06-06T12:00,37.01202,-72.86159,25.7,236
13,2026-06-06T13:00,37.01202,-72.86159,24.3,230
14,2026-06-06T14:00,37.01202,-72.86159,24.0,227
15,2026-06-06T15:00,37.01202,-72.86159,23.3,218
16,2026-06-06T16:00,37.01202,-72.86159,24.3,215
17,2026-06-06T17:00,37.01202,-72.86159,26.5,214
18,2026-06-06T18:00,37.01202,-72.86159,28.2,208
19,2026-06-06T19:00,37.01202,-72.86159,29.2,202
20,2026-06-06T20:00,37.01202,-72.86159,32.0,206
21,2026-06-06T21:00,37.01202,-72.86159,34.3,205
22,2026-06-06T22:00,37.01202,-72.86159,35.8,204
23,2026-06-06T23:00,37.01202,-72.86159,35.3,203
24,2026-06-07T00:00,37.01202,-72.86159,36.6,205
25,2026-06-07T01:00,37.01202,-72.86159,38.0,208
26,2026-06-07T02:00,37.01202,-72.86159,39.8,210
27,2026-06-07T03:00,37.01202,-72.86159,40.1,211
28,2026-06-07T04:00,37.01202,-72.86159,43.3,211
29,2026-06-07T05:00,37.01202,-72.86159,45.9,214
30,2026-06-07T06:00,37.01202,-72.86159,47.6,215
31,2026-06-07T07:00,37.01202,-72.86159,47.5,217
32,2026-06-07T08:00,37.01202,-72.86159,50.1,217
33,2026-06-07T09:00,37.01202,-72.86159,51.2,219
34,2026-06-07T10:00,37.01202,-72.86159,49.8,221
35,2026-06-07T11:00,37.01202,-72.86159,48.0,229
36,2026-06-07T12:00,37.01202,-72.86159,47.5,229
37,2026-06-07T13:00,37.01202,-72.86159,44.1,229
38,2026-06-07T14:00,37.01202,-72.86159,42.0,231
39,2026-06-07T15:00,37.01202,-72.86159,40.2,231
40,2026-06-07T16:00,37.01202,-72.86159,38.2,227
41,2026-06-07T17:00,37.01202,-72.86159,36.7,229
42,2026-06-07T18:00,37.01202,-72.86159,32.5,234
43,2026-06-07T19:00,37.01202,-72.86159,30.5,235
44,2026-06-07T20:00,37.01202,-72.86159,28.9,231
45,2026-06-07T21:00,37.01202,-72.86159,27.9,219
46,2026-06-07T22:00,37.01202,-72.86159,30.6,214
47,2026-06-07T23:00,37.01202,-72.86159,33.0,212
0,2026-06-06T00:00,36.994656,-68.99258,22.7,266
1,2026-06-06T01:00,36.994656,-68.99258,24.6,264
2,2026-06-06T02:00,36.994656,-68.99258,23.5,265
3,2026-06-06T03:00,36.994656,-68.99258,22.8,265
4,2026-06-06T04:00,36.994656,-68.99258,22.0,267
5,2026-06-06T05:00,36.994656,-68.99258,22.3,270
6,2026-06-06T06:00,36.994656,-68.99258,22.5,276
7,2026-06-06T07:00,36.994656,-68.99258,21.2,280
8,2026-06-06T08:00,36.994656,-68.99258,22.4,285
9,2026-06-06T09:00,36.994656,-68.99258,22.6,284
10,2026-06-06T10:00,36.994656,-68.99258,23.3,283
11,2026-06-06T11:00,36.994656,-68.99258,24.2,288
12,2026-06-06T12:00,36.994656,-68.99258,21.7,291
13,2026-06-06T13:00,36.994656,-68.99258,20.9,289
14,2026-06-06T14:00,36.994656,-68.99258,16.8,285
15,2026-06-06T15:00,36.994656,-68.99258,16.0,278
16,2026-06-06T16:00,36.994656,-68.99258,15.2,266
17,2026-06-06T17:00,36.994656,-68.99258,15.3,255
18,2026-06-06T18:00,36.994656,-68.99258,16.8,239
19,2026-06-06T19:00,36.994656,-68.99258,18.4,230
20,2026-06-06T20:00,36.994656,-68.99258,22.8,231
21,2026-06-06T21:00,36.994656,-68.99258,24.1,231
22,2026-06-06T22:00,36.994656,-68.99258,23.4,225
23,2026-06-06T23:00,36.994656,-68.99258,24.5,221
24,2026-06-07T00:00,36.994656,-68.99258,27.2,217
25,2026-06-07T01:00,36.994656,-68.99258,29.0,215
26,2026-06-07T02:00,36.994656,-68.99258,32.1,213
27,2026-06-07T03:00,36.994656,-68.99258,33.9,213
28,2026-06-07T04:00,36.994656,-68.99258,36.1,216
29,2026-06-07T05:00,36.994656,-68.99258,38.3,220
30,2026-06-07T06:00,36.994656,-68.99258,38.7,216
31,2026-06-07T07:00,36.994656,-68.99258,40.4,214
32,2026-06-07T08:00,36.994656,-68.99258,42.0,216
33,2026-06-07T09:00,36.994656,-68.99258,41.6,218
34,2026-06-07T10:00,36.994656,-68.99258,41.7,220
35,2026-06-07T11:00,36.994656,-68.99258,40.7,220
36,2026-06-07T12:00,36.994656,-68.99258,39.4,220
37,2026-06-07T13:00,36.994656,-68.99258,38.2,225
38,2026-06-07T14:00,36.994656,-68.99258,39.0,216
39,2026-06-07T15:00,36.994656,-68.99258,41.7,211
40,2026-06-07T16:00,36.994656,-68.99258,44.2,204
41,2026-06-07T17:00,36.994656,-68.99258,46.8,204
42,2026-06-07T18:00,36.994656,-68.99258,47.6,203
43,2026-06-07T19:00,36.994656,-68.99258,48.0,208
44,2026-06-07T20:00,36.994656,-68.99258,46.2,214
45,2026-06-07T21:00,36.994656,-68.99258,45.2,217
46,2026-06-07T22:00,36.994656,-68.99258,44.5,217
47,2026-06-07T23:00,36.994656,-68.99258,44.0,217
0,2026-06-06T00:00,39.74042,-122.98108,9.4,302
1,2026-06-06T01:00,39.74042,-122.98108,10.5,286
2,2026-06-06T02:00,39.74042,-122.98108,8.8,282
3,2026-06-06T03:00,39.74042,-122.98108,7.4,293
4,2026-06-06T04:00,39.74042,-122.98108,4.2,340
5,2026-06-06T05:00,39.74042,-122.98108,2.4,27
6,2026-06-06T06:00,39.74042,-122.98108,5.4,323
7,2026-06-06T07:00,39.74042,-122.98108,4.9,17
8,2026-06-06T08:00,39.74042,-122.98108,3.3,77
9,2026-06-06T09:00,39.74042,-122.98108,2.8,40
10,2026-06-06T10:00,39.74042,-122.98108,3.2,360
11,2026-06-06T11:00,39.74042,-122.98108,3.1,21
12,2026-06-06T12:00,39.74042,-122.98108,3.7,11
13,2026-06-06T13:00,39.74042,-122.98108,7.2,307
14,2026-06-06T14:00,39.74042,-122.98108,5.6,315
15,2026-06-06T15:00,39.74042,-122.98108,5.0,339
16,2026-06-06T16:00,39.74042,-122.98108,8.8,348
17,2026-06-06T17:00,39.74042,-122.98108,11.2,354
18,2026-06-06T18:00,39.74042,-122.98108,12.6,360
19,2026-06-06T19:00,39.74042,-122.98108,13.5,344
20,2026-06-06T20:00,39.74042,-122.98108,13.5,335
21,2026-06-06T21:00,39.74042,-122.98108,13.4,329
22,2026-06-06T22:00,39.74042,-122.98108,13.6,323
23,2026-06-06T23:00,39.74042,-122.98108,13.3,322
24,2026-06-07T00:00,39.74042,-122.98108,13.5,314
25,2026-06-07T01:00,39.74042,-122.98108,12.0,314
26,2026-06-07T02:00,39.74042,-122.98108,9.4,317
27,2026-06-07T03:00,39.74042,-122.98108,5.4,340
28,2026-06-07T04:00,39.74042,-122.98108,3.8,49
29,2026-06-07T05:00,39.74042,-122.98108,3.0,76
30,2026-06-07T06:00,39.74042,-122.98108,1.8,79
31,2026-06-07T07:00,39.74042,-122.98108,2.2,90
32,2026-06-07T08:00,39.74042,-122.98108,3.1,324
33,2026-06-07T09:00,39.74042,-122.98108,7.8,304
34,2026-06-07T10:00,39.74042,-122.98108,9.0,293
35,2026-06-07T11:00,39.74042,-122.98108,3.8,287
36,2026-06-07T12:00,39.74042,-122.98108,3.3,276
37,2026-06-07T13:00,39.74042,-122.98108,2.6,236
38,2026-06-07T14:00,39.74042,-122.98108,7.3,261
39,2026-06-07T15:00,39.74042,-122.98108,3.6,264
40,2026-06-07T16:00,39.74042,-122.98108,3.7,349
41,2026-06-07T17:00,39.74042,-122.98108,9.3,347
42,2026-06-07T18:00,39.74042,-122.98108,11.2,356
43,2026-06-07T19:00,39.74042,-122.98108,11.2,6
44,2026-06-07T20:00,39.74042,-122.98108,11.2,358
45,2026-06-07T21:00,39.74042,-122.98108,11.8,333
46,2026-06-07T22:00,39.74042,-122.98108,12.2,326
47,2026-06-07T23:00,39.74042,-122.98108,12.7,315
0,2026-06-06T00:00,39.759857,-119.1435,19.6,319
1,2026-06-06T01:00,39.759857,-119.1435,31.1,328
2,2026-06-06T02:00,39.759857,-119.1435,34.6,317
3,2026-06-06T03:00,39.759857,-119.1435,35.7,313
4,2026-06-06T04:00,39.759857,-119.1435,36.7,316
5,2026-06-06T05:00,39.759857,-119.1435,40.4,309
6,2026-06-06T06:00,39.759857,-119.1435,43.1,308
7,2026-06-06T07:00,39.759857,-119.1435,30.9,312
8,2026-06-06T08:00,39.759857,-119.1435,18.9,305
9,2026-06-06T09:00,39.759857,-119.1435,20.5,288
10,2026-06-06T10:00,39.759857,-119.1435,13.4,265
11,2026-06-06T11:00,39.759857,-119.1435,11.1,209
12,2026-06-06T12:00,39.759857,-119.1435,10.3,209
13,2026-06-06T13:00,39.759857,-119.1435,16.5,260
14,2026-06-06T14:00,39.759857,-119.1435,20.8,261
15,2026-06-06T15:00,39.759857,-119.1435,14.4,266
16,2026-06-06T16:00,39.759857,-119.1435,14.0,269
17,2026-06-06T17:00,39.759857,-119.1435,16.6,271
18,2026-06-06T18:00,39.759857,-119.1435,20.6,275
19,2026-06-06T19:00,39.759857,-119.1435,38.9,271
20,2026-06-06T20:00,39.759857,-119.1435,40.3,269
21,2026-06-06T21:00,39.759857,-119.1435,40.0,273
22,2026-06-06T22:00,39.759857,-119.1435,41.9,274
23,2026-06-06T23:00,39.759857,-119.1435,37.9,274
24,2026-06-07T00:00,39.759857,-119.1435,34.6,295
25,2026-06-07T01:00,39.759857,-119.1435,33.0,297
26,2026-06-07T02:00,39.759857,-119.1435,35.3,302
27,2026-06-07T03:00,39.759857,-119.1435,43.4,305
28,2026-06-07T04:00,39.759857,-119.1435,47.1,307
29,2026-06-07T05:00,39.759857,-119.1435,46.1,304
30,2026-06-07T06:00,39.759857,-119.1435,39.0,308
31,2026-06-07T07:00,39.759857,-119.1435,38.8,310
32,2026-06-07T08:00,39.759857,-119.1435,37.1,320
33,2026-06-07T09:00,39.759857,-119.1435,22.1,344
34,2026-06-07T10:00,39.759857,-119.1435,17.3,355
35,2026-06-07T11:00,39.759857,-119.1435,17.6,345
36,2026-06-07T12:00,39.759857,-119.1435,15.5,348
37,2026-06-07T13:00,39.759857,-119.1435,12.6,347
38,2026-06-07T14:00,39.759857,-119.1435,17.1,15
39,2026-06-07T15:00,39.759857,-119.1435,16.6,27
40,2026-06-07T16:00,39.759857,-119.1435,13.1,37
41,2026-06-07T17:00,39.759857,-119.1435,10.5,74
42,2026-06-07T18:00,39.759857,-119.1435,10.9,107
43,2026-06-07T19:00,39.759857,-119.1435,10.4,124
44,2026-06-07T20:00,39.759857,-119.1435,8.2,139
45,2026-06-07T21:00,39.759857,-119.1435,10.5,172
46,2026-06-07T22:00,39.759857,-119.1435,8.1,167
47,2026-06-07T23:00,39.759857,-119.1435,7.4,133
0,2026-06-06T00:00,39.74095,-115.29629,25.0,234
1,2026-06-06T01:00,39.74095,-115.29629,28.3,233
2,2026-06-06T02:00,39.74095,-115.29629,27.2,223
3,2026-06-06T03:00,39.74095,-115.29629,21.1,205
4,2026-06-06T04:00,39.74095,-115.29629,29.2,196
5,2026-06-06T05:00,39.74095,-115.29629,23.2,208
6,2026-06-06T06:00,39.74095,-115.29629,15.7,200
7,2026-06-06T07:00,39.74095,-115.29629,14.6,189
8,2026-06-06T08:00,39.74095,-115.29629,19.8,196
9,2026-06-06T09:00,39.74095,-115.29629,20.8,198
10,2026-06-06T10:00,39.74095,-115.29629,20.4,212
11,2026-06-06T11:00,39.74095,-115.29629,17.1,208
12,2026-06-06T12:00,39.74095,-115.29629,12.0,196
13,2026-06-06T13:00,39.74095,-115.29629,14.0,203
14,2026-06-06T14:00,39.74095,-115.29629,10.3,216
15,2026-06-06T15:00,39.74095,-115.29629,12.3,249
16,2026-06-06T16:00,39.74095,-115.29629,14.8,257
17,2026-06-06T17:00,39.74095,-115.29629,18.6,260
18,2026-06-06T18:00,39.74095,-115.29629,23.8,255
19,2026-06-06T19:00,39.74095,-115.29629,25.8,258
20,2026-06-06T20:00,39.74095,-115.29629,23.4,274
21,2026-06-06T21:00,39.74095,-115.29629,32.6,235
22,2026-06-06T22:00,39.74095,-115.29629,46.2,287
23,2026-06-06T23:00,39.74095,-115.29629,36.8,290
24,2026-06-07T00:00,39.74095,-115.29629,32.1,288
25,2026-06-07T01:00,39.74095,-115.29629,34.9,317
26,2026-06-07T02:00,39.74095,-115.29629,28.8,302
27,2026-06-07T03:00,39.74095,-115.29629,17.9,300
28,2026-06-07T04:00,39.74095,-115.29629,15.8,282
29,2026-06-07T05:00,39.74095,-115.29629,16.2,269
30,2026-06-07T06:00,39.74095,-115.29629,15.8,282
31,2026-06-07T07:00,39.74095,-115.29629,11.9,299
32,2026-06-07T08:00,39.74095,-115.29629,12.8,280
33,2026-06-07T09:00,39.74095,-115.29629,13.8,277
34,2026-06-07T10:00,39.74095,-115.29629,8.0,297
35,2026-06-07T11:00,39.74095,-115.29629,7.9,254
36,2026-06-07T12:00,39.74095,-115.29629,9.3,257
37,2026-06-07T13:00,39.74095,-115.29629,3.4,238
38,2026-06-07T14:00,39.74095,-115.29629,3.3,311
39,2026-06-07T15:00,39.74095,-115.29629,9.7,312
40,2026-06-07T16:00,39.74095,-115.29629,12.3,308
41,2026-06-07T17:00,39.74095,-115.29629,15.1,298
42,2026-06-07T18:00,39.74095,-115.29629,16.2,291
43,2026-06-07T19:00,39.74095,-115.29629,17.6,301
44,2026-06-07T20:00,39.74095,-115.29629,17.9,292
45,2026-06-07T21:00,39.74095,-115.29629,22.1,307
46,2026-06-07T22:00,39.74095,-115.29629,20.5,301
47,2026-06-07T23:00,39.74095,-115.29629,18.8,313
0,2026-06-06T00:00,39.740025,-111.414986,21.6,281
1,2026-06-06T01:00,39.740025,-111.414986,16.0,278
2,2026-06-06T02:00,39.740025,-111.414986,9.6,283
3,2026-06-06T03:00,39.740025,-111.414986,1.6,297
4,2026-06-06T04:00,39.740025,-111.414986,11.6,112
5,2026-06-06T05:00,39.740025,-111.414986,14.5,136
6,2026-06-06T06:00,39.740025,-111.414986,12.9,162
7,2026-06-06T07:00,39.740025,-111.414986,11.6,173
8,2026-06-06T08:00,39.740025,-111.414986,15.2,149
9,2026-06-06T09:00,39.740025,-111.414986,15.3,153
10,2026-06-06T10:00,39.740025,-111.414986,16.2,148
11,2026-06-06T11:00,39.740025,-111.414986,16.6,156
12,2026-06-06T12:00,39.740025,-111.414986,18.0,160
13,2026-06-06T13:00,39.740025,-111.414986,19.4,162
14,2026-06-06T14:00,39.740025,-111.414986,22.7,184
15,2026-06-06T15:00,39.740025,-111.414986,23.8,195
16,2026-06-06T16:00,39.740025,-111.414986,23.2,204
17,2026-06-06T17:00,39.740025,-111.414986,25.3,210
18,2026-06-06T18:00,39.740025,-111.414986,26.1,210
19,2026-06-06T19:00,39.740025,-111.414986,32.9,193
20,2026-06-06T20:00,39.740025,-111.414986,37.8,243
21,2026-06-06T21:00,39.740025,-111.414986,40.8,248
22,2026-06-06T22:00,39.740025,-111.414986,38.8,242
23,2026-06-06T23:00,39.740025,-111.414986,37.8,242
24,2026-06-07T00:00,39.740025,-111.414986,35.2,236
25,2026-06-07T01:00,39.740025,-111.414986,31.9,233
26,2026-06-07T02:00,39.740025,-111.414986,28.5,227
27,2026-06-07T03:00,39.740025,-111.414986,17.1,221
28,2026-06-07T04:00,39.740025,-111.414986,17.6,181
29,2026-06-07T05:00,39.740025,-111.414986,22.8,185
30,2026-06-07T06:00,39.740025,-111.414986,17.6,179
31,2026-06-07T07:00,39.740025,-111.414986,15.9,183
32,2026-06-07T08:00,39.740025,-111.414986,18.1,197
33,2026-06-07T09:00,39.740025,-111.414986,19.7,189
34,2026-06-07T10:00,39.740025,-111.414986,16.9,178
35,2026-06-07T11:00,39.740025,-111.414986,15.1,177
36,2026-06-07T12:00,39.740025,-111.414986,17.6,179
37,2026-06-07T13:00,39.740025,-111.414986,19.6,187
38,2026-06-07T14:00,39.740025,-111.414986,27.2,198
39,2026-06-07T15:00,39.740025,-111.414986,26.4,212
40,2026-06-07T16:00,39.740025,-111.414986,26.2,233
41,2026-06-07T17:00,39.740025,-111.414986,30.0,256
42,2026-06-07T18:00,39.740025,-111.414986,31.5,248
43,2026-06-07T19:00,39.740025,-111.414986,30.8,225
44,2026-06-07T20:00,39.740025,-111.414986,39.2,209
45,2026-06-07T21:00,39.740025,-111.414986,34.1,234
46,2026-06-07T22:00,39.740025,-111.414986,34.9,278
47,2026-06-07T23:00,39.740025,-111.414986,26.9,286
0,2026-06-06T00:00,39.747456,-107.55975,12.7,215
1,2026-06-06T01:00,39.747456,-107.55975,12.1,260
2,2026-06-06T02:00,39.747456,-107.55975,5.4,274
3,2026-06-06T03:00,39.747456,-107.55975,8.7,38
4,2026-06-06T04:00,39.747456,-107.55975,11.6,85
5,2026-06-06T05:00,39.747456,-107.55975,11.2,86
6,2026-06-06T06:00,39.747456,-107.55975,10.9,98
7,2026-06-06T07:00,39.747456,-107.55975,9.9,100
8,2026-06-06T08:00,39.747456,-107.55975,13.1,106
9,2026-06-06T09:00,39.747456,-107.55975,12.6,103
10,2026-06-06T10:00,39.747456,-107.55975,13.0,95
11,2026-06-06T11:00,39.747456,-107.55975,12.2,114
12,2026-06-06T12:00,39.747456,-107.55975,13.4,117
13,2026-06-06T13:00,39.747456,-107.55975,14.0,119
14,2026-06-06T14:00,39.747456,-107.55975,10.0,195
15,2026-06-06T15:00,39.747456,-107.55975,19.8,183
16,2026-06-06T16:00,39.747456,-107.55975,15.5,193
17,2026-06-06T17:00,39.747456,-107.55975,16.1,207
18,2026-06-06T18:00,39.747456,-107.55975,19.4,223
19,2026-06-06T19:00,39.747456,-107.55975,30.1,241
20,2026-06-06T20:00,39.747456,-107.55975,28.8,244
21,2026-06-06T21:00,39.747456,-107.55975,25.6,246
22,2026-06-06T22:00,39.747456,-107.55975,28.8,236
23,2026-06-06T23:00,39.747456,-107.55975,29.1,243
24,2026-06-07T00:00,39.747456,-107.55975,30.7,257
25,2026-06-07T01:00,39.747456,-107.55975,27.8,253
26,2026-06-07T02:00,39.747456,-107.55975,21.0,254
27,2026-06-07T03:00,39.747456,-107.55975,16.7,251
28,2026-06-07T04:00,39.747456,-107.55975,15.8,246
29,2026-06-07T05:00,39.747456,-107.55975,13.5,241
30,2026-06-07T06:00,39.747456,-107.55975,13.2,223
31,2026-06-07T07:00,39.747456,-107.55975,12.9,207
32,2026-06-07T08:00,39.747456,-107.55975,12.4,202
33,2026-06-07T09:00,39.747456,-107.55975,13.6,169
34,2026-06-07T10:00,39.747456,-107.55975,13.3,167
35,2026-06-07T11:00,39.747456,-107.55975,13.6,158
36,2026-06-07T12:00,39.747456,-107.55975,13.6,163
37,2026-06-07T13:00,39.747456,-107.55975,9.6,167
38,2026-06-07T14:00,39.747456,-107.55975,15.6,220
39,2026-06-07T15:00,39.747456,-107.55975,21.5,215
40,2026-06-07T16:00,39.747456,-107.55975,26.3,221
41,2026-06-07T17:00,39.747456,-107.55975,29.5,224
42,2026-06-07T18:00,39.747456,-107.55975,33.9,229
43,2026-06-07T19:00,39.747456,-107.55975,32.6,226
44,2026-06-07T20:00,39.747456,-107.55975,36.9,232
45,2026-06-07T21:00,39.747456,-107.55975,34.9,227
46,2026-06-07T22:00,39.747456,-107.55975,37.3,236
47,2026-06-07T23:00,39.747456,-107.55975,35.6,242
0,2026-06-06T00:00,39.738438,-103.719925,16.8,55
1,2026-06-06T01:00,39.738438,-103.719925,15.1,90
2,2026-06-06T02:00,39.738438,-103.719925,12.0,111
3,2026-06-06T03:00,39.738438,-103.719925,10.7,123
4,2026-06-06T04:00,39.738438,-103.719925,8.9,111
5,2026-06-06T05:00,39.738438,-103.719925,6.2,187
6,2026-06-06T06:00,39.738438,-103.719925,4.3,265
7,2026-06-06T07:00,39.738438,-103.719925,6.8,177
8,2026-06-06T08:00,39.738438,-103.719925,9.7,225
9,2026-06-06T09:00,39.738438,-103.719925,7.1,221
10,2026-06-06T10:00,39.738438,-103.719925,2.1,329
11,2026-06-06T11:00,39.738438,-103.719925,4.2,211
12,2026-06-06T12:00,39.738438,-103.719925,8.3,214
13,2026-06-06T13:00,39.738438,-103.719925,6.4,207
14,2026-06-06T14:00,39.738438,-103.719925,11.9,185
15,2026-06-06T15:00,39.738438,-103.719925,10.2,198
16,2026-06-06T16:00,39.738438,-103.719925,11.4,193
17,2026-06-06T17:00,39.738438,-103.719925,21.2,180
18,2026-06-06T18:00,39.738438,-103.719925,23.2,174
19,2026-06-06T19:00,39.738438,-103.719925,22.5,174
20,2026-06-06T20:00,39.738438,-103.719925,20.5,180
21,2026-06-06T21:00,39.738438,-103.719925,19.7,189
22,2026-06-06T22:00,39.738438,-103.719925,27.3,144
23,2026-06-06T23:00,39.738438,-103.719925,25.5,167
24,2026-06-07T00:00,39.738438,-103.719925,38.9,359
25,2026-06-07T01:00,39.738438,-103.719925,24.9,59
26,2026-06-07T02:00,39.738438,-103.719925,33.6,113
27,2026-06-07T03:00,39.738438,-103.719925,26.4,125
28,2026-06-07T04:00,39.738438,-103.719925,21.9,166
29,2026-06-07T05:00,39.738438,-103.719925,26.8,197
30,2026-06-07T06:00,39.738438,-103.719925,23.1,211
31,2026-06-07T07:00,39.738438,-103.719925,9.9,190
32,2026-06-07T08:00,39.738438,-103.719925,11.9,145
33,2026-06-07T09:00,39.738438,-103.719925,13.7,194
34,2026-06-07T10:00,39.738438,-103.719925,7.6,211
35,2026-06-07T11:00,39.738438,-103.719925,12.2,180
36,2026-06-07T12:00,39.738438,-103.719925,13.7,183
37,2026-06-07T13:00,39.738438,-103.719925,17.8,201
38,2026-06-07T14:00,39.738438,-103.719925,16.3,242
39,2026-06-07T15:00,39.738438,-103.719925,21.1,278
40,2026-06-07T16:00,39.738438,-103.719925,17.6,319
41,2026-06-07T17:00,39.738438,-103.719925,9.2,339
42,2026-06-07T18:00,39.738438,-103.719925,3.3,6
43,2026-06-07T19:00,39.738438,-103.719925,9.2,79
44,2026-06-07T20:00,39.738438,-103.719925,2.9,150
45,2026-06-07T21:00,39.738438,-103.719925,16.3,227
46,2026-06-07T22:00,39.738438,-103.719925,18.4,231
47,2026-06-07T23:00,39.738438,-103.719925,28.4,246
0,2026-06-06T00:00,39.74191,-99.85723,9.1,146
1,2026-06-06T01:00,39.74191,-99.85723,9.9,80
2,2026-06-06T02:00,39.74191,-99.85723,7.1,120
3,2026-06-06T03:00,39.74191,-99.85723,9.1,83
4,2026-06-06T04:00,39.74191,-99.85723,10.4,134
5,2026-06-06T05:00,39.74191,-99.85723,17.1,187
6,2026-06-06T06:00,39.74191,-99.85723,23.4,191
7,2026-06-06T07:00,39.74191,-99.85723,23.7,197
8,2026-06-06T08:00,39.74191,-99.85723,16.4,195
9,2026-06-06T09:00,39.74191,-99.85723,15.6,195
10,2026-06-06T10:00,39.74191,-99.85723,12.6,180
11,2026-06-06T11:00,39.74191,-99.85723,15.0,163
12,2026-06-06T12:00,39.74191,-99.85723,14.7,163
13,2026-06-06T13:00,39.74191,-99.85723,17.0,176
14,2026-06-06T14:00,39.74191,-99.85723,16.6,184
15,2026-06-06T15:00,39.74191,-99.85723,17.9,190
16,2026-06-06T16:00,39.74191,-99.85723,21.1,171
17,2026-06-06T17:00,39.74191,-99.85723,24.3,174
18,2026-06-06T18:00,39.74191,-99.85723,25.4,173
19,2026-06-06T19:00,39.74191,-99.85723,25.7,175
20,2026-06-06T20:00,39.74191,-99.85723,27.1,169
21,2026-06-06T21:00,39.74191,-99.85723,28.6,159
22,2026-06-06T22:00,39.74191,-99.85723,31.6,159
23,2026-06-06T23:00,39.74191,-99.85723,31.4,167
24,2026-06-07T00:00,39.74191,-99.85723,26.6,167
25,2026-06-07T01:00,39.74191,-99.85723,21.1,153
26,2026-06-07T02:00,39.74191,-99.85723,19.2,154
27,2026-06-07T03:00,39.74191,-99.85723,15.8,153
28,2026-06-07T04:00,39.74191,-99.85723,14.3,152
29,2026-06-07T05:00,39.74191,-99.85723,16.1,151
30,2026-06-07T06:00,39.74191,-99.85723,12.1,163
31,2026-06-07T07:00,39.74191,-99.85723,14.2,164
32,2026-06-07T08:00,39.74191,-99.85723,13.4,175
33,2026-06-07T09:00,39.74191,-99.85723,14.3,162
34,2026-06-07T10:00,39.74191,-99.85723,13.3,161
35,2026-06-07T11:00,39.74191,-99.85723,12.4,158
36,2026-06-07T12:00,39.74191,-99.85723,15.9,152
37,2026-06-07T13:00,39.74191,-99.85723,21.8,172
38,2026-06-07T14:00,39.74191,-99.85723,22.3,178
39,2026-06-07T15:00,39.74191,-99.85723,23.8,183
40,2026-06-07T16:00,39.74191,-99.85723,25.2,177
41,2026-06-07T17:00,39.74191,-99.85723,24.6,173
42,2026-06-07T18:00,39.74191,-99.85723,26.2,171
43,2026-06-07T19:00,39.74191,-99.85723,26.6,167
44,2026-06-07T20:00,39.74191,-99.85723,24.7,164
45,2026-06-07T21:00,39.74191,-99.85723,24.8,161
46,2026-06-07T22:00,39.74191,-99.85723,23.7,158
47,2026-06-07T23:00,39.74191,-99.85723,23.0,155
0,2026-06-06T00:00,39.755707,-95.998085,14.2,164
1,2026-06-06T01:00,39.755707,-95.998085,19.6,160
2,2026-06-06T02:00,39.755707,-95.998085,22.1,164
3,2026-06-06T03:00,39.755707,-95.998085,18.1,167
4,2026-06-06T04:00,39.755707,-95.998085,24.1,182
5,2026-06-06T05:00,39.755707,-95.998085,10.2,198
6,2026-06-06T06:00,39.755707,-95.998085,0.7,360
7,2026-06-06T07:00,39.755707,-95.998085,18.4,12
8,2026-06-06T08:00,39.755707,-95.998085,13.3,193
9,2026-06-06T09:00,39.755707,-95.998085,8.0,188
10,2026-06-06T10:00,39.755707,-95.998085,14.9,188
11,2026-06-06T11:00,39.755707,-95.998085,15.1,208
12,2026-06-06T12:00,39.755707,-95.998085,11.2,222
13,2026-06-06T13:00,39.755707,-95.998085,14.3,227
14,2026-06-06T14:00,39.755707,-95.998085,13.3,213
15,2026-06-06T15:00,39.755707,-95.998085,13.7,210
16,2026-06-06T16:00,39.755707,-95.998085,10.4,178
17,2026-06-06T17:00,39.755707,-95.998085,6.4,153
18,2026-06-06T18:00,39.755707,-95.998085,13.8,147
19,2026-06-06T19:00,39.755707,-95.998085,15.1,152
20,2026-06-06T20:00,39.755707,-95.998085,16.9,151
21,2026-06-06T21:00,39.755707,-95.998085,16.1,156
22,2026-06-06T22:00,39.755707,-95.998085,12.0,263
23,2026-06-06T23:00,39.755707,-95.998085,17.3,168
24,2026-06-07T00:00,39.755707,-95.998085,15.0,163
25,2026-06-07T01:00,39.755707,-95.998085,13.2,151
26,2026-06-07T02:00,39.755707,-95.998085,12.6,167
27,2026-06-07T03:00,39.755707,-95.998085,15.6,172
28,2026-06-07T04:00,39.755707,-95.998085,16.2,177
29,2026-06-07T05:00,39.755707,-95.998085,14.4,177
30,2026-06-07T06:00,39.755707,-95.998085,9.0,164
31,2026-06-07T07:00,39.755707,-95.998085,11.3,171
32,2026-06-07T08:00,39.755707,-95.998085,10.0,154
33,2026-06-07T09:00,39.755707,-95.998085,11.0,161
34,2026-06-07T10:00,39.755707,-95.998085,10.6,152
35,2026-06-07T11:00,39.755707,-95.998085,8.7,135
36,2026-06-07T12:00,39.755707,-95.998085,9.2,149
37,2026-06-07T13:00,39.755707,-95.998085,10.5,149
38,2026-06-07T14:00,39.755707,-95.998085,14.1,161
39,2026-06-07T15:00,39.755707,-95.998085,13.6,169
40,2026-06-07T16:00,39.755707,-95.998085,11.3,153
41,2026-06-07T17:00,39.755707,-95.998085,9.4,122
42,2026-06-07T18:00,39.755707,-95.998085,10.1,125
43,2026-06-07T19:00,39.755707,-95.998085,11.9,115
44,2026-06-07T20:00,39.755707,-95.998085,15.8,111
45,2026-06-07T21:00,39.755707,-95.998085,13.0,134
46,2026-06-07T22:00,39.755707,-95.998085,14.7,121
47,2026-06-07T23:00,39.755707,-95.998085,14.8,108
0,2026-06-06T00:00,39.75289,-92.13604,14.1,184
1,2026-06-06T01:00,39.75289,-92.13604,10.8,195
2,2026-06-06T02:00,39.75289,-92.13604,9.4,182
3,2026-06-06T03:00,39.75289,-92.13604,8.5,192
4,2026-06-06T04:00,39.75289,-92.13604,11.0,199
5,2026-06-06T05:00,39.75289,-92.13604,13.6,202
6,2026-06-06T06:00,39.75289,-92.13604,15.2,211
7,2026-06-06T07:00,39.75289,-92.13604,17.6,221
8,2026-06-06T08:00,39.75289,-92.13604,19.6,224
9,2026-06-06T09:00,39.75289,-92.13604,17.9,248
10,2026-06-06T10:00,39.75289,-92.13604,13.4,239
11,2026-06-06T11:00,39.75289,-92.13604,19.4,223
12,2026-06-06T12:00,39.75289,-92.13604,22.3,218
13,2026-06-06T13:00,39.75289,-92.13604,17.6,227
14,2026-06-06T14:00,39.75289,-92.13604,12.1,260
15,2026-06-06T15:00,39.75289,-92.13604,11.5,272
16,2026-06-06T16:00,39.75289,-92.13604,14.0,235
17,2026-06-06T17:00,39.75289,-92.13604,12.1,233
18,2026-06-06T18:00,39.75289,-92.13604,14.8,221
19,2026-06-06T19:00,39.75289,-92.13604,14.8,219
20,2026-06-06T20:00,39.75289,-92.13604,15.0,215
21,2026-06-06T21:00,39.75289,-92.13604,14.8,209
22,2026-06-06T22:00,39.75289,-92.13604,18.2,198
23,2026-06-06T23:00,39.75289,-92.13604,18.1,203
24,2026-06-07T00:00,39.75289,-92.13604,16.0,203
25,2026-06-07T01:00,39.75289,-92.13604,8.4,211
26,2026-06-07T02:00,39.75289,-92.13604,9.8,204
27,2026-06-07T03:00,39.75289,-92.13604,9.0,203
28,2026-06-07T04:00,39.75289,-92.13604,10.5,207
29,2026-06-07T05:00,39.75289,-92.13604,9.7,211
30,2026-06-07T06:00,39.75289,-92.13604,10.0,206
31,2026-06-07T07:00,39.75289,-92.13604,16.0,203
32,2026-06-07T08:00,39.75289,-92.13604,18.4,206
33,2026-06-07T09:00,39.75289,-92.13604,13.9,190
34,2026-06-07T10:00,39.75289,-92.13604,7.7,217
35,2026-06-07T11:00,39.75289,-92.13604,3.7,331
36,2026-06-07T12:00,39.75289,-92.13604,1.1,198
37,2026-06-07T13:00,39.75289,-92.13604,10.1,182
38,2026-06-07T14:00,39.75289,-92.13604,7.7,323
39,2026-06-07T15:00,39.75289,-92.13604,7.7,349
40,2026-06-07T16:00,39.75289,-92.13604,5.4,360
41,2026-06-07T17:00,39.75289,-92.13604,5.0,60
42,2026-06-07T18:00,39.75289,-92.13604,9.7,176
43,2026-06-07T19:00,39.75289,-92.13604,4.7,157
44,2026-06-07T20:00,39.75289,-92.13604,9.8,118
45,2026-06-07T21:00,39.75289,-92.13604,7.6,121
46,2026-06-07T22:00,39.75289,-92.13604,9.7,112
47,2026-06-07T23:00,39.75289,-92.13604,13.2,169
0,2026-06-06T00:00,39.76251,-88.29846,19.0,190
1,2026-06-06T01:00,39.76251,-88.29846,17.3,197
2,2026-06-06T02:00,39.76251,-88.29846,19.1,200
3,2026-06-06T03:00,39.76251,-88.29846,17.8,187
4,2026-06-06T04:00,39.76251,-88.29846,15.3,204
5,2026-06-06T05:00,39.76251,-88.29846,12.2,214
6,2026-06-06T06:00,39.76251,-88.29846,14.0,209
7,2026-06-06T07:00,39.76251,-88.29846,14.3,221
8,2026-06-06T08:00,39.76251,-88.29846,15.2,216
9,2026-06-06T09:00,39.76251,-88.29846,13.4,216
10,2026-06-06T10:00,39.76251,-88.29846,13.8,237
11,2026-06-06T11:00,39.76251,-88.29846,15.0,226
12,2026-06-06T12:00,39.76251,-88.29846,19.4,239
13,2026-06-06T13:00,39.76251,-88.29846,18.2,252
14,2026-06-06T14:00,39.76251,-88.29846,17.7,253
15,2026-06-06T15:00,39.76251,-88.29846,18.8,238
16,2026-06-06T16:00,39.76251,-88.29846,18.1,226
17,2026-06-06T17:00,39.76251,-88.29846,18.3,227
18,2026-06-06T18:00,39.76251,-88.29846,18.9,228
19,2026-06-06T19:00,39.76251,-88.29846,17.8,234
20,2026-06-06T20:00,39.76251,-88.29846,18.2,232
21,2026-06-06T21:00,39.76251,-88.29846,17.8,222
22,2026-06-06T22:00,39.76251,-88.29846,18.3,238
23,2026-06-06T23:00,39.76251,-88.29846,16.7,237
24,2026-06-07T00:00,39.76251,-88.29846,14.0,215
25,2026-06-07T01:00,39.76251,-88.29846,14.0,209
26,2026-06-07T02:00,39.76251,-88.29846,10.0,210
27,2026-06-07T03:00,39.76251,-88.29846,10.1,215
28,2026-06-07T04:00,39.76251,-88.29846,9.2,222
29,2026-06-07T05:00,39.76251,-88.29846,7.2,186
30,2026-06-07T06:00,39.76251,-88.29846,3.6,217
31,2026-06-07T07:00,39.76251,-88.29846,6.5,56
32,2026-06-07T08:00,39.76251,-88.29846,8.7,185
33,2026-06-07T09:00,39.76251,-88.29846,2.3,51
34,2026-06-07T10:00,39.76251,-88.29846,2.7,113
35,2026-06-07T11:00,39.76251,-88.29846,5.2,214
36,2026-06-07T12:00,39.76251,-88.29846,10.1,305
37,2026-06-07T13:00,39.76251,-88.29846,7.3,33
38,2026-06-07T14:00,39.76251,-88.29846,2.6,56
39,2026-06-07T15:00,39.76251,-88.29846,9.5,119
40,2026-06-07T16:00,39.76251,-88.29846,10.2,135
41,2026-06-07T17:00,39.76251,-88.29846,6.6,158
42,2026-06-07T18:00,39.76251,-88.29846,7.2,162
43,2026-06-07T19:00,39.76251,-88.29846,11.8,130
44,2026-06-07T20:00,39.76251,-88.29846,13.9,121
45,2026-06-07T21:00,39.76251,-88.29846,12.7,133
46,2026-06-07T22:00,39.76251,-88.29846,3.9,248
47,2026-06-07T23:00,39.76251,-88.29846,11.1,25
0,2026-06-06T00:00,39.752167,-84.41197,15.8,207
1,2026-06-06T01:00,39.752167,-84.41197,14.2,201
2,2026-06-06T02:00,39.752167,-84.41197,12.0,221
3,2026-06-06T03:00,39.752167,-84.41197,16.8,211
4,2026-06-06T04:00,39.752167,-84.41197,16.3,223
5,2026-06-06T05:00,39.752167,-84.41197,13.3,221
6,2026-06-06T06:00,39.752167,-84.41197,11.5,200
7,2026-06-06T07:00,39.752167,-84.41197,12.2,204
8,2026-06-06T08:00,39.752167,-84.41197,13.0,219
9,2026-06-06T09:00,39.752167,-84.41197,13.3,221
10,2026-06-06T10:00,39.752167,-84.41197,13.3,221
11,2026-06-06T11:00,39.752167,-84.41197,13.8,227
12,2026-06-06T12:00,39.752167,-84.41197,21.9,229
13,2026-06-06T13:00,39.752167,-84.41197,22.4,237
14,2026-06-06T14:00,39.752167,-84.41197,23.9,239
15,2026-06-06T15:00,39.752167,-84.41197,25.6,241
16,2026-06-06T16:00,39.752167,-84.41197,19.4,255
17,2026-06-06T17:00,39.752167,-84.41197,9.7,333
18,2026-06-06T18:00,39.752167,-84.41197,20.3,217
19,2026-06-06T19:00,39.752167,-84.41197,20.1,237
20,2026-06-06T20:00,39.752167,-84.41197,22.6,241
21,2026-06-06T21:00,39.752167,-84.41197,23.9,226
22,2026-06-06T22:00,39.752167,-84.41197,17.3,192
23,2026-06-06T23:00,39.752167,-84.41197,9.6,200
24,2026-06-07T00:00,39.752167,-84.41197,20.6,324
25,2026-06-07T01:00,39.752167,-84.41197,10.2,280
26,2026-06-07T02:00,39.752167,-84.41197,5.2,205
27,2026-06-07T03:00,39.752167,-84.41197,23.4,241
28,2026-06-07T04:00,39.752167,-84.41197,19.6,223
29,2026-06-07T05:00,39.752167,-84.41197,17.6,255
30,2026-06-07T06:00,39.752167,-84.41197,4.5,241
31,2026-06-07T07:00,39.752167,-84.41197,14.8,309
32,2026-06-07T08:00,39.752167,-84.41197,3.1,324
33,2026-06-07T09:00,39.752167,-84.41197,7.2,198
34,2026-06-07T10:00,39.752167,-84.41197,5.1,231
35,2026-06-07T11:00,39.752167,-84.41197,5.4,217
36,2026-06-07T12:00,39.752167,-84.41197,5.9,223
37,2026-06-07T13:00,39.752167,-84.41197,2.9,300
38,2026-06-07T14:00,39.752167,-84.41197,3.3,276
39,2026-06-07T15:00,39.752167,-84.41197,1.1,252
40,2026-06-07T16:00,39.752167,-84.41197,4.9,306
41,2026-06-07T17:00,39.752167,-84.41197,3.4,288
42,2026-06-07T18:00,39.752167,-84.41197,4.3,318
43,2026-06-07T19:00,39.752167,-84.41197,3.2,360
44,2026-06-07T20:00,39.752167,-84.41197,0.5,225
45,2026-06-07T21:00,39.752167,-84.41197,1.0,135
46,2026-06-07T22:00,39.752167,-84.41197,20.3,263
47,2026-06-07T23:00,39.752167,-84.41197,15.3,304
0,2026-06-06T00:00,39.758327,-80.57035,8.1,225
1,2026-06-06T01:00,39.758327,-80.57035,7.7,217
2,2026-06-06T02:00,39.758327,-80.57035,4.8,207
3,2026-06-06T03:00,39.758327,-80.57035,5.1,176
4,2026-06-06T04:00,39.758327,-80.57035,7.9,177
5,2026-06-06T05:00,39.758327,-80.57035,8.8,168
6,2026-06-06T06:00,39.758327,-80.57035,8.3,182
7,2026-06-06T07:00,39.758327,-80.57035,7.9,177
8,2026-06-06T08:00,39.758327,-80.57035,7.6,180
9,2026-06-06T09:00,39.758327,-80.57035,6.2,170
10,2026-06-06T10:00,39.758327,-80.57035,7.2,174
11,2026-06-06T11:00,39.758327,-80.57035,7.6,180
12,2026-06-06T12:00,39.758327,-80.57035,14.6,220
13,2026-06-06T13:00,39.758327,-80.57035,12.5,224
14,2026-06-06T14:00,39.758327,-80.57035,11.8,230
15,2026-06-06T15:00,39.758327,-80.57035,15.3,207
16,2026-06-06T16:00,39.758327,-80.57035,18.8,227
17,2026-06-06T17:00,39.758327,-80.57035,18.7,236
18,2026-06-06T18:00,39.758327,-80.57035,20.1,246
19,2026-06-06T19:00,39.758327,-80.57035,14.5,199
20,2026-06-06T20:00,39.758327,-80.57035,14.5,199
21,2026-06-06T21:00,39.758327,-80.57035,15.5,239
22,2026-06-06T22:00,39.758327,-80.57035,20.6,241
23,2026-06-06T23:00,39.758327,-80.57035,18.5,243
24,2026-06-07T00:00,39.758327,-80.57035,15.6,241
25,2026-06-07T01:00,39.758327,-80.57035,7.9,227
26,2026-06-07T02:00,39.758327,-80.57035,8.0,260
27,2026-06-07T03:00,39.758327,-80.57035,4.4,261
28,2026-06-07T04:00,39.758327,-80.57035,5.2,348
29,2026-06-07T05:00,39.758327,-80.57035,2.1,211
30,2026-06-07T06:00,39.758327,-80.57035,3.6,233
31,2026-06-07T07:00,39.758327,-80.57035,5.6,220
32,2026-06-07T08:00,39.758327,-80.57035,3.1,225
33,2026-06-07T09:00,39.758327,-80.57035,2.4,207
34,2026-06-07T10:00,39.758327,-80.57035,3.9,202
35,2026-06-07T11:00,39.758327,-80.57035,2.5,180
36,2026-06-07T12:00,39.758327,-80.57035,6.6,283
37,2026-06-07T13:00,39.758327,-80.57035,6.8,252
38,2026-06-07T14:00,39.758327,-80.57035,8.6,248
39,2026-06-07T15:00,39.758327,-80.57035,7.8,236
40,2026-06-07T16:00,39.758327,-80.57035,9.2,239
41,2026-06-07T17:00,39.758327,-80.57035,10.3,245
42,2026-06-07T18:00,39.758327,-80.57035,11.7,252
43,2026-06-07T19:00,39.758327,-80.57035,13.3,270
44,2026-06-07T20:00,39.758327,-80.57035,14.6,280
45,2026-06-07T21:00,39.758327,-80.57035,14.5,297
46,2026-06-07T22:00,39.758327,-80.57035,14.4,307
47,2026-06-07T23:00,39.758327,-80.57035,13.0,326
0,2026-06-06T00:00,39.74644,-76.70334,5.2,245
1,2026-06-06T01:00,39.74644,-76.70334,6.2,170
2,2026-06-06T02:00,39.74644,-76.70334,6.4,164
3,2026-06-06T03:00,39.74644,-76.70334,7.7,169
4,2026-06-06T04:00,39.74644,-76.70334,9.8,188
5,2026-06-06T05:00,39.74644,-76.70334,10.2,198
6,2026-06-06T06:00,39.74644,-76.70334,11.5,219
7,2026-06-06T07:00,39.74644,-76.70334,11.0,229
8,2026-06-06T08:00,39.74644,-76.70334,10.4,226
9,2026-06-06T09:00,39.74644,-76.70334,12.9,247
10,2026-06-06T10:00,39.74644,-76.70334,11.9,256
11,2026-06-06T11:00,39.74644,-76.70334,11.8,258
12,2026-06-06T12:00,39.74644,-76.70334,16.8,261
13,2026-06-06T13:00,39.74644,-76.70334,20.8,261
14,2026-06-06T14:00,39.74644,-76.70334,22.8,258
15,2026-06-06T15:00,39.74644,-76.70334,25.3,259
16,2026-06-06T16:00,39.74644,-76.70334,24.1,256
17,2026-06-06T17:00,39.74644,-76.70334,21.6,244
18,2026-06-06T18:00,39.74644,-76.70334,23.9,239
19,2026-06-06T19:00,39.74644,-76.70334,26.6,242
20,2026-06-06T20:00,39.74644,-76.70334,27.0,249
21,2026-06-06T21:00,39.74644,-76.70334,26.3,245
22,2026-06-06T22:00,39.74644,-76.70334,24.5,242
23,2026-06-06T23:00,39.74644,-76.70334,20.4,238
24,2026-06-07T00:00,39.74644,-76.70334,14.7,245
25,2026-06-07T01:00,39.74644,-76.70334,14.1,251
26,2026-06-07T02:00,39.74644,-76.70334,13.3,251
27,2026-06-07T03:00,39.74644,-76.70334,14.4,248
28,2026-06-07T04:00,39.74644,-76.70334,14.6,350
29,2026-06-07T05:00,39.74644,-76.70334,6.4,313
30,2026-06-07T06:00,39.74644,-76.70334,12.3,263
31,2026-06-07T07:00,39.74644,-76.70334,8.4,310
32,2026-06-07T08:00,39.74644,-76.70334,10.1,266
33,2026-06-07T09:00,39.74644,-76.70334,9.4,266
34,2026-06-07T10:00,39.74644,-76.70334,10.6,280
35,2026-06-07T11:00,39.74644,-76.70334,13.1,286
36,2026-06-07T12:00,39.74644,-76.70334,15.5,295
37,2026-06-07T13:00,39.74644,-76.70334,15.1,295
38,2026-06-07T14:00,39.74644,-76.70334,14.7,292
39,2026-06-07T15:00,39.74644,-76.70334,15.7,281
40,2026-06-07T16:00,39.74644,-76.70334,17.9,279
41,2026-06-07T17:00,39.74644,-76.70334,19.9,283
42,2026-06-07T18:00,39.74644,-76.70334,21.9,284
43,2026-06-07T19:00,39.74644,-76.70334,25.3,287
44,2026-06-07T20:00,39.74644,-76.70334,24.9,284
45,2026-06-07T21:00,39.74644,-76.70334,24.7,291
46,2026-06-07T22:00,39.74644,-76.70334,24.0,300
47,2026-06-07T23:00,39.74644,-76.70334,19.0,307
0,2026-06-06T00:00,39.75416,-72.865685,14.2,171
1,2026-06-06T01:00,39.75416,-72.865685,12.8,170
2,2026-06-06T02:00,39.75416,-72.865685,15.5,126
3,2026-06-06T03:00,39.75416,-72.865685,19.8,147
4,2026-06-06T04:00,39.75416,-72.865685,15.7,143
5,2026-06-06T05:00,39.75416,-72.865685,16.5,164
6,2026-06-06T06:00,39.75416,-72.865685,15.5,185
7,2026-06-06T07:00,39.75416,-72.865685,15.5,202
8,2026-06-06T08:00,39.75416,-72.865685,20.9,225
9,2026-06-06T09:00,39.75416,-72.865685,16.0,224
10,2026-06-06T10:00,39.75416,-72.865685,15.6,220
11,2026-06-06T11:00,39.75416,-72.865685,16.6,219
12,2026-06-06T12:00,39.75416,-72.865685,16.5,216
13,2026-06-06T13:00,39.75416,-72.865685,16.4,206
14,2026-06-06T14:00,39.75416,-72.865685,19.8,209
15,2026-06-06T15:00,39.75416,-72.865685,18.7,199
16,2026-06-06T16:00,39.75416,-72.865685,20.0,198
17,2026-06-06T17:00,39.75416,-72.865685,22.6,197
18,2026-06-06T18:00,39.75416,-72.865685,23.9,192
19,2026-06-06T19:00,39.75416,-72.865685,25.6,191
20,2026-06-06T20:00,39.75416,-72.865685,27.9,187
21,2026-06-06T21:00,39.75416,-72.865685,32.4,183
22,2026-06-06T22:00,39.75416,-72.865685,34.4,187
23,2026-06-06T23:00,39.75416,-72.865685,38.5,191
24,2026-06-07T00:00,39.75416,-72.865685,36.1,197
25,2026-06-07T01:00,39.75416,-72.865685,35.9,193
26,2026-06-07T02:00,39.75416,-72.865685,37.2,202
27,2026-06-07T03:00,39.75416,-72.865685,37.2,208
28,2026-06-07T04:00,39.75416,-72.865685,17.9,292
29,2026-06-07T05:00,39.75416,-72.865685,8.8,341
30,2026-06-07T06:00,39.75416,-72.865685,20.3,297
31,2026-06-07T07:00,39.75416,-72.865685,12.8,238
32,2026-06-07T08:00,39.75416,-72.865685,35.5,162
33,2026-06-07T09:00,39.75416,-72.865685,20.4,188
34,2026-06-07T10:00,39.75416,-72.865685,20.8,189
35,2026-06-07T11:00,39.75416,-72.865685,20.7,197
36,2026-06-07T12:00,39.75416,-72.865685,21.3,199
37,2026-06-07T13:00,39.75416,-72.865685,17.9,214
38,2026-06-07T14:00,39.75416,-72.865685,17.6,235
39,2026-06-07T15:00,39.75416,-72.865685,18.9,239
40,2026-06-07T16:00,39.75416,-72.865685,21.5,235
41,2026-06-07T17:00,39.75416,-72.865685,22.5,231
42,2026-06-07T18:00,39.75416,-72.865685,17.8,216
43,2026-06-07T19:00,39.75416,-72.865685,17.6,211
44,2026-06-07T20:00,39.75416,-72.865685,21.6,206
45,2026-06-07T21:00,39.75416,-72.865685,20.5,191
46,2026-06-07T22:00,39.75416,-72.865685,19.2,167
47,2026-06-07T23:00,39.75416,-72.865685,18.0,233
0,2026-06-06T00:00,39.741703,-68.991135,3.3,257
1,2026-06-06T01:00,39.741703,-68.991135,6.2,201
2,2026-06-06T02:00,39.741703,-68.991135,11.6,210
3,2026-06-06T03:00,39.741703,-68.991135,14.3,221
4,2026-06-06T04:00,39.741703,-68.991135,14.4,238
5,2026-06-06T05:00,39.741703,-68.991135,13.5,245
6,2026-06-06T06:00,39.741703,-68.991135,14.4,238
7,2026-06-06T07:00,39.741703,-68.991135,13.8,242
8,2026-06-06T08:00,39.741703,-68.991135,11.9,235
9,2026-06-06T09:00,39.741703,-68.991135,11.7,227
10,2026-06-06T10:00,39.741703,-68.991135,13.8,219
11,2026-06-06T11:00,39.741703,-68.991135,19.9,222
12,2026-06-06T12:00,39.741703,-68.991135,15.2,216
13,2026-06-06T13:00,39.741703,-68.991135,13.6,202
14,2026-06-06T14:00,39.741703,-68.991135,14.2,196
15,2026-06-06T15:00,39.741703,-68.991135,16.8,195
16,2026-06-06T16:00,39.741703,-68.991135,15.5,185
17,2026-06-06T17:00,39.741703,-68.991135,17.8,194
18,2026-06-06T18:00,39.741703,-68.991135,17.5,199
19,2026-06-06T19:00,39.741703,-68.991135,17.2,191
20,2026-06-06T20:00,39.741703,-68.991135,18.5,193
21,2026-06-06T21:00,39.741703,-68.991135,21.1,197
22,2026-06-06T22:00,39.741703,-68.991135,23.9,191
23,2026-06-06T23:00,39.741703,-68.991135,25.2,197
24,2026-06-07T00:00,39.741703,-68.991135,25.1,192
25,2026-06-07T01:00,39.741703,-68.991135,25.6,191
26,2026-06-07T02:00,39.741703,-68.991135,27.8,190
27,2026-06-07T03:00,39.741703,-68.991135,29.9,190
28,2026-06-07T04:00,39.741703,-68.991135,30.5,192
29,2026-06-07T05:00,39.741703,-68.991135,33.3,193
30,2026-06-07T06:00,39.741703,-68.991135,35.1,201
31,2026-06-07T07:00,39.741703,-68.991135,34.9,226
32,2026-06-07T08:00,39.741703,-68.991135,22.5,220
33,2026-06-07T09:00,39.741703,-68.991135,24.2,217
34,2026-06-07T10:00,39.741703,-68.991135,27.1,230
35,2026-06-07T11:00,39.741703,-68.991135,18.5,204
36,2026-06-07T12:00,39.741703,-68.991135,12.4,158
37,2026-06-07T13:00,39.741703,-68.991135,11.6,248
38,2026-06-07T14:00,39.741703,-68.991135,17.6,208
39,2026-06-07T15:00,39.741703,-68.991135,17.9,189
40,2026-06-07T16:00,39.741703,-68.991135,23.3,197
41,2026-06-07T17:00,39.741703,-68.991135,25.9,201
42,2026-06-07T18:00,39.741703,-68.991135,24.9,217
43,2026-06-07T19:00,39.741703,-68.991135,22.0,230
44,2026-06-07T20:00,39.741703,-68.991135,22.7,234
45,2026-06-07T21:00,39.741703,-68.991135,20.5,232
46,2026-06-07T22:00,39.741703,-68.991135,18.3,216
47,2026-06-07T23:00,39.741703,-68.991135,20.1,213
0,2026-06-06T00:00,42.48695,-122.9757,20.4,351
1,2026-06-06T01:00,42.48695,-122.9757,24.8,351
2,2026-06-06T02:00,42.48695,-122.9757,22.1,354
3,2026-06-06T03:00,42.48695,-122.9757,17.3,360
4,2026-06-06T04:00,42.48695,-122.9757,11.9,346
5,2026-06-06T05:00,42.48695,-122.9757,11.5,340
6,2026-06-06T06:00,42.48695,-122.9757,10.6,336
7,2026-06-06T07:00,42.48695,-122.9757,11.1,335
8,2026-06-06T08:00,42.48695,-122.9757,8.9,339
9,2026-06-06T09:00,42.48695,-122.9757,9.0,337
10,2026-06-06T10:00,42.48695,-122.9757,5.4,340
11,2026-06-06T11:00,42.48695,-122.9757,6.9,208
12,2026-06-06T12:00,42.48695,-122.9757,7.9,231
13,2026-06-06T13:00,42.48695,-122.9757,7.1,246
14,2026-06-06T14:00,42.48695,-122.9757,4.8,312
15,2026-06-06T15:00,42.48695,-122.9757,7.1,336
16,2026-06-06T16:00,42.48695,-122.9757,11.3,343
17,2026-06-06T17:00,42.48695,-122.9757,9.8,343
18,2026-06-06T18:00,42.48695,-122.9757,8.2,337
19,2026-06-06T19:00,42.48695,-122.9757,10.3,331
20,2026-06-06T20:00,42.48695,-122.9757,17.9,338
21,2026-06-06T21:00,42.48695,-122.9757,17.7,343
22,2026-06-06T22:00,42.48695,-122.9757,19.1,348
23,2026-06-06T23:00,42.48695,-122.9757,19.0,345
24,2026-06-07T00:00,42.48695,-122.9757,21.6,345
25,2026-06-07T01:00,42.48695,-122.9757,19.0,350
26,2026-06-07T02:00,42.48695,-122.9757,18.9,351
27,2026-06-07T03:00,42.48695,-122.9757,15.5,356
28,2026-06-07T04:00,42.48695,-122.9757,9.8,352
29,2026-06-07T05:00,42.48695,-122.9757,5.5,337
30,2026-06-07T06:00,42.48695,-122.9757,8.3,214
31,2026-06-07T07:00,42.48695,-122.9757,7.6,265
32,2026-06-07T08:00,42.48695,-122.9757,7.2,276
33,2026-06-07T09:00,42.48695,-122.9757,9.7,228
34,2026-06-07T10:00,42.48695,-122.9757,5.0,249
35,2026-06-07T11:00,42.48695,-122.9757,2.9,270
36,2026-06-07T12:00,42.48695,-122.9757,3.7,79
37,2026-06-07T13:00,42.48695,-122.9757,4.0,117
38,2026-06-07T14:00,42.48695,-122.9757,3.8,163
39,2026-06-07T15:00,42.48695,-122.9757,3.1,144
40,2026-06-07T16:00,42.48695,-122.9757,2.1,121
41,2026-06-07T17:00,42.48695,-122.9757,1.8,127
42,2026-06-07T18:00,42.48695,-122.9757,0.8,207
43,2026-06-07T19:00,42.48695,-122.9757,1.6,243
44,2026-06-07T20:00,42.48695,-122.9757,2.3,231
45,2026-06-07T21:00,42.48695,-122.9757,2.9,330
46,2026-06-07T22:00,42.48695,-122.9757,13.2,305
47,2026-06-07T23:00,42.48695,-122.9757,12.1,297
0,2026-06-06T00:00,42.504883,-119.13353,28.5,274
1,2026-06-06T01:00,42.504883,-119.13353,27.2,281
2,2026-06-06T02:00,42.504883,-119.13353,25.6,294
3,2026-06-06T03:00,42.504883,-119.13353,22.2,320
4,2026-06-06T04:00,42.504883,-119.13353,17.4,320
5,2026-06-06T05:00,42.504883,-119.13353,14.8,319
6,2026-06-06T06:00,42.504883,-119.13353,13.6,320
7,2026-06-06T07:00,42.504883,-119.13353,12.7,317
8,2026-06-06T08:00,42.504883,-119.13353,11.9,331
9,2026-06-06T09:00,42.504883,-119.13353,13.3,341
10,2026-06-06T10:00,42.504883,-119.13353,13.0,341
11,2026-06-06T11:00,42.504883,-119.13353,10.3,335
12,2026-06-06T12:00,42.504883,-119.13353,10.5,333
13,2026-06-06T13:00,42.504883,-119.13353,11.9,335
14,2026-06-06T14:00,42.504883,-119.13353,17.6,345
15,2026-06-06T15:00,42.504883,-119.13353,16.7,346
16,2026-06-06T16:00,42.504883,-119.13353,14.9,345
17,2026-06-06T17:00,42.504883,-119.13353,14.0,342
18,2026-06-06T18:00,42.504883,-119.13353,14.4,323
19,2026-06-06T19:00,42.504883,-119.13353,17.0,324
20,2026-06-06T20:00,42.504883,-119.13353,22.9,316
21,2026-06-06T21:00,42.504883,-119.13353,23.0,320
22,2026-06-06T22:00,42.504883,-119.13353,23.1,321
23,2026-06-06T23:00,42.504883,-119.13353,26.0,312
24,2026-06-07T00:00,42.504883,-119.13353,28.1,319
25,2026-06-07T01:00,42.504883,-119.13353,29.8,313
26,2026-06-07T02:00,42.504883,-119.13353,29.3,315
27,2026-06-07T03:00,42.504883,-119.13353,28.4,338
28,2026-06-07T04:00,42.504883,-119.13353,21.5,337
29,2026-06-07T05:00,42.504883,-119.13353,22.6,338
30,2026-06-07T06:00,42.504883,-119.13353,21.8,352
31,2026-06-07T07:00,42.504883,-119.13353,18.4,358
32,2026-06-07T08:00,42.504883,-119.13353,13.3,357
33,2026-06-07T09:00,42.504883,-119.13353,11.9,358
34,2026-06-07T10:00,42.504883,-119.13353,11.3,353
35,2026-06-07T11:00,42.504883,-119.13353,12.1,343
36,2026-06-07T12:00,42.504883,-119.13353,8.4,320
37,2026-06-07T13:00,42.504883,-119.13353,5.6,285
38,2026-06-07T14:00,42.504883,-119.13353,6.1,357
39,2026-06-07T15:00,42.504883,-119.13353,5.3,28
40,2026-06-07T16:00,42.504883,-119.13353,2.3,72
41,2026-06-07T17:00,42.504883,-119.13353,2.6,74
42,2026-06-07T18:00,42.504883,-119.13353,3.3,96
43,2026-06-07T19:00,42.504883,-119.13353,4.3,114
44,2026-06-07T20:00,42.504883,-119.13353,4.6,135
45,2026-06-07T21:00,42.504883,-119.13353,5.2,115
46,2026-06-07T22:00,42.504883,-119.13353,9.0,92
47,2026-06-07T23:00,42.504883,-119.13353,10.1,63
0,2026-06-06T00:00,42.48905,-115.28125,15.9,264
1,2026-06-06T01:00,42.48905,-115.28125,25.9,271
2,2026-06-06T02:00,42.48905,-115.28125,19.6,276
3,2026-06-06T03:00,42.48905,-115.28125,7.7,323
4,2026-06-06T04:00,42.48905,-115.28125,14.3,326
5,2026-06-06T05:00,42.48905,-115.28125,14.2,300
6,2026-06-06T06:00,42.48905,-115.28125,15.5,292
7,2026-06-06T07:00,42.48905,-115.28125,15.3,285
8,2026-06-06T08:00,42.48905,-115.28125,17.3,282
9,2026-06-06T09:00,42.48905,-115.28125,15.0,260
10,2026-06-06T10:00,42.48905,-115.28125,18.7,268
11,2026-06-06T11:00,42.48905,-115.28125,17.8,263
12,2026-06-06T12:00,42.48905,-115.28125,17.9,260
13,2026-06-06T13:00,42.48905,-115.28125,19.0,280
14,2026-06-06T14:00,42.48905,-115.28125,21.7,294
15,2026-06-06T15:00,42.48905,-115.28125,21.3,294
16,2026-06-06T16:00,42.48905,-115.28125,19.6,296
17,2026-06-06T17:00,42.48905,-115.28125,14.3,304
18,2026-06-06T18:00,42.48905,-115.28125,14.5,314
19,2026-06-06T19:00,42.48905,-115.28125,18.1,329
20,2026-06-06T20:00,42.48905,-115.28125,23.5,333
21,2026-06-06T21:00,42.48905,-115.28125,24.5,332
22,2026-06-06T22:00,42.48905,-115.28125,27.6,331
23,2026-06-06T23:00,42.48905,-115.28125,28.2,333
24,2026-06-07T00:00,42.48905,-115.28125,26.2,333
25,2026-06-07T01:00,42.48905,-115.28125,24.8,332
26,2026-06-07T02:00,42.48905,-115.28125,25.3,336
27,2026-06-07T03:00,42.48905,-115.28125,22.4,334
28,2026-06-07T04:00,42.48905,-115.28125,22.6,326
29,2026-06-07T05:00,42.48905,-115.28125,18.3,315
30,2026-06-07T06:00,42.48905,-115.28125,19.8,297
31,2026-06-07T07:00,42.48905,-115.28125,22.1,298
32,2026-06-07T08:00,42.48905,-115.28125,23.7,300
33,2026-06-07T09:00,42.48905,-115.28125,22.7,297
34,2026-06-07T10:00,42.48905,-115.28125,24.7,299
35,2026-06-07T11:00,42.48905,-115.28125,23.6,304
36,2026-06-07T12:00,42.48905,-115.28125,20.0,300
37,2026-06-07T13:00,42.48905,-115.28125,23.7,306
38,2026-06-07T14:00,42.48905,-115.28125,25.8,310
39,2026-06-07T15:00,42.48905,-115.28125,23.9,314
40,2026-06-07T16:00,42.48905,-115.28125,23.4,316
41,2026-06-07T17:00,42.48905,-115.28125,23.2,312
42,2026-06-07T18:00,42.48905,-115.28125,22.3,304
43,2026-06-07T19:00,42.48905,-115.28125,21.3,304
44,2026-06-07T20:00,42.48905,-115.28125,21.2,312
45,2026-06-07T21:00,42.48905,-115.28125,19.5,321
46,2026-06-07T22:00,42.48905,-115.28125,17.7,331
47,2026-06-07T23:00,42.48905,-115.28125,17.1,338
0,2026-06-06T00:00,42.49155,-111.42894,14.6,232
1,2026-06-06T01:00,42.49155,-111.42894,15.3,223
2,2026-06-06T02:00,42.49155,-111.42894,11.4,204
3,2026-06-06T03:00,42.49155,-111.42894,9.4,176
4,2026-06-06T04:00,42.49155,-111.42894,8.7,128
5,2026-06-06T05:00,42.49155,-111.42894,9.5,127
6,2026-06-06T06:00,42.49155,-111.42894,10.2,122
7,2026-06-06T07:00,42.49155,-111.42894,11.1,144
8,2026-06-06T08:00,42.49155,-111.42894,9.7,141
9,2026-06-06T09:00,42.49155,-111.42894,14.0,125
10,2026-06-06T10:00,42.49155,-111.42894,13.3,128
11,2026-06-06T11:00,42.49155,-111.42894,12.2,124
12,2026-06-06T12:00,42.49155,-111.42894,12.4,116
13,2026-06-06T13:00,42.49155,-111.42894,13.7,108
14,2026-06-06T14:00,42.49155,-111.42894,12.6,121
15,2026-06-06T15:00,42.49155,-111.42894,19.1,160
16,2026-06-06T16:00,42.49155,-111.42894,24.5,181
17,2026-06-06T17:00,42.49155,-111.42894,32.4,215
18,2026-06-06T18:00,42.49155,-111.42894,33.6,218
19,2026-06-06T19:00,42.49155,-111.42894,32.1,215
20,2026-06-06T20:00,42.49155,-111.42894,32.4,212
21,2026-06-06T21:00,42.49155,-111.42894,32.7,221
22,2026-06-06T22:00,42.49155,-111.42894,34.6,225
23,2026-06-06T23:00,42.49155,-111.42894,29.9,239
24,2026-06-07T00:00,42.49155,-111.42894,29.1,239
25,2026-06-07T01:00,42.49155,-111.42894,20.2,235
26,2026-06-07T02:00,42.49155,-111.42894,27.6,338
27,2026-06-07T03:00,42.49155,-111.42894,12.2,336
28,2026-06-07T04:00,42.49155,-111.42894,12.5,303
29,2026-06-07T05:00,42.49155,-111.42894,6.3,31
30,2026-06-07T06:00,42.49155,-111.42894,12.8,302
31,2026-06-07T07:00,42.49155,-111.42894,10.9,326
32,2026-06-07T08:00,42.49155,-111.42894,11.6,338
33,2026-06-07T09:00,42.49155,-111.42894,16.0,351
34,2026-06-07T10:00,42.49155,-111.42894,17.3,360
35,2026-06-07T11:00,42.49155,-111.42894,9.9,44
36,2026-06-07T12:00,42.49155,-111.42894,27.2,331
37,2026-06-07T13:00,42.49155,-111.42894,26.6,351
38,2026-06-07T14:00,42.49155,-111.42894,30.0,344
39,2026-06-07T15:00,42.49155,-111.42894,21.1,346
40,2026-06-07T16:00,42.49155,-111.42894,24.2,349
41,2026-06-07T17:00,42.49155,-111.42894,23.3,343
42,2026-06-07T18:00,42.49155,-111.42894,23.5,335
43,2026-06-07T19:00,42.49155,-111.42894,18.2,304
44,2026-06-07T20:00,42.49155,-111.42894,21.3,304
45,2026-06-07T21:00,42.49155,-111.42894,22.2,317
46,2026-06-07T22:00,42.49155,-111.42894,22.4,307
47,2026-06-07T23:00,42.49155,-111.42894,22.9,315
0,2026-06-06T00:00,42.51199,-107.56676,26.8,263
1,2026-06-06T01:00,42.51199,-107.56676,25.6,256
2,2026-06-06T02:00,42.51199,-107.56676,15.5,266
3,2026-06-06T03:00,42.51199,-107.56676,12.6,272
4,2026-06-06T04:00,42.51199,-107.56676,2.1,211
5,2026-06-06T05:00,42.51199,-107.56676,2.6,286
6,2026-06-06T06:00,42.51199,-107.56676,7.0,305
7,2026-06-06T07:00,42.51199,-107.56676,8.3,304
8,2026-06-06T08:00,42.51199,-107.56676,6.4,313
9,2026-06-06T09:00,42.51199,-107.56676,2.1,329
10,2026-06-06T10:00,42.51199,-107.56676,7.1,114
11,2026-06-06T11:00,42.51199,-107.56676,12.4,120
12,2026-06-06T12:00,42.51199,-107.56676,16.2,127
13,2026-06-06T13:00,42.51199,-107.56676,18.0,123
14,2026-06-06T14:00,42.51199,-107.56676,22.7,139
15,2026-06-06T15:00,42.51199,-107.56676,20.3,155
16,2026-06-06T16:00,42.51199,-107.56676,20.9,177
17,2026-06-06T17:00,42.51199,-107.56676,25.2,211
18,2026-06-06T18:00,42.51199,-107.56676,28.4,216
19,2026-06-06T19:00,42.51199,-107.56676,27.0,217
20,2026-06-06T20:00,42.51199,-107.56676,28.3,207
21,2026-06-06T21:00,42.51199,-107.56676,41.7,214
22,2026-06-06T22:00,42.51199,-107.56676,38.8,235
23,2026-06-06T23:00,42.51199,-107.56676,37.1,209
24,2026-06-07T00:00,42.51199,-107.56676,35.4,218
25,2026-06-07T01:00,42.51199,-107.56676,30.4,229
26,2026-06-07T02:00,42.51199,-107.56676,17.3,211
27,2026-06-07T03:00,42.51199,-107.56676,11.5,270
28,2026-06-07T04:00,42.51199,-107.56676,10.1,264
29,2026-06-07T05:00,42.51199,-107.56676,9.9,280
30,2026-06-07T06:00,42.51199,-107.56676,10.1,287
31,2026-06-07T07:00,42.51199,-107.56676,10.3,282
32,2026-06-07T08:00,42.51199,-107.56676,10.8,274
33,2026-06-07T09:00,42.51199,-107.56676,6.9,276
34,2026-06-07T10:00,42.51199,-107.56676,6.7,286
35,2026-06-07T11:00,42.51199,-107.56676,9.5,295
36,2026-06-07T12:00,42.51199,-107.56676,8.9,302
37,2026-06-07T13:00,42.51199,-107.56676,12.3,130
38,2026-06-07T14:00,42.51199,-107.56676,10.7,168
39,2026-06-07T15:00,42.51199,-107.56676,10.8,249
40,2026-06-07T16:00,42.51199,-107.56676,24.2,255
41,2026-06-07T17:00,42.51199,-107.56676,21.6,246
42,2026-06-07T18:00,42.51199,-107.56676,26.5,248
43,2026-06-07T19:00,42.51199,-107.56676,25.7,252
44,2026-06-07T20:00,42.51199,-107.56676,27.0,254
45,2026-06-07T21:00,42.51199,-107.56676,31.9,276
46,2026-06-07T22:00,42.51199,-107.56676,24.8,246
47,2026-06-07T23:00,42.51199,-107.56676,31.6,307
0,2026-06-06T00:00,42.493546,-103.716415,19.8,170
1,2026-06-06T01:00,42.493546,-103.716415,25.0,155
2,2026-06-06T02:00,42.493546,-103.716415,18.0,151
3,2026-06-06T03:00,42.493546,-103.716415,13.9,143
4,2026-06-06T04:00,42.493546,-103.716415,14.4,148
5,2026-06-06T05:00,42.493546,-103.716415,19.5,152
6,2026-06-06T06:00,42.493546,-103.716415,19.2,154
7,2026-06-06T07:00,42.493546,-103.716415,15.8,156
8,2026-06-06T08:00,42.493546,-103.716415,10.8,150
9,2026-06-06T09:00,42.493546,-103.716415,11.3,143
10,2026-06-06T10:00,42.493546,-103.716415,11.7,146
11,2026-06-06T11:00,42.493546,-103.716415,12.4,150
12,2026-06-06T12:00,42.493546,-103.716415,12.9,150
13,2026-06-06T13:00,42.493546,-103.716415,17.5,172
14,2026-06-06T14:00,42.493546,-103.716415,20.2,182
15,2026-06-06T15:00,42.493546,-103.716415,20.1,189
16,2026-06-06T16:00,42.493546,-103.716415,20.9,181
17,2026-06-06T17:00,42.493546,-103.716415,23.6,172
18,2026-06-06T18:00,42.493546,-103.716415,24.3,174
19,2026-06-06T19:00,42.493546,-103.716415,25.6,180
20,2026-06-06T20:00,42.493546,-103.716415,25.4,173
21,2026-06-06T21:00,42.493546,-103.716415,24.0,156
22,2026-06-06T22:00,42.493546,-103.716415,28.0,143
23,2026-06-06T23:00,42.493546,-103.716415,28.4,179
24,2026-06-07T00:00,42.493546,-103.716415,38.0,152
25,2026-06-07T01:00,42.493546,-103.716415,34.4,159
26,2026-06-07T02:00,42.493546,-103.716415,32.2,158
27,2026-06-07T03:00,42.493546,-103.716415,21.3,158
28,2026-06-07T04:00,42.493546,-103.716415,31.7,231
29,2026-06-07T05:00,42.493546,-103.716415,19.8,178
30,2026-06-07T06:00,42.493546,-103.716415,19.7,159
31,2026-06-07T07:00,42.493546,-103.716415,20.5,165
32,2026-06-07T08:00,42.493546,-103.716415,18.4,178
33,2026-06-07T09:00,42.493546,-103.716415,17.1,173
34,2026-06-07T10:00,42.493546,-103.716415,13.2,145
35,2026-06-07T11:00,42.493546,-103.716415,12.2,146
36,2026-06-07T12:00,42.493546,-103.716415,11.8,140
37,2026-06-07T13:00,42.493546,-103.716415,10.9,189
38,2026-06-07T14:00,42.493546,-103.716415,15.2,239
39,2026-06-07T15:00,42.493546,-103.716415,13.1,291
40,2026-06-07T16:00,42.493546,-103.716415,12.0,303
41,2026-06-07T17:00,42.493546,-103.716415,13.8,311
42,2026-06-07T18:00,42.493546,-103.716415,12.7,313
43,2026-06-07T19:00,42.493546,-103.716415,8.9,328
44,2026-06-07T20:00,42.493546,-103.716415,7.7,233
45,2026-06-07T21:00,42.493546,-103.716415,5.4,138
46,2026-06-07T22:00,42.493546,-103.716415,15.9,356
47,2026-06-07T23:00,42.493546,-103.716415,25.4,305
0,2026-06-06T00:00,42.491745,-99.84311,11.9,88
1,2026-06-06T01:00,42.491745,-99.84311,13.3,93
2,2026-06-06T02:00,42.491745,-99.84311,12.1,107
3,2026-06-06T03:00,42.491745,-99.84311,10.6,114
4,2026-06-06T04:00,42.491745,-99.84311,9.7,129
5,2026-06-06T05:00,42.491745,-99.84311,7.7,131
6,2026-06-06T06:00,42.491745,-99.84311,12.4,120
7,2026-06-06T07:00,42.491745,-99.84311,15.7,127
8,2026-06-06T08:00,42.491745,-99.84311,13.2,137
9,2026-06-06T09:00,42.491745,-99.84311,15.2,144
10,2026-06-06T10:00,42.491745,-99.84311,9.6,160
11,2026-06-06T11:00,42.491745,-99.84311,9.1,162
12,2026-06-06T12:00,42.491745,-99.84311,15.8,156
13,2026-06-06T13:00,42.491745,-99.84311,19.0,170
14,2026-06-06T14:00,42.491745,-99.84311,20.6,161
15,2026-06-06T15:00,42.491745,-99.84311,14.5,157
16,2026-06-06T16:00,42.491745,-99.84311,17.3,121
17,2026-06-06T17:00,42.491745,-99.84311,22.4,120
18,2026-06-06T18:00,42.491745,-99.84311,23.3,129
19,2026-06-06T19:00,42.491745,-99.84311,24.2,138
20,2026-06-06T20:00,42.491745,-99.84311,25.8,140
21,2026-06-06T21:00,42.491745,-99.84311,27.5,138
22,2026-06-06T22:00,42.491745,-99.84311,33.0,141
23,2026-06-06T23:00,42.491745,-99.84311,32.9,139
24,2026-06-07T00:00,42.491745,-99.84311,32.2,158
25,2026-06-07T01:00,42.491745,-99.84311,32.2,160
26,2026-06-07T02:00,42.491745,-99.84311,28.5,164
27,2026-06-07T03:00,42.491745,-99.84311,28.5,162
28,2026-06-07T04:00,42.491745,-99.84311,28.3,162
29,2026-06-07T05:00,42.491745,-99.84311,32.8,171
30,2026-06-07T06:00,42.491745,-99.84311,30.7,183
31,2026-06-07T07:00,42.491745,-99.84311,28.6,185
32,2026-06-07T08:00,42.491745,-99.84311,29.7,186
33,2026-06-07T09:00,42.491745,-99.84311,26.1,187
34,2026-06-07T10:00,42.491745,-99.84311,26.0,186
35,2026-06-07T11:00,42.491745,-99.84311,24.1,183
36,2026-06-07T12:00,42.491745,-99.84311,24.2,175
37,2026-06-07T13:00,42.491745,-99.84311,27.4,190
38,2026-06-07T14:00,42.491745,-99.84311,31.3,180
39,2026-06-07T15:00,42.491745,-99.84311,33.5,171
40,2026-06-07T16:00,42.491745,-99.84311,33.3,174
41,2026-06-07T17:00,42.491745,-99.84311,36.1,171
42,2026-06-07T18:00,42.491745,-99.84311,37.7,165
43,2026-06-07T19:00,42.491745,-99.84311,37.6,167
44,2026-06-07T20:00,42.491745,-99.84311,36.1,168
45,2026-06-07T21:00,42.491745,-99.84311,32.7,172
46,2026-06-07T22:00,42.491745,-99.84311,31.1,169
47,2026-06-07T23:00,42.491745,-99.84311,29.5,171
0,2026-06-06T00:00,42.504845,-96.01032,12.0,309
1,2026-06-06T01:00,42.504845,-96.01032,7.3,279
2,2026-06-06T02:00,42.504845,-96.01032,4.6,225
3,2026-06-06T03:00,42.504845,-96.01032,7.8,214
4,2026-06-06T04:00,42.504845,-96.01032,0.7,270
5,2026-06-06T05:00,42.504845,-96.01032,2.3,72
6,2026-06-06T06:00,42.504845,-96.01032,9.2,169
7,2026-06-06T07:00,42.504845,-96.01032,4.3,138
8,2026-06-06T08:00,42.504845,-96.01032,7.4,194
9,2026-06-06T09:00,42.504845,-96.01032,9.4,184
10,2026-06-06T10:00,42.504845,-96.01032,7.9,177
11,2026-06-06T11:00,42.504845,-96.01032,7.4,194
12,2026-06-06T12:00,42.504845,-96.01032,4.4,145
13,2026-06-06T13:00,42.504845,-96.01032,1.9,248
14,2026-06-06T14:00,42.504845,-96.01032,4.6,288
15,2026-06-06T15:00,42.504845,-96.01032,5.2,12
16,2026-06-06T16:00,42.504845,-96.01032,3.9,56
17,2026-06-06T17:00,42.504845,-96.01032,9.3,144
18,2026-06-06T18:00,42.504845,-96.01032,13.0,141
19,2026-06-06T19:00,42.504845,-96.01032,13.3,142
20,2026-06-06T20:00,42.504845,-96.01032,12.8,128
21,2026-06-06T21:00,42.504845,-96.01032,13.6,148
22,2026-06-06T22:00,42.504845,-96.01032,17.0,159
23,2026-06-06T23:00,42.504845,-96.01032,17.1,155
24,2026-06-07T00:00,42.504845,-96.01032,18.5,172
25,2026-06-07T01:00,42.504845,-96.01032,15.0,159
26,2026-06-07T02:00,42.504845,-96.01032,16.3,149
27,2026-06-07T03:00,42.504845,-96.01032,14.3,139
28,2026-06-07T04:00,42.504845,-96.01032,15.9,141
29,2026-06-07T05:00,42.504845,-96.01032,14.5,138
30,2026-06-07T06:00,42.504845,-96.01032,17.9,158
31,2026-06-07T07:00,42.504845,-96.01032,17.5,166
32,2026-06-07T08:00,42.504845,-96.01032,17.4,167
33,2026-06-07T09:00,42.504845,-96.01032,16.8,171
34,2026-06-07T10:00,42.504845,-96.01032,14.5,174
35,2026-06-07T11:00,42.504845,-96.01032,10.5,164
36,2026-06-07T12:00,42.504845,-96.01032,14.1,165
37,2026-06-07T13:00,42.504845,-96.01032,13.4,172
38,2026-06-07T14:00,42.504845,-96.01032,16.4,171
39,2026-06-07T15:00,42.504845,-96.01032,19.6,173
40,2026-06-07T16:00,42.504845,-96.01032,23.5,159
41,2026-06-07T17:00,42.504845,-96.01032,27.9,156
42,2026-06-07T18:00,42.504845,-96.01032,27.3,162
43,2026-06-07T19:00,42.504845,-96.01032,26.1,162
44,2026-06-07T20:00,42.504845,-96.01032,24.8,167
45,2026-06-07T21:00,42.504845,-96.01032,24.2,169
46,2026-06-07T22:00,42.504845,-96.01032,23.4,170
47,2026-06-07T23:00,42.504845,-96.01032,21.7,161
0,2026-06-06T00:00,42.506252,-92.137825,18.5,233
1,2026-06-06T01:00,42.506252,-92.137825,13.5,241
2,2026-06-06T02:00,42.506252,-92.137825,11.5,229
3,2026-06-06T03:00,42.506252,-92.137825,9.2,219
4,2026-06-06T04:00,42.506252,-92.137825,8.4,170
5,2026-06-06T05:00,42.506252,-92.137825,9.0,180
6,2026-06-06T06:00,42.506252,-92.137825,14.3,223
7,2026-06-06T07:00,42.506252,-92.137825,15.9,231
8,2026-06-06T08:00,42.506252,-92.137825,12.2,236
9,2026-06-06T09:00,42.506252,-92.137825,20.0,236
10,2026-06-06T10:00,42.506252,-92.137825,14.4,266
11,2026-06-06T11:00,42.506252,-92.137825,9.7,297
12,2026-06-06T12:00,42.506252,-92.137825,16.3,329
13,2026-06-06T13:00,42.506252,-92.137825,22.7,314
14,2026-06-06T14:00,42.506252,-92.137825,18.1,317
15,2026-06-06T15:00,42.506252,-92.137825,13.0,357
16,2026-06-06T16:00,42.506252,-92.137825,9.8,62
17,2026-06-06T17:00,42.506252,-92.137825,13.6,50
18,2026-06-06T18:00,42.506252,-92.137825,14.8,49
19,2026-06-06T19:00,42.506252,-92.137825,12.9,54
20,2026-06-06T20:00,42.506252,-92.137825,12.2,66
21,2026-06-06T21:00,42.506252,-92.137825,11.0,79
22,2026-06-06T22:00,42.506252,-92.137825,7.4,23
23,2026-06-06T23:00,42.506252,-92.137825,9.7,22
24,2026-06-07T00:00,42.506252,-92.137825,10.8,37
25,2026-06-07T01:00,42.506252,-92.137825,8.9,58
26,2026-06-07T02:00,42.506252,-92.137825,10.2,48
27,2026-06-07T03:00,42.506252,-92.137825,8.1,77
28,2026-06-07T04:00,42.506252,-92.137825,8.7,95
29,2026-06-07T05:00,42.506252,-92.137825,8.0,95
30,2026-06-07T06:00,42.506252,-92.137825,10.1,125
31,2026-06-07T07:00,42.506252,-92.137825,10.2,100
32,2026-06-07T08:00,42.506252,-92.137825,7.9,129
33,2026-06-07T09:00,42.506252,-92.137825,9.8,96
34,2026-06-07T10:00,42.506252,-92.137825,9.6,103
35,2026-06-07T11:00,42.506252,-92.137825,11.7,189
36,2026-06-07T12:00,42.506252,-92.137825,3.8,229
37,2026-06-07T13:00,42.506252,-92.137825,3.8,163
38,2026-06-07T14:00,42.506252,-92.137825,16.3,125
39,2026-06-07T15:00,42.506252,-92.137825,14.4,180
40,2026-06-07T16:00,42.506252,-92.137825,10.0,218
41,2026-06-07T17:00,42.506252,-92.137825,5.4,222
42,2026-06-07T18:00,42.506252,-92.137825,9.3,126
43,2026-06-07T19:00,42.506252,-92.137825,12.0,136
44,2026-06-07T20:00,42.506252,-92.137825,15.7,196
45,2026-06-07T21:00,42.506252,-92.137825,24.5,182
46,2026-06-07T22:00,42.506252,-92.137825,12.0,173
47,2026-06-07T23:00,42.506252,-92.137825,8.2,142
0,2026-06-06T00:00,42.497467,-88.29371,9.8,208
1,2026-06-06T01:00,42.497467,-88.29371,12.7,227
2,2026-06-06T02:00,42.497467,-88.29371,8.2,203
3,2026-06-06T03:00,42.497467,-88.29371,8.9,207
4,2026-06-06T04:00,42.497467,-88.29371,15.3,223
5,2026-06-06T05:00,42.497467,-88.29371,15.5,228
6,2026-06-06T06:00,42.497467,-88.29371,20.2,359
7,2026-06-06T07:00,42.497467,-88.29371,7.2,27
8,2026-06-06T08:00,42.497467,-88.29371,14.5,194
9,2026-06-06T09:00,42.497467,-88.29371,7.5,215
10,2026-06-06T10:00,42.497467,-88.29371,5.2,214
11,2026-06-06T11:00,42.497467,-88.29371,4.3,228
12,2026-06-06T12:00,42.497467,-88.29371,7.6,239
13,2026-06-06T13:00,42.497467,-88.29371,2.9,263
14,2026-06-06T14:00,42.497467,-88.29371,3.6,315
15,2026-06-06T15:00,42.497467,-88.29371,5.1,352
16,2026-06-06T16:00,42.497467,-88.29371,4.1,15
17,2026-06-06T17:00,42.497467,-88.29371,4.5,299
18,2026-06-06T18:00,42.497467,-88.29371,6.4,286
19,2026-06-06T19:00,42.497467,-88.29371,7.2,323
20,2026-06-06T20:00,42.497467,-88.29371,6.0,335
21,2026-06-06T21:00,42.497467,-88.29371,5.2,65
22,2026-06-06T22:00,42.497467,-88.29371,9.7,4
23,2026-06-06T23:00,42.497467,-88.29371,9.3,13
24,2026-06-07T00:00,42.497467,-88.29371,9.7,86
25,2026-06-07T01:00,42.497467,-88.29371,10.1,94
26,2026-06-07T02:00,42.497467,-88.29371,8.9,111
27,2026-06-07T03:00,42.497467,-88.29371,7.6,121
28,2026-06-07T04:00,42.497467,-88.29371,7.9,129
29,2026-06-07T05:00,42.497467,-88.29371,6.8,122
30,2026-06-07T06:00,42.497467,-88.29371,3.7,79
31,2026-06-07T07:00,42.497467,-88.29371,6.6,81
32,2026-06-07T08:00,42.497467,-88.29371,5.9,79
33,2026-06-07T09:00,42.497467,-88.29371,6.6,68
34,2026-06-07T10:00,42.497467,-88.29371,10.2,58
35,2026-06-07T11:00,42.497467,-88.29371,8.9,58
36,2026-06-07T12:00,42.497467,-88.29371,11.1,65
37,2026-06-07T13:00,42.497467,-88.29371,12.2,62
38,2026-06-07T14:00,42.497467,-88.29371,15.0,73
39,2026-06-07T15:00,42.497467,-88.29371,15.2,86
40,2026-06-07T16:00,42.497467,-88.29371,15.1,108
41,2026-06-07T17:00,42.497467,-88.29371,19.4,108
42,2026-06-07T18:00,42.497467,-88.29371,21.1,107
43,2026-06-07T19:00,42.497467,-88.29371,23.0,100
44,2026-06-07T20:00,42.497467,-88.29371,24.6,101
45,2026-06-07T21:00,42.497467,-88.29371,23.3,99
46,2026-06-07T22:00,42.497467,-88.29371,18.1,97
47,2026-06-07T23:00,42.497467,-88.29371,17.7,94
0,2026-06-06T00:00,42.50367,-84.43149,18.0,183
1,2026-06-06T01:00,42.50367,-84.43149,16.2,184
2,2026-06-06T02:00,42.50367,-84.43149,7.3,160
3,2026-06-06T03:00,42.50367,-84.43149,10.1,176
4,2026-06-06T04:00,42.50367,-84.43149,11.6,202
5,2026-06-06T05:00,42.50367,-84.43149,16.6,210
6,2026-06-06T06:00,42.50367,-84.43149,19.9,235
7,2026-06-06T07:00,42.50367,-84.43149,23.9,217
8,2026-06-06T08:00,42.50367,-84.43149,19.6,223
9,2026-06-06T09:00,42.50367,-84.43149,19.9,224
10,2026-06-06T10:00,42.50367,-84.43149,18.9,230
11,2026-06-06T11:00,42.50367,-84.43149,14.3,260
12,2026-06-06T12:00,42.50367,-84.43149,16.2,267
13,2026-06-06T13:00,42.50367,-84.43149,16.9,270
14,2026-06-06T14:00,42.50367,-84.43149,17.6,269
15,2026-06-06T15:00,42.50367,-84.43149,18.0,268
16,2026-06-06T16:00,42.50367,-84.43149,16.8,261
17,2026-06-06T17:00,42.50367,-84.43149,18.1,275
18,2026-06-06T18:00,42.50367,-84.43149,18.8,282
19,2026-06-06T19:00,42.50367,-84.43149,20.7,283
20,2026-06-06T20:00,42.50367,-84.43149,21.3,286
21,2026-06-06T21:00,42.50367,-84.43149,20.9,289
22,2026-06-06T22:00,42.50367,-84.43149,21.5,293
23,2026-06-06T23:00,42.50367,-84.43149,18.0,299
24,2026-06-07T00:00,42.50367,-84.43149,14.1,310
25,2026-06-07T01:00,42.50367,-84.43149,7.6,295
26,2026-06-07T02:00,42.50367,-84.43149,9.0,275
27,2026-06-07T03:00,42.50367,-84.43149,9.1,277
28,2026-06-07T04:00,42.50367,-84.43149,8.2,293
29,2026-06-07T05:00,42.50367,-84.43149,7.5,325
30,2026-06-07T06:00,42.50367,-84.43149,8.0,350
31,2026-06-07T07:00,42.50367,-84.43149,8.7,7
32,2026-06-07T08:00,42.50367,-84.43149,7.4,23
33,2026-06-07T09:00,42.50367,-84.43149,7.9,24
34,2026-06-07T10:00,42.50367,-84.43149,7.2,18
35,2026-06-07T11:00,42.50367,-84.43149,5.6,15
36,2026-06-07T12:00,42.50367,-84.43149,7.0,35
37,2026-06-07T13:00,42.50367,-84.43149,8.7,24
38,2026-06-07T14:00,42.50367,-84.43149,10.3,25
39,2026-06-07T15:00,42.50367,-84.43149,12.6,24
40,2026-06-07T16:00,42.50367,-84.43149,12.2,19
41,2026-06-07T17:00,42.50367,-84.43149,14.6,10
42,2026-06-07T18:00,42.50367,-84.43149,16.0,8
43,2026-06-07T19:00,42.50367,-84.43149,16.2,3
44,2026-06-07T20:00,42.50367,-84.43149,13.3,2
45,2026-06-07T21:00,42.50367,-84.43149,10.1,2
46,2026-06-07T22:00,42.50367,-84.43149,10.8,15
47,2026-06-07T23:00,42.50367,-84.43149,12.0,33
0,2026-06-06T00:00,42.501225,-80.58454,16.6,176
1,2026-06-06T01:00,42.501225,-80.58454,5.5,259
2,2026-06-06T02:00,42.501225,-80.58454,7.2,162
3,2026-06-06T03:00,42.501225,-80.58454,10.5,117
4,2026-06-06T04:00,42.501225,-80.58454,4.7,360
5,2026-06-06T05:00,42.501225,-80.58454,12.5,321
6,2026-06-06T06:00,42.501225,-80.58454,8.3,146
7,2026-06-06T07:00,42.501225,-80.58454,18.3,200
8,2026-06-06T08:00,42.501225,-80.58454,31.2,206
9,2026-06-06T09:00,42.501225,-80.58454,33.3,218
10,2026-06-06T10:00,42.501225,-80.58454,32.9,221
11,2026-06-06T11:00,42.501225,-80.58454,34.4,221
12,2026-06-06T12:00,42.501225,-80.58454,28.4,213
13,2026-06-06T13:00,42.501225,-80.58454,36.6,230
14,2026-06-06T14:00,42.501225,-80.58454,38.0,232
15,2026-06-06T15:00,42.501225,-80.58454,38.3,229
16,2026-06-06T16:00,42.501225,-80.58454,35.7,242
17,2026-06-06T17:00,42.501225,-80.58454,36.7,241
18,2026-06-06T18:00,42.501225,-80.58454,32.5,245
19,2026-06-06T19:00,42.501225,-80.58454,29.4,239
20,2026-06-06T20:00,42.501225,-80.58454,26.4,242
21,2026-06-06T21:00,42.501225,-80.58454,22.6,241
22,2026-06-06T22:00,42.501225,-80.58454,29.8,243
23,2026-06-06T23:00,42.501225,-80.58454,21.6,270
24,2026-06-07T00:00,42.501225,-80.58454,15.0,297
25,2026-06-07T01:00,42.501225,-80.58454,11.3,279
26,2026-06-07T02:00,42.501225,-80.58454,10.7,250
27,2026-06-07T03:00,42.501225,-80.58454,18.4,219
28,2026-06-07T04:00,42.501225,-80.58454,7.8,257
29,2026-06-07T05:00,42.501225,-80.58454,19.2,310
30,2026-06-07T06:00,42.501225,-80.58454,12.8,322
31,2026-06-07T07:00,42.501225,-80.58454,14.5,314
32,2026-06-07T08:00,42.501225,-80.58454,12.3,308
33,2026-06-07T09:00,42.501225,-80.58454,12.8,308
34,2026-06-07T10:00,42.501225,-80.58454,17.5,302
35,2026-06-07T11:00,42.501225,-80.58454,21.4,297
36,2026-06-07T12:00,42.501225,-80.58454,21.5,308
37,2026-06-07T13:00,42.501225,-80.58454,18.4,309
38,2026-06-07T14:00,42.501225,-80.58454,16.6,288
39,2026-06-07T15:00,42.501225,-80.58454,16.6,275
40,2026-06-07T16:00,42.501225,-80.58454,20.1,260
41,2026-06-07T17:00,42.501225,-80.58454,22.6,241
42,2026-06-07T18:00,42.501225,-80.58454,21.4,243
43,2026-06-07T19:00,42.501225,-80.58454,22.0,230
44,2026-06-07T20:00,42.501225,-80.58454,23.6,239
45,2026-06-07T21:00,42.501225,-80.58454,28.4,237
46,2026-06-07T22:00,42.501225,-80.58454,25.1,243
47,2026-06-07T23:00,42.501225,-80.58454,18.1,253
0,2026-06-06T00:00,42.51152,-76.70377,11.4,332
1,2026-06-06T01:00,42.51152,-76.70377,3.1,291
2,2026-06-06T02:00,42.51152,-76.70377,9.7,239
3,2026-06-06T03:00,42.51152,-76.70377,7.9,210
4,2026-06-06T04:00,42.51152,-76.70377,6.5,214
5,2026-06-06T05:00,42.51152,-76.70377,7.4,209
6,2026-06-06T06:00,42.51152,-76.70377,9.5,217
7,2026-06-06T07:00,42.51152,-76.70377,9.4,203
8,2026-06-06T08:00,42.51152,-76.70377,10.8,210
9,2026-06-06T09:00,42.51152,-76.70377,11.0,203
10,2026-06-06T10:00,42.51152,-76.70377,12.0,213
11,2026-06-06T11:00,42.51152,-76.70377,16.1,219
12,2026-06-06T12:00,42.51152,-76.70377,15.5,226
13,2026-06-06T13:00,42.51152,-76.70377,12.1,207
14,2026-06-06T14:00,42.51152,-76.70377,19.4,215
15,2026-06-06T15:00,42.51152,-76.70377,18.5,209
16,2026-06-06T16:00,42.51152,-76.70377,25.7,211
17,2026-06-06T17:00,42.51152,-76.70377,27.5,223
18,2026-06-06T18:00,42.51152,-76.70377,27.3,234
19,2026-06-06T19:00,42.51152,-76.70377,29.4,237
20,2026-06-06T20:00,42.51152,-76.70377,30.6,243
21,2026-06-06T21:00,42.51152,-76.70377,34.7,247
22,2026-06-06T22:00,42.51152,-76.70377,27.0,251
23,2026-06-06T23:00,42.51152,-76.70377,22.8,276
24,2026-06-07T00:00,42.51152,-76.70377,14.8,321
25,2026-06-07T01:00,42.51152,-76.70377,10.0,311
26,2026-06-07T02:00,42.51152,-76.70377,7.9,273
27,2026-06-07T03:00,42.51152,-76.70377,10.5,266
28,2026-06-07T04:00,42.51152,-76.70377,10.8,255
29,2026-06-07T05:00,42.51152,-76.70377,10.5,254
30,2026-06-07T06:00,42.51152,-76.70377,9.2,259
31,2026-06-07T07:00,42.51152,-76.70377,8.8,261
32,2026-06-07T08:00,42.51152,-76.70377,8.3,268
33,2026-06-07T09:00,42.51152,-76.70377,9.4,252
34,2026-06-07T10:00,42.51152,-76.70377,9.4,272
35,2026-06-07T11:00,42.51152,-76.70377,15.4,291
36,2026-06-07T12:00,42.51152,-76.70377,15.3,297
37,2026-06-07T13:00,42.51152,-76.70377,15.0,297
38,2026-06-07T14:00,42.51152,-76.70377,15.5,292
39,2026-06-07T15:00,42.51152,-76.70377,16.4,285
40,2026-06-07T16:00,42.51152,-76.70377,20.0,296
41,2026-06-07T17:00,42.51152,-76.70377,21.4,324
42,2026-06-07T18:00,42.51152,-76.70377,24.3,322
43,2026-06-07T19:00,42.51152,-76.70377,27.3,311
44,2026-06-07T20:00,42.51152,-76.70377,26.7,316
45,2026-06-07T21:00,42.51152,-76.70377,24.5,320
46,2026-06-07T22:00,42.51152,-76.70377,22.7,333
47,2026-06-07T23:00,42.51152,-76.70377,19.8,344
0,2026-06-06T00:00,42.49338,-72.870094,4.5,241
1,2026-06-06T01:00,42.49338,-72.870094,4.1,308
2,2026-06-06T02:00,42.49338,-72.870094,3.3,311
3,2026-06-06T03:00,42.49338,-72.870094,8.9,333
4,2026-06-06T04:00,42.49338,-72.870094,4.9,324
5,2026-06-06T05:00,42.49338,-72.870094,2.9,360
6,2026-06-06T06:00,42.49338,-72.870094,2.2,81
7,2026-06-06T07:00,42.49338,-72.870094,3.6,323
8,2026-06-06T08:00,42.49338,-72.870094,5.1,315
9,2026-06-06T09:00,42.49338,-72.870094,2.5,315
10,2026-06-06T10:00,42.49338,-72.870094,2.3,288
11,2026-06-06T11:00,42.49338,-72.870094,0.4,90
12,2026-06-06T12:00,42.49338,-72.870094,2.9,173
13,2026-06-06T13:00,42.49338,-72.870094,6.2,190
14,2026-06-06T14:00,42.49338,-72.870094,11.8,207
15,2026-06-06T15:00,42.49338,-72.870094,14.2,210
16,2026-06-06T16:00,42.49338,-72.870094,15.6,209
17,2026-06-06T17:00,42.49338,-72.870094,15.0,222
18,2026-06-06T18:00,42.49338,-72.870094,10.0,218
19,2026-06-06T19:00,42.49338,-72.870094,17.6,211
20,2026-06-06T20:00,42.49338,-72.870094,13.0,214
21,2026-06-06T21:00,42.49338,-72.870094,14.0,206
22,2026-06-06T22:00,42.49338,-72.870094,27.6,285
23,2026-06-06T23:00,42.49338,-72.870094,2.1,329
24,2026-06-07T00:00,42.49338,-72.870094,20.3,330
25,2026-06-07T01:00,42.49338,-72.870094,9.4,247
26,2026-06-07T02:00,42.49338,-72.870094,2.9,240
27,2026-06-07T03:00,42.49338,-72.870094,13.4,256
28,2026-06-07T04:00,42.49338,-72.870094,7.0,215
29,2026-06-07T05:00,42.49338,-72.870094,7.7,221
30,2026-06-07T06:00,42.49338,-72.870094,12.4,253
31,2026-06-07T07:00,42.49338,-72.870094,12.0,249
32,2026-06-07T08:00,42.49338,-72.870094,15.3,251
33,2026-06-07T09:00,42.49338,-72.870094,14.9,250
34,2026-06-07T10:00,42.49338,-72.870094,13.7,256
35,2026-06-07T11:00,42.49338,-72.870094,17.4,264
36,2026-06-07T12:00,42.49338,-72.870094,20.2,268
37,2026-06-07T13:00,42.49338,-72.870094,19.1,270
38,2026-06-07T14:00,42.49338,-72.870094,20.2,275
39,2026-06-07T15:00,42.49338,-72.870094,20.2,272
40,2026-06-07T16:00,42.49338,-72.870094,19.8,270
41,2026-06-07T17:00,42.49338,-72.870094,19.5,268
42,2026-06-07T18:00,42.49338,-72.870094,20.6,274
43,2026-06-07T19:00,42.49338,-72.870094,21.3,275
44,2026-06-07T20:00,42.49338,-72.870094,21.6,281
45,2026-06-07T21:00,42.49338,-72.870094,21.4,278
46,2026-06-07T22:00,42.49338,-72.870094,16.1,280
47,2026-06-07T23:00,42.49338,-72.870094,10.1,287
0,2026-06-06T00:00,42.485867,-68.98958,5.6,195
1,2026-06-06T01:00,42.485867,-68.98958,8.4,149
2,2026-06-06T02:00,42.485867,-68.98958,12.0,123
3,2026-06-06T03:00,42.485867,-68.98958,11.7,101
4,2026-06-06T04:00,42.485867,-68.98958,13.7,93
5,2026-06-06T05:00,42.485867,-68.98958,13.6,102
6,2026-06-06T06:00,42.485867,-68.98958,14.1,122
7,2026-06-06T07:00,42.485867,-68.98958,15.1,115
8,2026-06-06T08:00,42.485867,-68.98958,12.0,141
9,2026-06-06T09:00,42.485867,-68.98958,10.6,125
10,2026-06-06T10:00,42.485867,-68.98958,10.1,125
11,2026-06-06T11:00,42.485867,-68.98958,12.2,124
12,2026-06-06T12:00,42.485867,-68.98958,14.8,135
13,2026-06-06T13:00,42.485867,-68.98958,14.5,138
14,2026-06-06T14:00,42.485867,-68.98958,14.5,145
15,2026-06-06T15:00,42.485867,-68.98958,15.3,139
16,2026-06-06T16:00,42.485867,-68.98958,17.2,143
17,2026-06-06T17:00,42.485867,-68.98958,17.4,124
18,2026-06-06T18:00,42.485867,-68.98958,20.9,144
19,2026-06-06T19:00,42.485867,-68.98958,23.7,150
20,2026-06-06T20:00,42.485867,-68.98958,26.3,157
21,2026-06-06T21:00,42.485867,-68.98958,26.8,163
22,2026-06-06T22:00,42.485867,-68.98958,36.1,175
23,2026-06-06T23:00,42.485867,-68.98958,34.6,171
24,2026-06-07T00:00,42.485867,-68.98958,26.8,169
25,2026-06-07T01:00,42.485867,-68.98958,34.6,172
26,2026-06-07T02:00,42.485867,-68.98958,30.9,173
27,2026-06-07T03:00,42.485867,-68.98958,20.1,195
28,2026-06-07T04:00,42.485867,-68.98958,22.3,189
29,2026-06-07T05:00,42.485867,-68.98958,21.3,192
30,2026-06-07T06:00,42.485867,-68.98958,23.5,216
31,2026-06-07T07:00,42.485867,-68.98958,17.9,205
32,2026-06-07T08:00,42.485867,-68.98958,29.8,148
33,2026-06-07T09:00,42.485867,-68.98958,23.1,169
34,2026-06-07T10:00,42.485867,-68.98958,27.5,186
35,2026-06-07T11:00,42.485867,-68.98958,30.5,192
36,2026-06-07T12:00,42.485867,-68.98958,27.9,205
37,2026-06-07T13:00,42.485867,-68.98958,27.2,209
38,2026-06-07T14:00,42.485867,-68.98958,27.4,210
39,2026-06-07T15:00,42.485867,-68.98958,27.7,206
40,2026-06-07T16:00,42.485867,-68.98958,28.7,202
41,2026-06-07T17:00,42.485867,-68.98958,26.0,204
42,2026-06-07T18:00,42.485867,-68.98958,26.1,203
43,2026-06-07T19:00,42.485867,-68.98958,24.7,201
44,2026-06-07T20:00,42.485867,-68.98958,24.1,197
45,2026-06-07T21:00,42.485867,-68.98958,22.7,200
46,2026-06-07T22:00,42.485867,-68.98958,17.2,196
47,2026-06-07T23:00,42.485867,-68.98958,17.7,204
0,2026-06-06T00:00,45.2498,-122.980255,15.2,277
1,2026-06-06T01:00,45.2498,-122.980255,21.1,287
2,2026-06-06T02:00,45.2498,-122.980255,16.7,289
3,2026-06-06T03:00,45.2498,-122.980255,13.6,287
4,2026-06-06T04:00,45.2498,-122.980255,6.6,283
5,2026-06-06T05:00,45.2498,-122.980255,6.0,213
6,2026-06-06T06:00,45.2498,-122.980255,7.4,219
7,2026-06-06T07:00,45.2498,-122.980255,7.9,219
8,2026-06-06T08:00,45.2498,-122.980255,7.7,208
9,2026-06-06T09:00,45.2498,-122.980255,5.6,207
10,2026-06-06T10:00,45.2498,-122.980255,10.3,205
11,2026-06-06T11:00,45.2498,-122.980255,9.7,219
12,2026-06-06T12:00,45.2498,-122.980255,3.8,197
13,2026-06-06T13:00,45.2498,-122.980255,3.8,197
14,2026-06-06T14:00,45.2498,-122.980255,13.7,225
15,2026-06-06T15:00,45.2498,-122.980255,16.9,258
16,2026-06-06T16:00,45.2498,-122.980255,16.1,243
17,2026-06-06T17:00,45.2498,-122.980255,16.4,241
18,2026-06-06T18:00,45.2498,-122.980255,20.6,245
19,2026-06-06T19:00,45.2498,-122.980255,15.0,240
20,2026-06-06T20:00,45.2498,-122.980255,22.0,268
21,2026-06-06T21:00,45.2498,-122.980255,20.2,267
22,2026-06-06T22:00,45.2498,-122.980255,19.6,253
23,2026-06-06T23:00,45.2498,-122.980255,18.4,271
24,2026-06-07T00:00,45.2498,-122.980255,16.9,271
25,2026-06-07T01:00,45.2498,-122.980255,14.5,263
26,2026-06-07T02:00,45.2498,-122.980255,14.8,283
27,2026-06-07T03:00,45.2498,-122.980255,11.8,293
28,2026-06-07T04:00,45.2498,-122.980255,7.4,284
29,2026-06-07T05:00,45.2498,-122.980255,6.9,261
30,2026-06-07T06:00,45.2498,-122.980255,7.0,249
31,2026-06-07T07:00,45.2498,-122.980255,6.6,248
32,2026-06-07T08:00,45.2498,-122.980255,2.8,220
33,2026-06-07T09:00,45.2498,-122.980255,1.1,270
34,2026-06-07T10:00,45.2498,-122.980255,2.4,297
35,2026-06-07T11:00,45.2498,-122.980255,1.5,256
36,2026-06-07T12:00,45.2498,-122.980255,7.6,175
37,2026-06-07T13:00,45.2498,-122.980255,5.1,188
38,2026-06-07T14:00,45.2498,-122.980255,1.3,304
39,2026-06-07T15:00,45.2498,-122.980255,1.3,326
40,2026-06-07T16:00,45.2498,-122.980255,1.0,135
41,2026-06-07T17:00,45.2498,-122.980255,1.1,162
42,2026-06-07T18:00,45.2498,-122.980255,1.8,143
43,2026-06-07T19:00,45.2498,-122.980255,1.5,166
44,2026-06-07T20:00,45.2498,-122.980255,3.1,135
45,2026-06-07T21:00,45.2498,-122.980255,2.2,171
46,2026-06-07T22:00,45.2498,-122.980255,2.9,210
47,2026-06-07T23:00,45.2498,-122.980255,8.7,263
0,2026-06-06T00:00,45.240444,-119.122734,27.0,313
1,2026-06-06T01:00,45.240444,-119.122734,23.9,316
2,2026-06-06T02:00,45.240444,-119.122734,22.4,316
3,2026-06-06T03:00,45.240444,-119.122734,19.4,313
4,2026-06-06T04:00,45.240444,-119.122734,17.1,314
5,2026-06-06T05:00,45.240444,-119.122734,15.9,308
6,2026-06-06T06:00,45.240444,-119.122734,16.9,294
7,2026-06-06T07:00,45.240444,-119.122734,20.0,288
8,2026-06-06T08:00,45.240444,-119.122734,18.1,283
9,2026-06-06T09:00,45.240444,-119.122734,18.6,288
10,2026-06-06T10:00,45.240444,-119.122734,17.7,287
11,2026-06-06T11:00,45.240444,-119.122734,19.5,289
12,2026-06-06T12:00,45.240444,-119.122734,16.3,284
13,2026-06-06T13:00,45.240444,-119.122734,12.7,277
14,2026-06-06T14:00,45.240444,-119.122734,14.0,271
15,2026-06-06T15:00,45.240444,-119.122734,15.5,269
16,2026-06-06T16:00,45.240444,-119.122734,22.1,277
17,2026-06-06T17:00,45.240444,-119.122734,26.1,282
18,2026-06-06T18:00,45.240444,-119.122734,26.2,288
19,2026-06-06T19:00,45.240444,-119.122734,26.0,289
20,2026-06-06T20:00,45.240444,-119.122734,27.9,295
21,2026-06-06T21:00,45.240444,-119.122734,27.9,287
22,2026-06-06T22:00,45.240444,-119.122734,26.8,294
23,2026-06-06T23:00,45.240444,-119.122734,20.6,265
24,2026-06-07T00:00,45.240444,-119.122734,26.8,294
25,2026-06-07T01:00,45.240444,-119.122734,25.9,297
26,2026-06-07T02:00,45.240444,-119.122734,26.5,304
27,2026-06-07T03:00,45.240444,-119.122734,25.4,302
28,2026-06-07T04:00,45.240444,-119.122734,24.5,306
29,2026-06-07T05:00,45.240444,-119.122734,22.1,296
30,2026-06-07T06:00,45.240444,-119.122734,18.9,283
31,2026-06-07T07:00,45.240444,-119.122734,14.6,286
32,2026-06-07T08:00,45.240444,-119.122734,16.7,284
33,2026-06-07T09:00,45.240444,-119.122734,16.1,280
34,2026-06-07T10:00,45.240444,-119.122734,13.8,277
35,2026-06-07T11:00,45.240444,-119.122734,13.0,268
36,2026-06-07T12:00,45.240444,-119.122734,13.7,265
37,2026-06-07T13:00,45.240444,-119.122734,9.8,246
38,2026-06-07T14:00,45.240444,-119.122734,14.2,249
39,2026-06-07T15:00,45.240444,-119.122734,11.9,256
40,2026-06-07T16:00,45.240444,-119.122734,12.5,258
41,2026-06-07T17:00,45.240444,-119.122734,10.5,266
42,2026-06-07T18:00,45.240444,-119.122734,6.8,270
43,2026-06-07T19:00,45.240444,-119.122734,5.5,293
44,2026-06-07T20:00,45.240444,-119.122734,7.6,329
45,2026-06-07T21:00,45.240444,-119.122734,11.4,347
46,2026-06-07T22:00,45.240444,-119.122734,10.4,358
47,2026-06-07T23:00,45.240444,-119.122734,10.1,343
0,2026-06-06T00:00,45.222546,-115.30228,22.0,260
1,2026-06-06T01:00,45.222546,-115.30228,18.9,257
2,2026-06-06T02:00,45.222546,-115.30228,15.5,267
3,2026-06-06T03:00,45.222546,-115.30228,10.9,261
4,2026-06-06T04:00,45.222546,-115.30228,7.6,8
5,2026-06-06T05:00,45.222546,-115.30228,7.5,17
6,2026-06-06T06:00,45.222546,-115.30228,9.1,56
7,2026-06-06T07:00,45.222546,-115.30228,7.7,49
8,2026-06-06T08:00,45.222546,-115.30228,7.9,60
9,2026-06-06T09:00,45.222546,-115.30228,8.7,60
10,2026-06-06T10:00,45.222546,-115.30228,9.0,61
11,2026-06-06T11:00,45.222546,-115.30228,8.9,58
12,2026-06-06T12:00,45.222546,-115.30228,4.8,42
13,2026-06-06T13:00,45.222546,-115.30228,7.9,93
14,2026-06-06T14:00,45.222546,-115.30228,1.8,143
15,2026-06-06T15:00,45.222546,-115.30228,9.5,241
16,2026-06-06T16:00,45.222546,-115.30228,13.0,246
17,2026-06-06T17:00,45.222546,-115.30228,14.0,258
18,2026-06-06T18:00,45.222546,-115.30228,14.1,266
19,2026-06-06T19:00,45.222546,-115.30228,15.9,267
20,2026-06-06T20:00,45.222546,-115.30228,20.7,262
21,2026-06-06T21:00,45.222546,-115.30228,20.6,266
22,2026-06-06T22:00,45.222546,-115.30228,21.5,260
23,2026-06-06T23:00,45.222546,-115.30228,17.4,276
24,2026-06-07T00:00,45.222546,-115.30228,12.1,300
25,2026-06-07T01:00,45.222546,-115.30228,16.8,325
26,2026-06-07T02:00,45.222546,-115.30228,16.3,338
27,2026-06-07T03:00,45.222546,-115.30228,14.4,347
28,2026-06-07T04:00,45.222546,-115.30228,12.6,358
29,2026-06-07T05:00,45.222546,-115.30228,12.3,3
30,2026-06-07T06:00,45.222546,-115.30228,9.7,4
31,2026-06-07T07:00,45.222546,-115.30228,9.0,2
32,2026-06-07T08:00,45.222546,-115.30228,6.9,6
33,2026-06-07T09:00,45.222546,-115.30228,3.2,360
34,2026-06-07T10:00,45.222546,-115.30228,6.6,9
35,2026-06-07T11:00,45.222546,-115.30228,7.2,3
36,2026-06-07T12:00,45.222546,-115.30228,9.0,360
37,2026-06-07T13:00,45.222546,-115.30228,8.8,348
38,2026-06-07T14:00,45.222546,-115.30228,7.6,315
39,2026-06-07T15:00,45.222546,-115.30228,10.1,297
40,2026-06-07T16:00,45.222546,-115.30228,10.9,276
41,2026-06-07T17:00,45.222546,-115.30228,13.7,288
42,2026-06-07T18:00,45.222546,-115.30228,15.4,281
43,2026-06-07T19:00,45.222546,-115.30228,15.7,302
44,2026-06-07T20:00,45.222546,-115.30228,13.9,307
45,2026-06-07T21:00,45.222546,-115.30228,11.5,302
46,2026-06-07T22:00,45.222546,-115.30228,10.6,298
47,2026-06-07T23:00,45.222546,-115.30228,12.2,289
0,2026-06-06T00:00,45.237644,-111.406494,29.5,223
1,2026-06-06T01:00,45.237644,-111.406494,28.0,212
2,2026-06-06T02:00,45.237644,-111.406494,23.7,216
3,2026-06-06T03:00,45.237644,-111.406494,18.9,230
4,2026-06-06T04:00,45.237644,-111.406494,16.6,246
5,2026-06-06T05:00,45.237644,-111.406494,18.9,261
6,2026-06-06T06:00,45.237644,-111.406494,15.5,271
7,2026-06-06T07:00,45.237644,-111.406494,11.2,272
8,2026-06-06T08:00,45.237644,-111.406494,7.2,143
9,2026-06-06T09:00,45.237644,-111.406494,5.9,227
10,2026-06-06T10:00,45.237644,-111.406494,6.9,309
11,2026-06-06T11:00,45.237644,-111.406494,4.8,318
12,2026-06-06T12:00,45.237644,-111.406494,7.8,22
13,2026-06-06T13:00,45.237644,-111.406494,7.4,23
14,2026-06-06T14:00,45.237644,-111.406494,9.5,189
15,2026-06-06T15:00,45.237644,-111.406494,26.5,236
16,2026-06-06T16:00,45.237644,-111.406494,31.9,222
17,2026-06-06T17:00,45.237644,-111.406494,44.9,234
18,2026-06-06T18:00,45.237644,-111.406494,45.8,236
19,2026-06-06T19:00,45.237644,-111.406494,42.8,236
20,2026-06-06T20:00,45.237644,-111.406494,47.3,248
21,2026-06-06T21:00,45.237644,-111.406494,42.2,219
22,2026-06-06T22:00,45.237644,-111.406494,35.1,226
23,2026-06-06T23:00,45.237644,-111.406494,37.3,230
24,2026-06-07T00:00,45.237644,-111.406494,41.4,237
25,2026-06-07T01:00,45.237644,-111.406494,45.7,251
26,2026-06-07T02:00,45.237644,-111.406494,28.9,237
27,2026-06-07T03:00,45.237644,-111.406494,16.9,269
28,2026-06-07T04:00,45.237644,-111.406494,14.0,293
29,2026-06-07T05:00,45.237644,-111.406494,6.8,335
30,2026-06-07T06:00,45.237644,-111.406494,12.6,127
31,2026-06-07T07:00,45.237644,-111.406494,10.2,203
32,2026-06-07T08:00,45.237644,-111.406494,7.9,180
33,2026-06-07T09:00,45.237644,-111.406494,5.5,212
34,2026-06-07T10:00,45.237644,-111.406494,4.6,219
35,2026-06-07T11:00,45.237644,-111.406494,1.5,225
36,2026-06-07T12:00,45.237644,-111.406494,4.9,144
37,2026-06-07T13:00,45.237644,-111.406494,3.6,270
38,2026-06-07T14:00,45.237644,-111.406494,3.6,127
39,2026-06-07T15:00,45.237644,-111.406494,15.5,228
40,2026-06-07T16:00,45.237644,-111.406494,15.1,245
41,2026-06-07T17:00,45.237644,-111.406494,16.4,251
42,2026-06-07T18:00,45.237644,-111.406494,19.8,280
43,2026-06-07T19:00,45.237644,-111.406494,21.4,295
44,2026-06-07T20:00,45.237644,-111.406494,27.5,292
45,2026-06-07T21:00,45.237644,-111.406494,30.2,290
46,2026-06-07T22:00,45.237644,-111.406494,30.4,281
47,2026-06-07T23:00,45.237644,-111.406494,31.9,281
0,2026-06-06T00:00,45.24028,-107.570206,20.2,91
1,2026-06-06T01:00,45.24028,-107.570206,21.5,108
2,2026-06-06T02:00,45.24028,-107.570206,15.8,117
3,2026-06-06T03:00,45.24028,-107.570206,13.2,112
4,2026-06-06T04:00,45.24028,-107.570206,4.6,288
5,2026-06-06T05:00,45.24028,-107.570206,12.6,167
6,2026-06-06T06:00,45.24028,-107.570206,10.0,150
7,2026-06-06T07:00,45.24028,-107.570206,13.3,161
8,2026-06-06T08:00,45.24028,-107.570206,10.9,134
9,2026-06-06T09:00,45.24028,-107.570206,9.0,119
10,2026-06-06T10:00,45.24028,-107.570206,9.2,116
11,2026-06-06T11:00,45.24028,-107.570206,6.6,119
12,2026-06-06T12:00,45.24028,-107.570206,16.3,355
13,2026-06-06T13:00,45.24028,-107.570206,16.1,350
14,2026-06-06T14:00,45.24028,-107.570206,18.3,324
15,2026-06-06T15:00,45.24028,-107.570206,11.8,320
16,2026-06-06T16:00,45.24028,-107.570206,6.6,338
17,2026-06-06T17:00,45.24028,-107.570206,4.5,29
18,2026-06-06T18:00,45.24028,-107.570206,10.6,100
19,2026-06-06T19:00,45.24028,-107.570206,13.4,98
20,2026-06-06T20:00,45.24028,-107.570206,12.4,98
21,2026-06-06T21:00,45.24028,-107.570206,29.6,176
22,2026-06-06T22:00,45.24028,-107.570206,27.0,344
23,2026-06-06T23:00,45.24028,-107.570206,11.3,261
24,2026-06-07T00:00,45.24028,-107.570206,18.5,249
25,2026-06-07T01:00,45.24028,-107.570206,19.4,318
26,2026-06-07T02:00,45.24028,-107.570206,12.7,331
27,2026-06-07T03:00,45.24028,-107.570206,11.2,310
28,2026-06-07T04:00,45.24028,-107.570206,11.8,297
29,2026-06-07T05:00,45.24028,-107.570206,16.2,282
30,2026-06-07T06:00,45.24028,-107.570206,26.8,329
31,2026-06-07T07:00,45.24028,-107.570206,12.3,320
32,2026-06-07T08:00,45.24028,-107.570206,13.8,261
33,2026-06-07T09:00,45.24028,-107.570206,14.4,302
34,2026-06-07T10:00,45.24028,-107.570206,18.1,316
35,2026-06-07T11:00,45.24028,-107.570206,13.6,302
36,2026-06-07T12:00,45.24028,-107.570206,17.9,350
37,2026-06-07T13:00,45.24028,-107.570206,17.4,330
38,2026-06-07T14:00,45.24028,-107.570206,19.2,347
39,2026-06-07T15:00,45.24028,-107.570206,16.7,341
40,2026-06-07T16:00,45.24028,-107.570206,13.1,16
41,2026-06-07T17:00,45.24028,-107.570206,10.1,2
42,2026-06-07T18:00,45.24028,-107.570206,15.1,38
43,2026-06-07T19:00,45.24028,-107.570206,13.0,14
44,2026-06-07T20:00,45.24028,-107.570206,19.7,75
45,2026-06-07T21:00,45.24028,-107.570206,9.9,33
46,2026-06-07T22:00,45.24028,-107.570206,13.6,50
47,2026-06-07T23:00,45.24028,-107.570206,19.5,51
0,2026-06-06T00:00,45.239143,-103.7126,20.8,152
1,2026-06-06T01:00,45.239143,-103.7126,23.5,119
2,2026-06-06T02:00,45.239143,-103.7126,22.3,100
3,2026-06-06T03:00,45.239143,-103.7126,20.4,104
4,2026-06-06T04:00,45.239143,-103.7126,19.0,109
5,2026-06-06T05:00,45.239143,-103.7126,17.6,113
6,2026-06-06T06:00,45.239143,-103.7126,18.4,113
7,2026-06-06T07:00,45.239143,-103.7126,20.3,115
8,2026-06-06T08:00,45.239143,-103.7126,20.3,113
9,2026-06-06T09:00,45.239143,-103.7126,15.9,118
10,2026-06-06T10:00,45.239143,-103.7126,11.0,109
11,2026-06-06T11:00,45.239143,-103.7126,12.2,114
12,2026-06-06T12:00,45.239143,-103.7126,10.8,116
13,2026-06-06T13:00,45.239143,-103.7126,9.2,135
14,2026-06-06T14:00,45.239143,-103.7126,14.0,151
15,2026-06-06T15:00,45.239143,-103.7126,13.0,156
16,2026-06-06T16:00,45.239143,-103.7126,13.6,148
17,2026-06-06T17:00,45.239143,-103.7126,14.6,140
18,2026-06-06T18:00,45.239143,-103.7126,17.3,138
19,2026-06-06T19:00,45.239143,-103.7126,22.4,136
20,2026-06-06T20:00,45.239143,-103.7126,27.2,143
21,2026-06-06T21:00,45.239143,-103.7126,33.9,149
22,2026-06-06T22:00,45.239143,-103.7126,33.9,149
23,2026-06-06T23:00,45.239143,-103.7126,34.9,154
24,2026-06-07T00:00,45.239143,-103.7126,36.8,149
25,2026-06-07T01:00,45.239143,-103.7126,36.2,137
26,2026-06-07T02:00,45.239143,-103.7126,32.2,126
27,2026-06-07T03:00,45.239143,-103.7126,43.6,142
28,2026-06-07T04:00,45.239143,-103.7126,36.4,132
29,2026-06-07T05:00,45.239143,-103.7126,23.4,119
30,2026-06-07T06:00,45.239143,-103.7126,15.9,128
31,2026-06-07T07:00,45.239143,-103.7126,4.5,14
32,2026-06-07T08:00,45.239143,-103.7126,16.4,147
33,2026-06-07T09:00,45.239143,-103.7126,7.6,161
34,2026-06-07T10:00,45.239143,-103.7126,6.8,357
35,2026-06-07T11:00,45.239143,-103.7126,5.3,118
36,2026-06-07T12:00,45.239143,-103.7126,12.0,196
37,2026-06-07T13:00,45.239143,-103.7126,25.6,308
38,2026-06-07T14:00,45.239143,-103.7126,22.9,312
39,2026-06-07T15:00,45.239143,-103.7126,21.1,314
40,2026-06-07T16:00,45.239143,-103.7126,24.7,314
41,2026-06-07T17:00,45.239143,-103.7126,25.2,323
42,2026-06-07T18:00,45.239143,-103.7126,27.2,317
43,2026-06-07T19:00,45.239143,-103.7126,25.1,325
44,2026-06-07T20:00,45.239143,-103.7126,24.9,342
45,2026-06-07T21:00,45.239143,-103.7126,25.3,343
46,2026-06-07T22:00,45.239143,-103.7126,22.7,350
47,2026-06-07T23:00,45.239143,-103.7126,29.5,342
0,2026-06-06T00:00,45.25816,-99.86679,11.4,298
1,2026-06-06T01:00,45.25816,-99.86679,7.8,326
2,2026-06-06T02:00,45.25816,-99.86679,6.9,47
3,2026-06-06T03:00,45.25816,-99.86679,7.9,87
4,2026-06-06T04:00,45.25816,-99.86679,8.1,103
5,2026-06-06T05:00,45.25816,-99.86679,9.0,127
6,2026-06-06T06:00,45.25816,-99.86679,7.2,117
7,2026-06-06T07:00,45.25816,-99.86679,4.6,129
8,2026-06-06T08:00,45.25816,-99.86679,4.3,132
9,2026-06-06T09:00,45.25816,-99.86679,8.2,165
10,2026-06-06T10:00,45.25816,-99.86679,8.4,155
11,2026-06-06T11:00,45.25816,-99.86679,8.2,128
12,2026-06-06T12:00,45.25816,-99.86679,5.6,130
13,2026-06-06T13:00,45.25816,-99.86679,14.7,155
14,2026-06-06T14:00,45.25816,-99.86679,20.5,162
15,2026-06-06T15:00,45.25816,-99.86679,22.2,160
16,2026-06-06T16:00,45.25816,-99.86679,23.9,157
17,2026-06-06T17:00,45.25816,-99.86679,25.0,155
18,2026-06-06T18:00,45.25816,-99.86679,26.1,152
19,2026-06-06T19:00,45.25816,-99.86679,28.9,149
20,2026-06-06T20:00,45.25816,-99.86679,29.3,146
21,2026-06-06T21:00,45.25816,-99.86679,31.2,146
22,2026-06-06T22:00,45.25816,-99.86679,32.6,149
23,2026-06-06T23:00,45.25816,-99.86679,31.8,147
24,2026-06-07T00:00,45.25816,-99.86679,27.9,144
25,2026-06-07T01:00,45.25816,-99.86679,22.0,140
26,2026-06-07T02:00,45.25816,-99.86679,16.3,135
27,2026-06-07T03:00,45.25816,-99.86679,18.4,141
28,2026-06-07T04:00,45.25816,-99.86679,21.4,144
29,2026-06-07T05:00,45.25816,-99.86679,19.3,151
30,2026-06-07T06:00,45.25816,-99.86679,20.9,161
31,2026-06-07T07:00,45.25816,-99.86679,19.1,168
32,2026-06-07T08:00,45.25816,-99.86679,17.4,162
33,2026-06-07T09:00,45.25816,-99.86679,19.0,161
34,2026-06-07T10:00,45.25816,-99.86679,21.9,160
35,2026-06-07T11:00,45.25816,-99.86679,18.0,160
36,2026-06-07T12:00,45.25816,-99.86679,19.5,168
37,2026-06-07T13:00,45.25816,-99.86679,23.1,162
38,2026-06-07T14:00,45.25816,-99.86679,28.7,162
39,2026-06-07T15:00,45.25816,-99.86679,32.2,160
40,2026-06-07T16:00,45.25816,-99.86679,31.7,165
41,2026-06-07T17:00,45.25816,-99.86679,34.9,164
42,2026-06-07T18:00,45.25816,-99.86679,37.9,162
43,2026-06-07T19:00,45.25816,-99.86679,37.1,164
44,2026-06-07T20:00,45.25816,-99.86679,37.3,165
45,2026-06-07T21:00,45.25816,-99.86679,34.7,170
46,2026-06-07T22:00,45.25816,-99.86679,32.3,169
47,2026-06-07T23:00,45.25816,-99.86679,29.0,166
0,2026-06-06T00:00,45.24402,-95.98555,9.1,146
1,2026-06-06T01:00,45.24402,-95.98555,6.1,118
2,2026-06-06T02:00,45.24402,-95.98555,2.0,225
3,2026-06-06T03:00,45.24402,-95.98555,2.3,288
4,2026-06-06T04:00,45.24402,-95.98555,4.5,331
5,2026-06-06T05:00,45.24402,-95.98555,5.5,281
6,2026-06-06T06:00,45.24402,-95.98555,6.1,320
7,2026-06-06T07:00,45.24402,-95.98555,8.9,43
8,2026-06-06T08:00,45.24402,-95.98555,7.0,125
9,2026-06-06T09:00,45.24402,-95.98555,6.1,177
10,2026-06-06T10:00,45.24402,-95.98555,3.2,180
11,2026-06-06T11:00,45.24402,-95.98555,2.2,90
12,2026-06-06T12:00,45.24402,-95.98555,3.1,54
13,2026-06-06T13:00,45.24402,-95.98555,1.6,63
14,2026-06-06T14:00,45.24402,-95.98555,4.0,85
15,2026-06-06T15:00,45.24402,-95.98555,8.0,126
16,2026-06-06T16:00,45.24402,-95.98555,10.2,138
17,2026-06-06T17:00,45.24402,-95.98555,10.8,127
18,2026-06-06T18:00,45.24402,-95.98555,10.8,111
19,2026-06-06T19:00,45.24402,-95.98555,11.2,111
20,2026-06-06T20:00,45.24402,-95.98555,12.0,106
21,2026-06-06T21:00,45.24402,-95.98555,13.7,95
22,2026-06-06T22:00,45.24402,-95.98555,15.9,87
23,2026-06-06T23:00,45.24402,-95.98555,17.1,83
24,2026-06-07T00:00,45.24402,-95.98555,16.7,76
25,2026-06-07T01:00,45.24402,-95.98555,13.8,81
26,2026-06-07T02:00,45.24402,-95.98555,10.8,92
27,2026-06-07T03:00,45.24402,-95.98555,11.5,110
28,2026-06-07T04:00,45.24402,-95.98555,13.7,113
29,2026-06-07T05:00,45.24402,-95.98555,13.6,122
30,2026-06-07T06:00,45.24402,-95.98555,13.0,124
31,2026-06-07T07:00,45.24402,-95.98555,12.8,128
32,2026-06-07T08:00,45.24402,-95.98555,10.1,125
33,2026-06-07T09:00,45.24402,-95.98555,9.8,118
34,2026-06-07T10:00,45.24402,-95.98555,12.1,117
35,2026-06-07T11:00,45.24402,-95.98555,13.0,129
36,2026-06-07T12:00,45.24402,-95.98555,14.5,132
37,2026-06-07T13:00,45.24402,-95.98555,18.2,141
38,2026-06-07T14:00,45.24402,-95.98555,18.6,148
39,2026-06-07T15:00,45.24402,-95.98555,19.5,142
40,2026-06-07T16:00,45.24402,-95.98555,22.2,144
41,2026-06-07T17:00,45.24402,-95.98555,24.8,144
42,2026-06-07T18:00,45.24402,-95.98555,25.2,149
43,2026-06-07T19:00,45.24402,-95.98555,26.4,152
44,2026-06-07T20:00,45.24402,-95.98555,26.1,160
45,2026-06-07T21:00,45.24402,-95.98555,24.9,162
46,2026-06-07T22:00,45.24402,-95.98555,22.2,160
47,2026-06-07T23:00,45.24402,-95.98555,16.6,158
0,2026-06-06T00:00,45.250088,-92.13975,1.3,56
1,2026-06-06T01:00,45.250088,-92.13975,2.2,90
2,2026-06-06T02:00,45.250088,-92.13975,2.6,124
3,2026-06-06T03:00,45.250088,-92.13975,5.6,105
4,2026-06-06T04:00,45.250088,-92.13975,4.5,119
5,2026-06-06T05:00,45.250088,-92.13975,6.5,186
6,2026-06-06T06:00,45.250088,-92.13975,3.2,243
7,2026-06-06T07:00,45.250088,-92.13975,2.2,279
8,2026-06-06T08:00,45.250088,-92.13975,4.4,235
9,2026-06-06T09:00,45.250088,-92.13975,8.1,225
10,2026-06-06T10:00,45.250088,-92.13975,7.9,270
11,2026-06-06T11:00,45.250088,-92.13975,8.8,289
12,2026-06-06T12:00,45.250088,-92.13975,9.2,312
13,2026-06-06T13:00,45.250088,-92.13975,11.8,333
14,2026-06-06T14:00,45.250088,-92.13975,9.6,326
15,2026-06-06T15:00,45.250088,-92.13975,12.9,337
16,2026-06-06T16:00,45.250088,-92.13975,14.0,342
17,2026-06-06T17:00,45.250088,-92.13975,13.8,345
18,2026-06-06T18:00,45.250088,-92.13975,14.5,354
19,2026-06-06T19:00,45.250088,-92.13975,13.0,355
20,2026-06-06T20:00,45.250088,-92.13975,11.2,2
21,2026-06-06T21:00,45.250088,-92.13975,10.1,27
22,2026-06-06T22:00,45.250088,-92.13975,7.7,49
23,2026-06-06T23:00,45.250088,-92.13975,10.1,63
24,2026-06-07T00:00,45.250088,-92.13975,11.0,67
25,2026-06-07T01:00,45.250088,-92.13975,9.4,67
26,2026-06-07T02:00,45.250088,-92.13975,9.2,64
27,2026-06-07T03:00,45.250088,-92.13975,10.9,82
28,2026-06-07T04:00,45.250088,-92.13975,12.0,99
29,2026-06-07T05:00,45.250088,-92.13975,10.9,98
30,2026-06-07T06:00,45.250088,-92.13975,13.7,104
31,2026-06-07T07:00,45.250088,-92.13975,13.1,99
32,2026-06-07T08:00,45.250088,-92.13975,13.6,102
33,2026-06-07T09:00,45.250088,-92.13975,13.3,103
34,2026-06-07T10:00,45.250088,-92.13975,12.8,106
35,2026-06-07T11:00,45.250088,-92.13975,12.4,107
36,2026-06-07T12:00,45.250088,-92.13975,15.5,115
37,2026-06-07T13:00,45.250088,-92.13975,15.1,130
38,2026-06-07T14:00,45.250088,-92.13975,15.6,130
39,2026-06-07T15:00,45.250088,-92.13975,15.8,125
40,2026-06-07T16:00,45.250088,-92.13975,17.1,129
41,2026-06-07T17:00,45.250088,-92.13975,18.4,132
42,2026-06-07T18:00,45.250088,-92.13975,17.7,129
43,2026-06-07T19:00,45.250088,-92.13975,19.2,130
44,2026-06-07T20:00,45.250088,-92.13975,19.4,149
45,2026-06-07T21:00,45.250088,-92.13975,18.3,144
46,2026-06-07T22:00,45.250088,-92.13975,18.3,135
47,2026-06-07T23:00,45.250088,-92.13975,18.3,133
0,2026-06-06T00:00,45.249718,-88.28474,4.2,211
1,2026-06-06T01:00,45.249718,-88.28474,18.0,344
2,2026-06-06T02:00,45.249718,-88.28474,13.9,37
3,2026-06-06T03:00,45.249718,-88.28474,6.2,306
4,2026-06-06T04:00,45.249718,-88.28474,9.8,278
5,2026-06-06T05:00,45.249718,-88.28474,7.8,283
6,2026-06-06T06:00,45.249718,-88.28474,5.8,274
7,2026-06-06T07:00,45.249718,-88.28474,2.5,172
8,2026-06-06T08:00,45.249718,-88.28474,6.0,237
9,2026-06-06T09:00,45.249718,-88.28474,6.8,245
10,2026-06-06T10:00,45.249718,-88.28474,6.6,261
11,2026-06-06T11:00,45.249718,-88.28474,5.1,274
12,2026-06-06T12:00,45.249718,-88.28474,8.5,298
13,2026-06-06T13:00,45.249718,-88.28474,10.5,311
14,2026-06-06T14:00,45.249718,-88.28474,8.5,306
15,2026-06-06T15:00,45.249718,-88.28474,10.7,318
16,2026-06-06T16:00,45.249718,-88.28474,13.0,318
17,2026-06-06T17:00,45.249718,-88.28474,13.6,320
18,2026-06-06T18:00,45.249718,-88.28474,12.9,330
19,2026-06-06T19:00,45.249718,-88.28474,11.3,333
20,2026-06-06T20:00,45.249718,-88.28474,10.0,339
21,2026-06-06T21:00,45.249718,-88.28474,9.5,351
22,2026-06-06T22:00,45.249718,-88.28474,9.1,353
23,2026-06-06T23:00,45.249718,-88.28474,8.3,5
24,2026-06-07T00:00,45.249718,-88.28474,10.4,76
25,2026-06-07T01:00,45.249718,-88.28474,12.1,107
26,2026-06-07T02:00,45.249718,-88.28474,11.9,92
27,2026-06-07T03:00,45.249718,-88.28474,8.6,90
28,2026-06-07T04:00,45.249718,-88.28474,7.9,90
29,2026-06-07T05:00,45.249718,-88.28474,6.5,84
30,2026-06-07T06:00,45.249718,-88.28474,4.4,81
31,2026-06-07T07:00,45.249718,-88.28474,4.0,90
32,2026-06-07T08:00,45.249718,-88.28474,3.0,104
33,2026-06-07T09:00,45.249718,-88.28474,4.7,58
34,2026-06-07T10:00,45.249718,-88.28474,3.9,56
35,2026-06-07T11:00,45.249718,-88.28474,7.3,70
36,2026-06-07T12:00,45.249718,-88.28474,7.6,90
37,2026-06-07T13:00,45.249718,-88.28474,8.3,92
38,2026-06-07T14:00,45.249718,-88.28474,7.9,90
39,2026-06-07T15:00,45.249718,-88.28474,9.0,92
40,2026-06-07T16:00,45.249718,-88.28474,9.3,106
41,2026-06-07T17:00,45.249718,-88.28474,10.4,104
42,2026-06-07T18:00,45.249718,-88.28474,11.6,116
43,2026-06-07T19:00,45.249718,-88.28474,12.7,119
44,2026-06-07T20:00,45.249718,-88.28474,13.4,117
45,2026-06-07T21:00,45.249718,-88.28474,14.3,102
46,2026-06-07T22:00,45.249718,-88.28474,13.9,111
47,2026-06-07T23:00,45.249718,-88.28474,12.1,117
0,2026-06-06T00:00,45.241837,-84.41499,10.6,242
1,2026-06-06T01:00,45.241837,-84.41499,5.2,236
2,2026-06-06T02:00,45.241837,-84.41499,3.4,288
3,2026-06-06T03:00,45.241837,-84.41499,4.3,222
4,2026-06-06T04:00,45.241837,-84.41499,7.4,157
5,2026-06-06T05:00,45.241837,-84.41499,7.2,177
6,2026-06-06T06:00,45.241837,-84.41499,5.2,245
7,2026-06-06T07:00,45.241837,-84.41499,1.0,225
8,2026-06-06T08:00,45.241837,-84.41499,6.9,332
9,2026-06-06T09:00,45.241837,-84.41499,10.8,296
10,2026-06-06T10:00,45.241837,-84.41499,13.6,310
11,2026-06-06T11:00,45.241837,-84.41499,13.3,289
12,2026-06-06T12:00,45.241837,-84.41499,14.1,285
13,2026-06-06T13:00,45.241837,-84.41499,13.8,279
14,2026-06-06T14:00,45.241837,-84.41499,17.8,277
15,2026-06-06T15:00,45.241837,-84.41499,18.0,273
16,2026-06-06T16:00,45.241837,-84.41499,19.1,282
17,2026-06-06T17:00,45.241837,-84.41499,19.5,293
18,2026-06-06T18:00,45.241837,-84.41499,18.5,297
19,2026-06-06T19:00,45.241837,-84.41499,17.9,298
20,2026-06-06T20:00,45.241837,-84.41499,19.2,304
21,2026-06-06T21:00,45.241837,-84.41499,18.5,307
22,2026-06-06T22:00,45.241837,-84.41499,18.3,306
23,2026-06-06T23:00,45.241837,-84.41499,16.6,311
24,2026-06-07T00:00,45.241837,-84.41499,15.3,304
25,2026-06-07T01:00,45.241837,-84.41499,11.8,308
26,2026-06-07T02:00,45.241837,-84.41499,10.2,309
27,2026-06-07T03:00,45.241837,-84.41499,9.1,304
28,2026-06-07T04:00,45.241837,-84.41499,8.3,288
29,2026-06-07T05:00,45.241837,-84.41499,7.0,282
30,2026-06-07T06:00,45.241837,-84.41499,6.8,288
31,2026-06-07T07:00,45.241837,-84.41499,6.3,301
32,2026-06-07T08:00,45.241837,-84.41499,5.7,305
33,2026-06-07T09:00,45.241837,-84.41499,5.4,318
34,2026-06-07T10:00,45.241837,-84.41499,5.3,298
35,2026-06-07T11:00,45.241837,-84.41499,5.6,345
36,2026-06-07T12:00,45.241837,-84.41499,5.1,352
37,2026-06-07T13:00,45.241837,-84.41499,4.6,18
38,2026-06-07T14:00,45.241837,-84.41499,7.2,18
39,2026-06-07T15:00,45.241837,-84.41499,9.2,26
40,2026-06-07T16:00,45.241837,-84.41499,8.2,15
41,2026-06-07T17:00,45.241837,-84.41499,7.0,12
42,2026-06-07T18:00,45.241837,-84.41499,9.2,26
43,2026-06-07T19:00,45.241837,-84.41499,10.1,35
44,2026-06-07T20:00,45.241837,-84.41499,9.4,40
45,2026-06-07T21:00,45.241837,-84.41499,10.2,48
46,2026-06-07T22:00,45.241837,-84.41499,10.6,66
47,2026-06-07T23:00,45.241837,-84.41499,10.0,75
0,2026-06-06T00:00,45.256123,-80.55558,19.4,180
1,2026-06-06T01:00,45.256123,-80.55558,16.7,194
2,2026-06-06T02:00,45.256123,-80.55558,22.1,192
3,2026-06-06T03:00,45.256123,-80.55558,13.3,180
4,2026-06-06T04:00,45.256123,-80.55558,18.0,151
5,2026-06-06T05:00,45.256123,-80.55558,14.5,157
6,2026-06-06T06:00,45.256123,-80.55558,11.9,166
7,2026-06-06T07:00,45.256123,-80.55558,12.0,196
8,2026-06-06T08:00,45.256123,-80.55558,14.6,189
9,2026-06-06T09:00,45.256123,-80.55558,10.2,198
10,2026-06-06T10:00,45.256123,-80.55558,10.0,210
11,2026-06-06T11:00,45.256123,-80.55558,10.9,207
12,2026-06-06T12:00,45.256123,-80.55558,2.9,150
13,2026-06-06T13:00,45.256123,-80.55558,8.6,180
14,2026-06-06T14:00,45.256123,-80.55558,3.3,131
15,2026-06-06T15:00,45.256123,-80.55558,15.4,286
16,2026-06-06T16:00,45.256123,-80.55558,23.5,310
17,2026-06-06T17:00,45.256123,-80.55558,27.9,297
18,2026-06-06T18:00,45.256123,-80.55558,24.1,290
19,2026-06-06T19:00,45.256123,-80.55558,27.8,266
20,2026-06-06T20:00,45.256123,-80.55558,34.9,262
21,2026-06-06T21:00,45.256123,-80.55558,37.6,265
22,2026-06-06T22:00,45.256123,-80.55558,32.6,264
23,2026-06-06T23:00,45.256123,-80.55558,34.7,266
24,2026-06-07T00:00,45.256123,-80.55558,24.4,283
25,2026-06-07T01:00,45.256123,-80.55558,21.8,286
26,2026-06-07T02:00,45.256123,-80.55558,18.0,290
27,2026-06-07T03:00,45.256123,-80.55558,17.6,293
28,2026-06-07T04:00,45.256123,-80.55558,20.7,309
29,2026-06-07T05:00,45.256123,-80.55558,21.5,346
30,2026-06-07T06:00,45.256123,-80.55558,17.9,332
31,2026-06-07T07:00,45.256123,-80.55558,19.7,332
32,2026-06-07T08:00,45.256123,-80.55558,20.2,325
33,2026-06-07T09:00,45.256123,-80.55558,19.4,329
34,2026-06-07T10:00,45.256123,-80.55558,21.6,327
35,2026-06-07T11:00,45.256123,-80.55558,23.7,332
36,2026-06-07T12:00,45.256123,-80.55558,24.2,335
37,2026-06-07T13:00,45.256123,-80.55558,21.3,338
38,2026-06-07T14:00,45.256123,-80.55558,16.1,336
39,2026-06-07T15:00,45.256123,-80.55558,19.3,339
40,2026-06-07T16:00,45.256123,-80.55558,16.0,316
41,2026-06-07T17:00,45.256123,-80.55558,13.7,315
42,2026-06-07T18:00,45.256123,-80.55558,14.3,288
43,2026-06-07T19:00,45.256123,-80.55558,15.3,278
44,2026-06-07T20:00,45.256123,-80.55558,17.0,275
45,2026-06-07T21:00,45.256123,-80.55558,15.9,273
46,2026-06-07T22:00,45.256123,-80.55558,13.7,270
47,2026-06-07T23:00,45.256123,-80.55558,10.4,284
0,2026-06-06T00:00,45.240883,-76.71276,11.6,173
1,2026-06-06T01:00,45.240883,-76.71276,13.7,178
2,2026-06-06T02:00,45.240883,-76.71276,3.0,166
3,2026-06-06T03:00,45.240883,-76.71276,7.7,169
4,2026-06-06T04:00,45.240883,-76.71276,7.3,147
5,2026-06-06T05:00,45.240883,-76.71276,10.8,180
6,2026-06-06T06:00,45.240883,-76.71276,7.9,164
7,2026-06-06T07:00,45.240883,-76.71276,9.0,157
8,2026-06-06T08:00,45.240883,-76.71276,8.6,195
9,2026-06-06T09:00,45.240883,-76.71276,13.1,159
10,2026-06-06T10:00,45.240883,-76.71276,12.3,185
11,2026-06-06T11:00,45.240883,-76.71276,19.3,207
12,2026-06-06T12:00,45.240883,-76.71276,19.3,201
13,2026-06-06T13:00,45.240883,-76.71276,21.7,191
14,2026-06-06T14:00,45.240883,-76.71276,16.6,193
15,2026-06-06T15:00,45.240883,-76.71276,14.1,193
16,2026-06-06T16:00,45.240883,-76.71276,15.3,188
17,2026-06-06T17:00,45.240883,-76.71276,12.5,192
18,2026-06-06T18:00,45.240883,-76.71276,14.1,193
19,2026-06-06T19:00,45.240883,-76.71276,11.6,254
20,2026-06-06T20:00,45.240883,-76.71276,11.3,248
21,2026-06-06T21:00,45.240883,-76.71276,12.5,282
22,2026-06-06T22:00,45.240883,-76.71276,17.4,252
23,2026-06-06T23:00,45.240883,-76.71276,21.4,290
24,2026-06-07T00:00,45.240883,-76.71276,19.9,283
25,2026-06-07T01:00,45.240883,-76.71276,23.3,292
26,2026-06-07T02:00,45.240883,-76.71276,13.4,290
27,2026-06-07T03:00,45.240883,-76.71276,12.1,287
28,2026-06-07T04:00,45.240883,-76.71276,13.8,303
29,2026-06-07T05:00,45.240883,-76.71276,15.5,298
30,2026-06-07T06:00,45.240883,-76.71276,16.3,298
31,2026-06-07T07:00,45.240883,-76.71276,15.8,294
32,2026-06-07T08:00,45.240883,-76.71276,15.2,292
33,2026-06-07T09:00,45.240883,-76.71276,16.0,293
34,2026-06-07T10:00,45.240883,-76.71276,16.6,292
35,2026-06-07T11:00,45.240883,-76.71276,15.9,298
36,2026-06-07T12:00,45.240883,-76.71276,16.9,308
37,2026-06-07T13:00,45.240883,-76.71276,17.6,311
38,2026-06-07T14:00,45.240883,-76.71276,17.1,312
39,2026-06-07T15:00,45.240883,-76.71276,17.6,314
40,2026-06-07T16:00,45.240883,-76.71276,17.8,315
41,2026-06-07T17:00,45.240883,-76.71276,18.1,319
42,2026-06-07T18:00,45.240883,-76.71276,17.6,319
43,2026-06-07T19:00,45.240883,-76.71276,16.8,318
44,2026-06-07T20:00,45.240883,-76.71276,16.1,320
45,2026-06-07T21:00,45.240883,-76.71276,16.0,324
46,2026-06-07T22:00,45.240883,-76.71276,12.8,320
47,2026-06-07T23:00,45.240883,-76.71276,13.2,317
0,2026-06-06T00:00,45.249046,-72.86482,5.6,117
1,2026-06-06T01:00,45.249046,-72.86482,7.1,120
2,2026-06-06T02:00,45.249046,-72.86482,6.8,122
3,2026-06-06T03:00,45.249046,-72.86482,5.4,143
4,2026-06-06T04:00,45.249046,-72.86482,8.5,144
5,2026-06-06T05:00,45.249046,-72.86482,8.9,148
6,2026-06-06T06:00,45.249046,-72.86482,8.6,158
7,2026-06-06T07:00,45.249046,-72.86482,10.5,158
8,2026-06-06T08:00,45.249046,-72.86482,20.5,178
9,2026-06-06T09:00,45.249046,-72.86482,15.6,203
10,2026-06-06T10:00,45.249046,-72.86482,10.9,186
11,2026-06-06T11:00,45.249046,-72.86482,9.4,180
12,2026-06-06T12:00,45.249046,-72.86482,6.1,177
13,2026-06-06T13:00,45.249046,-72.86482,9.7,165
14,2026-06-06T14:00,45.249046,-72.86482,11.5,166
15,2026-06-06T15:00,45.249046,-72.86482,16.1,146
16,2026-06-06T16:00,45.249046,-72.86482,19.6,166
17,2026-06-06T17:00,45.249046,-72.86482,17.8,166
18,2026-06-06T18:00,45.249046,-72.86482,14.4,143
19,2026-06-06T19:00,45.249046,-72.86482,7.4,151
20,2026-06-06T20:00,45.249046,-72.86482,17.7,168
21,2026-06-06T21:00,45.249046,-72.86482,20.1,171
22,2026-06-06T22:00,45.249046,-72.86482,17.0,197
23,2026-06-06T23:00,45.249046,-72.86482,10.1,207
24,2026-06-07T00:00,45.249046,-72.86482,10.7,168
25,2026-06-07T01:00,45.249046,-72.86482,16.2,180
26,2026-06-07T02:00,45.249046,-72.86482,20.7,220
27,2026-06-07T03:00,45.249046,-72.86482,13.4,194
28,2026-06-07T04:00,45.249046,-72.86482,10.0,195
29,2026-06-07T05:00,45.249046,-72.86482,13.6,197
30,2026-06-07T06:00,45.249046,-72.86482,16.1,220
31,2026-06-07T07:00,45.249046,-72.86482,16.9,243
32,2026-06-07T08:00,45.249046,-72.86482,22.6,262
33,2026-06-07T09:00,45.249046,-72.86482,26.0,260
34,2026-06-07T10:00,45.249046,-72.86482,26.8,258
35,2026-06-07T11:00,45.249046,-72.86482,25.9,256
36,2026-06-07T12:00,45.249046,-72.86482,26.6,257
37,2026-06-07T13:00,45.249046,-72.86482,25.3,259
38,2026-06-07T14:00,45.249046,-72.86482,23.5,264
39,2026-06-07T15:00,45.249046,-72.86482,22.4,264
40,2026-06-07T16:00,45.249046,-72.86482,20.9,268
41,2026-06-07T17:00,45.249046,-72.86482,21.1,287
42,2026-06-07T18:00,45.249046,-72.86482,11.9,299
43,2026-06-07T19:00,45.249046,-72.86482,18.4,348
44,2026-06-07T20:00,45.249046,-72.86482,21.5,351
45,2026-06-07T21:00,45.249046,-72.86482,24.1,3
46,2026-06-07T22:00,45.249046,-72.86482,26.0,17
47,2026-06-07T23:00,45.249046,-72.86482,25.5,23
0,2026-06-06T00:00,45.254284,-69.012535,5.1,86
1,2026-06-06T01:00,45.254284,-69.012535,4.3,138
2,2026-06-06T02:00,45.254284,-69.012535,5.0,150
3,2026-06-06T03:00,45.254284,-69.012535,1.5,76
4,2026-06-06T04:00,45.254284,-69.012535,6.4,142
5,2026-06-06T05:00,45.254284,-69.012535,4.4,125
6,2026-06-06T06:00,45.254284,-69.012535,5.3,152
7,2026-06-06T07:00,45.254284,-69.012535,3.2,180
8,2026-06-06T08:00,45.254284,-69.012535,3.1,126
9,2026-06-06T09:00,45.254284,-69.012535,4.0,80
10,2026-06-06T10:00,45.254284,-69.012535,1.8,79
11,2026-06-06T11:00,45.254284,-69.012535,3.4,122
12,2026-06-06T12:00,45.254284,-69.012535,5.0,120
13,2026-06-06T13:00,45.254284,-69.012535,6.9,141
14,2026-06-06T14:00,45.254284,-69.012535,10.2,170
15,2026-06-06T15:00,45.254284,-69.012535,12.6,180
16,2026-06-06T16:00,45.254284,-69.012535,11.9,175
17,2026-06-06T17:00,45.254284,-69.012535,13.8,173
18,2026-06-06T18:00,45.254284,-69.012535,13.0,177
19,2026-06-06T19:00,45.254284,-69.012535,11.6,158
20,2026-06-06T20:00,45.254284,-69.012535,13.6,143
21,2026-06-06T21:00,45.254284,-69.012535,16.0,149
22,2026-06-06T22:00,45.254284,-69.012535,9.2,116
23,2026-06-06T23:00,45.254284,-69.012535,9.8,114
24,2026-06-07T00:00,45.254284,-69.012535,7.0,111
25,2026-06-07T01:00,45.254284,-69.012535,7.0,125
26,2026-06-07T02:00,45.254284,-69.012535,9.2,149
27,2026-06-07T03:00,45.254284,-69.012535,8.4,133
28,2026-06-07T04:00,45.254284,-69.012535,9.3,144
29,2026-06-07T05:00,45.254284,-69.012535,6.2,111
30,2026-06-07T06:00,45.254284,-69.012535,8.0,126
31,2026-06-07T07:00,45.254284,-69.012535,6.8,122
32,2026-06-07T08:00,45.254284,-69.012535,5.2,146
33,2026-06-07T09:00,45.254284,-69.012535,5.2,124
34,2026-06-07T10:00,45.254284,-69.012535,4.5,104
35,2026-06-07T11:00,45.254284,-69.012535,5.4,82
36,2026-06-07T12:00,45.254284,-69.012535,6.3,77
37,2026-06-07T13:00,45.254284,-69.012535,3.2,63
38,2026-06-07T14:00,45.254284,-69.012535,5.4,42
39,2026-06-07T15:00,45.254284,-69.012535,4.5,29
40,2026-06-07T16:00,45.254284,-69.012535,4.9,17
41,2026-06-07T17:00,45.254284,-69.012535,8.2,15
42,2026-06-07T18:00,45.254284,-69.012535,11.5,356
43,2026-06-07T19:00,45.254284,-69.012535,12.6,360
44,2026-06-07T20:00,45.254284,-69.012535,15.3,19
45,2026-06-07T21:00,45.254284,-69.012535,17.0,4
46,2026-06-07T22:00,45.254284,-69.012535,18.7,360
47,2026-06-07T23:00,45.254284,-69.012535,19.4,360
0,2026-06-06T00:00,48.014458,-123.0343,13.4,346
1,2026-06-06T01:00,48.014458,-123.0343,10.2,350
2,2026-06-06T02:00,48.014458,-123.0343,10.7,327
3,2026-06-06T03:00,48.014458,-123.0343,8.9,333
4,2026-06-06T04:00,48.014458,-123.0343,5.9,14
5,2026-06-06T05:00,48.014458,-123.0343,2.7,113
6,2026-06-06T06:00,48.014458,-123.0343,5.2,16
7,2026-06-06T07:00,48.014458,-123.0343,3.3,319
8,2026-06-06T08:00,48.014458,-123.0343,5.2,214
9,2026-06-06T09:00,48.014458,-123.0343,6.1,3
10,2026-06-06T10:00,48.014458,-123.0343,5.4,42
11,2026-06-06T11:00,48.014458,-123.0343,5.8,173
12,2026-06-06T12:00,48.014458,-123.0343,7.6,183
13,2026-06-06T13:00,48.014458,-123.0343,7.0,201
14,2026-06-06T14:00,48.014458,-123.0343,1.8,259
15,2026-06-06T15:00,48.014458,-123.0343,5.2,34
16,2026-06-06T16:00,48.014458,-123.0343,9.6,20
17,2026-06-06T17:00,48.014458,-123.0343,11.3,22
18,2026-06-06T18:00,48.014458,-123.0343,8.3,90
19,2026-06-06T19:00,48.014458,-123.0343,7.4,43
20,2026-06-06T20:00,48.014458,-123.0343,2.6,326
21,2026-06-06T21:00,48.014458,-123.0343,9.1,173
22,2026-06-06T22:00,48.014458,-123.0343,9.0,29
23,2026-06-06T23:00,48.014458,-123.0343,10.9,354
24,2026-06-07T00:00,48.014458,-123.0343,12.8,350
25,2026-06-07T01:00,48.014458,-123.0343,11.9,335
26,2026-06-07T02:00,48.014458,-123.0343,10.4,326
27,2026-06-07T03:00,48.014458,-123.0343,7.4,313
28,2026-06-07T04:00,48.014458,-123.0343,2.9,263
29,2026-06-07T05:00,48.014458,-123.0343,2.6,74
30,2026-06-07T06:00,48.014458,-123.0343,5.9,169
31,2026-06-07T07:00,48.014458,-123.0343,5.1,172
32,2026-06-07T08:00,48.014458,-123.0343,6.0,163
33,2026-06-07T09:00,48.014458,-123.0343,5.4,176
34,2026-06-07T10:00,48.014458,-123.0343,7.3,169
35,2026-06-07T11:00,48.014458,-123.0343,8.8,199
36,2026-06-07T12:00,48.014458,-123.0343,9.0,196
37,2026-06-07T13:00,48.014458,-123.0343,9.1,187
38,2026-06-07T14:00,48.014458,-123.0343,8.3,162
39,2026-06-07T15:00,48.014458,-123.0343,7.2,127
40,2026-06-07T16:00,48.014458,-123.0343,8.7,97
41,2026-06-07T17:00,48.014458,-123.0343,8.0,98
42,2026-06-07T18:00,48.014458,-123.0343,11.2,123
43,2026-06-07T19:00,48.014458,-123.0343,11.9,346
44,2026-06-07T20:00,48.014458,-123.0343,12.2,336
45,2026-06-07T21:00,48.014458,-123.0343,7.0,348
46,2026-06-07T22:00,48.014458,-123.0343,7.7,28
47,2026-06-07T23:00,48.014458,-123.0343,10.2,51
0,2026-06-06T00:00,48.011562,-119.12946,31.3,255
1,2026-06-06T01:00,48.011562,-119.12946,26.0,267
2,2026-06-06T02:00,48.011562,-119.12946,24.6,264
3,2026-06-06T03:00,48.011562,-119.12946,23.7,261
4,2026-06-06T04:00,48.011562,-119.12946,21.3,265
5,2026-06-06T05:00,48.011562,-119.12946,17.5,284
6,2026-06-06T06:00,48.011562,-119.12946,13.5,295
7,2026-06-06T07:00,48.011562,-119.12946,11.8,297
8,2026-06-06T08:00,48.011562,-119.12946,12.2,294
9,2026-06-06T09:00,48.011562,-119.12946,9.7,270
10,2026-06-06T10:00,48.011562,-119.12946,9.7,270
11,2026-06-06T11:00,48.011562,-119.12946,11.3,263
12,2026-06-06T12:00,48.011562,-119.12946,11.9,267
13,2026-06-06T13:00,48.011562,-119.12946,11.3,253
14,2026-06-06T14:00,48.011562,-119.12946,13.7,243
15,2026-06-06T15:00,48.011562,-119.12946,16.1,260
16,2026-06-06T16:00,48.011562,-119.12946,19.1,258
17,2026-06-06T17:00,48.011562,-119.12946,19.7,246
18,2026-06-06T18:00,48.011562,-119.12946,21.9,256
19,2026-06-06T19:00,48.011562,-119.12946,28.1,254
20,2026-06-06T20:00,48.011562,-119.12946,30.8,249
21,2026-06-06T21:00,48.011562,-119.12946,34.0,246
22,2026-06-06T22:00,48.011562,-119.12946,22.3,280
23,2026-06-06T23:00,48.011562,-119.12946,27.1,266
24,2026-06-07T00:00,48.011562,-119.12946,26.3,320
25,2026-06-07T01:00,48.011562,-119.12946,18.8,290
26,2026-06-07T02:00,48.011562,-119.12946,20.6,275
27,2026-06-07T03:00,48.011562,-119.12946,22.3,269
28,2026-06-07T04:00,48.011562,-119.12946,21.0,301
29,2026-06-07T05:00,48.011562,-119.12946,10.0,283
30,2026-06-07T06:00,48.011562,-119.12946,15.7,302
31,2026-06-07T07:00,48.011562,-119.12946,15.1,310
32,2026-06-07T08:00,48.011562,-119.12946,15.3,297
33,2026-06-07T09:00,48.011562,-119.12946,14.6,286
34,2026-06-07T10:00,48.011562,-119.12946,14.0,293
35,2026-06-07T11:00,48.011562,-119.12946,13.4,275
36,2026-06-07T12:00,48.011562,-119.12946,14.0,271
37,2026-06-07T13:00,48.011562,-119.12946,13.7,268
38,2026-06-07T14:00,48.011562,-119.12946,15.1,270
39,2026-06-07T15:00,48.011562,-119.12946,15.3,279
40,2026-06-07T16:00,48.011562,-119.12946,15.6,293
41,2026-06-07T17:00,48.011562,-119.12946,13.0,289
42,2026-06-07T18:00,48.011562,-119.12946,12.4,278
43,2026-06-07T19:00,48.011562,-119.12946,15.3,261
44,2026-06-07T20:00,48.011562,-119.12946,16.7,237
45,2026-06-07T21:00,48.011562,-119.12946,20.8,208
46,2026-06-07T22:00,48.011562,-119.12946,27.6,195
47,2026-06-07T23:00,48.011562,-119.12946,28.3,206
0,2026-06-06T00:00,47.997242,-115.30144,18.4,264
1,2026-06-06T01:00,47.997242,-115.30144,16.2,271
2,2026-06-06T02:00,47.997242,-115.30144,15.6,278
3,2026-06-06T03:00,47.997242,-115.30144,7.7,259
4,2026-06-06T04:00,47.997242,-115.30144,8.8,189
5,2026-06-06T05:00,47.997242,-115.30144,10.5,184
6,2026-06-06T06:00,47.997242,-115.30144,10.1,180
7,2026-06-06T07:00,47.997242,-115.30144,10.4,178
8,2026-06-06T08:00,47.997242,-115.30144,9.4,182
9,2026-06-06T09:00,47.997242,-115.30144,10.2,188
10,2026-06-06T10:00,47.997242,-115.30144,9.0,196
11,2026-06-06T11:00,47.997242,-115.30144,6.6,209
12,2026-06-06T12:00,47.997242,-115.30144,7.2,198
13,2026-06-06T13:00,47.997242,-115.30144,6.3,211
14,2026-06-06T14:00,47.997242,-115.30144,4.1,232
15,2026-06-06T15:00,47.997242,-115.30144,10.0,255
16,2026-06-06T16:00,47.997242,-115.30144,15.0,259
17,2026-06-06T17:00,47.997242,-115.30144,14.9,262
18,2026-06-06T18:00,47.997242,-115.30144,17.3,270
19,2026-06-06T19:00,47.997242,-115.30144,19.5,266
20,2026-06-06T20:00,47.997242,-115.30144,20.7,263
21,2026-06-06T21:00,47.997242,-115.30144,21.7,259
22,2026-06-06T22:00,47.997242,-115.30144,15.5,245
23,2026-06-06T23:00,47.997242,-115.30144,18.1,247
24,2026-06-07T00:00,47.997242,-115.30144,17.1,242
25,2026-06-07T01:00,47.997242,-115.30144,18.9,256
26,2026-06-07T02:00,47.997242,-115.30144,18.6,255
27,2026-06-07T03:00,47.997242,-115.30144,15.1,271
28,2026-06-07T04:00,47.997242,-115.30144,14.6,260
29,2026-06-07T05:00,47.997242,-115.30144,6.2,170
30,2026-06-07T06:00,47.997242,-115.30144,1.1,72
31,2026-06-07T07:00,47.997242,-115.30144,7.1,240
32,2026-06-07T08:00,47.997242,-115.30144,9.7,195
33,2026-06-07T09:00,47.997242,-115.30144,11.0,203
34,2026-06-07T10:00,47.997242,-115.30144,9.7,202
35,2026-06-07T11:00,47.997242,-115.30144,11.3,207
36,2026-06-07T12:00,47.997242,-115.30144,19.5,231
37,2026-06-07T13:00,47.997242,-115.30144,13.6,238
38,2026-06-07T14:00,47.997242,-115.30144,15.6,251
39,2026-06-07T15:00,47.997242,-115.30144,17.4,257
40,2026-06-07T16:00,47.997242,-115.30144,18.8,265
41,2026-06-07T17:00,47.997242,-115.30144,21.0,254
42,2026-06-07T18:00,47.997242,-115.30144,21.9,261
43,2026-06-07T19:00,47.997242,-115.30144,22.6,262
44,2026-06-07T20:00,47.997242,-115.30144,23.2,263
45,2026-06-07T21:00,47.997242,-115.30144,23.3,262
46,2026-06-07T22:00,47.997242,-115.30144,21.4,262
47,2026-06-07T23:00,47.997242,-115.30144,19.2,262
0,2026-06-06T00:00,47.98973,-111.4273,28.9,256
1,2026-06-06T01:00,47.98973,-111.4273,20.5,288
2,2026-06-06T02:00,47.98973,-111.4273,12.2,346
3,2026-06-06T03:00,47.98973,-111.4273,1.8,323
4,2026-06-06T04:00,47.98973,-111.4273,17.8,312
5,2026-06-06T05:00,47.98973,-111.4273,17.6,316
6,2026-06-06T06:00,47.98973,-111.4273,17.4,347
7,2026-06-06T07:00,47.98973,-111.4273,10.1,17
8,2026-06-06T08:00,47.98973,-111.4273,9.6,20
9,2026-06-06T09:00,47.98973,-111.4273,11.5,20
10,2026-06-06T10:00,47.98973,-111.4273,5.8,30
11,2026-06-06T11:00,47.98973,-111.4273,6.8,360
12,2026-06-06T12:00,47.98973,-111.4273,10.5,41
13,2026-06-06T13:00,47.98973,-111.4273,11.3,63
14,2026-06-06T14:00,47.98973,-111.4273,14.4,87
15,2026-06-06T15:00,47.98973,-111.4273,15.0,79
16,2026-06-06T16:00,47.98973,-111.4273,15.1,78
17,2026-06-06T17:00,47.98973,-111.4273,14.0,72
18,2026-06-06T18:00,47.98973,-111.4273,16.9,79
19,2026-06-06T19:00,47.98973,-111.4273,17.0,84
20,2026-06-06T20:00,47.98973,-111.4273,14.5,83
21,2026-06-06T21:00,47.98973,-111.4273,11.4,77
22,2026-06-06T22:00,47.98973,-111.4273,6.1,360
23,2026-06-06T23:00,47.98973,-111.4273,6.4,297
24,2026-06-07T00:00,47.98973,-111.4273,27.5,316
25,2026-06-07T01:00,47.98973,-111.4273,24.7,314
26,2026-06-07T02:00,47.98973,-111.4273,29.0,325
27,2026-06-07T03:00,47.98973,-111.4273,22.7,337
28,2026-06-07T04:00,47.98973,-111.4273,33.0,331
29,2026-06-07T05:00,47.98973,-111.4273,27.9,333
30,2026-06-07T06:00,47.98973,-111.4273,22.5,333
31,2026-06-07T07:00,47.98973,-111.4273,18.6,338
32,2026-06-07T08:00,47.98973,-111.4273,17.3,337
33,2026-06-07T09:00,47.98973,-111.4273,17.1,332
34,2026-06-07T10:00,47.98973,-111.4273,13.6,323
35,2026-06-07T11:00,47.98973,-111.4273,9.8,287
36,2026-06-07T12:00,47.98973,-111.4273,4.3,270
37,2026-06-07T13:00,47.98973,-111.4273,12.4,262
38,2026-06-07T14:00,47.98973,-111.4273,20.0,277
39,2026-06-07T15:00,47.98973,-111.4273,23.7,256
40,2026-06-07T16:00,47.98973,-111.4273,25.4,252
41,2026-06-07T17:00,47.98973,-111.4273,28.1,261
42,2026-06-07T18:00,47.98973,-111.4273,32.8,269
43,2026-06-07T19:00,47.98973,-111.4273,36.0,269
44,2026-06-07T20:00,47.98973,-111.4273,33.8,269
45,2026-06-07T21:00,47.98973,-111.4273,36.1,275
46,2026-06-07T22:00,47.98973,-111.4273,29.2,268
47,2026-06-07T23:00,47.98973,-111.4273,33.1,272
0,2026-06-06T00:00,48.00536,-107.58263,1.1,270
1,2026-06-06T01:00,48.00536,-107.58263,3.5,156
2,2026-06-06T02:00,48.00536,-107.58263,9.0,106
3,2026-06-06T03:00,48.00536,-107.58263,13.1,111
4,2026-06-06T04:00,48.00536,-107.58263,13.6,112
5,2026-06-06T05:00,48.00536,-107.58263,15.0,101
6,2026-06-06T06:00,48.00536,-107.58263,12.2,124
7,2026-06-06T07:00,48.00536,-107.58263,11.3,353
8,2026-06-06T08:00,48.00536,-107.58263,9.0,23
9,2026-06-06T09:00,48.00536,-107.58263,9.4,47
10,2026-06-06T10:00,48.00536,-107.58263,10.5,31
11,2026-06-06T11:00,48.00536,-107.58263,12.0,7
12,2026-06-06T12:00,48.00536,-107.58263,7.4,29
13,2026-06-06T13:00,48.00536,-107.58263,7.6,8
14,2026-06-06T14:00,48.00536,-107.58263,18.3,15
15,2026-06-06T15:00,48.00536,-107.58263,17.2,26
16,2026-06-06T16:00,48.00536,-107.58263,17.4,22
17,2026-06-06T17:00,48.00536,-107.58263,18.4,35
18,2026-06-06T18:00,48.00536,-107.58263,18.1,35
19,2026-06-06T19:00,48.00536,-107.58263,14.4,13
20,2026-06-06T20:00,48.00536,-107.58263,7.9,47
21,2026-06-06T21:00,48.00536,-107.58263,10.6,342
22,2026-06-06T22:00,48.00536,-107.58263,7.8,326
23,2026-06-06T23:00,48.00536,-107.58263,12.6,347
24,2026-06-07T00:00,48.00536,-107.58263,12.2,332
25,2026-06-07T01:00,48.00536,-107.58263,17.2,349
26,2026-06-07T02:00,48.00536,-107.58263,6.6,315
27,2026-06-07T03:00,48.00536,-107.58263,12.9,27
28,2026-06-07T04:00,48.00536,-107.58263,12.2,341
29,2026-06-07T05:00,48.00536,-107.58263,26.9,352
30,2026-06-07T06:00,48.00536,-107.58263,14.3,12
31,2026-06-07T07:00,48.00536,-107.58263,19.9,315
32,2026-06-07T08:00,48.00536,-107.58263,22.7,327
33,2026-06-07T09:00,48.00536,-107.58263,17.8,324
34,2026-06-07T10:00,48.00536,-107.58263,22.2,324
35,2026-06-07T11:00,48.00536,-107.58263,20.6,335
36,2026-06-07T12:00,48.00536,-107.58263,24.3,335
37,2026-06-07T13:00,48.00536,-107.58263,24.7,331
38,2026-06-07T14:00,48.00536,-107.58263,31.1,323
39,2026-06-07T15:00,48.00536,-107.58263,23.2,330
40,2026-06-07T16:00,48.00536,-107.58263,28.2,322
41,2026-06-07T17:00,48.00536,-107.58263,32.3,315
42,2026-06-07T18:00,48.00536,-107.58263,26.4,309
43,2026-06-07T19:00,48.00536,-107.58263,23.7,303
44,2026-06-07T20:00,48.00536,-107.58263,19.7,291
45,2026-06-07T21:00,48.00536,-107.58263,21.4,277
46,2026-06-07T22:00,48.00536,-107.58263,29.2,280
47,2026-06-07T23:00,48.00536,-107.58263,20.7,262
0,2026-06-06T00:00,47.99499,-103.71114,16.1,254
1,2026-06-06T01:00,47.99499,-103.71114,12.2,242
2,2026-06-06T02:00,47.99499,-103.71114,3.1,201
3,2026-06-06T03:00,47.99499,-103.71114,5.7,145
4,2026-06-06T04:00,47.99499,-103.71114,8.4,130
5,2026-06-06T05:00,47.99499,-103.71114,13.4,144
6,2026-06-06T06:00,47.99499,-103.71114,17.4,142
7,2026-06-06T07:00,47.99499,-103.71114,18.7,150
8,2026-06-06T08:00,47.99499,-103.71114,20.9,159
9,2026-06-06T09:00,47.99499,-103.71114,21.9,147
10,2026-06-06T10:00,47.99499,-103.71114,14.7,121
11,2026-06-06T11:00,47.99499,-103.71114,13.9,107
12,2026-06-06T12:00,47.99499,-103.71114,9.8,84
13,2026-06-06T13:00,47.99499,-103.71114,15.9,115
14,2026-06-06T14:00,47.99499,-103.71114,21.9,139
15,2026-06-06T15:00,47.99499,-103.71114,23.7,138
16,2026-06-06T16:00,47.99499,-103.71114,25.7,143
17,2026-06-06T17:00,47.99499,-103.71114,26.9,145
18,2026-06-06T18:00,47.99499,-103.71114,28.2,157
19,2026-06-06T19:00,47.99499,-103.71114,29.6,170
20,2026-06-06T20:00,47.99499,-103.71114,31.0,183
21,2026-06-06T21:00,47.99499,-103.71114,30.5,188
22,2026-06-06T22:00,47.99499,-103.71114,29.4,187
23,2026-06-06T23:00,47.99499,-103.71114,26.4,185
24,2026-06-07T00:00,47.99499,-103.71114,24.9,176
25,2026-06-07T01:00,47.99499,-103.71114,23.6,161
26,2026-06-07T02:00,47.99499,-103.71114,32.8,159
27,2026-06-07T03:00,47.99499,-103.71114,30.8,173
28,2026-06-07T04:00,47.99499,-103.71114,27.4,52
29,2026-06-07T05:00,47.99499,-103.71114,27.7,122
30,2026-06-07T06:00,47.99499,-103.71114,19.5,2
31,2026-06-07T07:00,47.99499,-103.71114,20.1,47
32,2026-06-07T08:00,47.99499,-103.71114,15.0,73
33,2026-06-07T09:00,47.99499,-103.71114,19.6,97
34,2026-06-07T10:00,47.99499,-103.71114,13.2,11
35,2026-06-07T11:00,47.99499,-103.71114,3.4,32
36,2026-06-07T12:00,47.99499,-103.71114,24.9,290
37,2026-06-07T13:00,47.99499,-103.71114,13.3,347
38,2026-06-07T14:00,47.99499,-103.71114,11.3,333
39,2026-06-07T15:00,47.99499,-103.71114,18.0,299
40,2026-06-07T16:00,47.99499,-103.71114,30.6,302
41,2026-06-07T17:00,47.99499,-103.71114,33.6,316
42,2026-06-07T18:00,47.99499,-103.71114,39.0,319
43,2026-06-07T19:00,47.99499,-103.71114,35.7,326
44,2026-06-07T20:00,47.99499,-103.71114,34.3,327
45,2026-06-07T21:00,47.99499,-103.71114,30.5,331
46,2026-06-07T22:00,47.99499,-103.71114,27.4,332
47,2026-06-07T23:00,47.99499,-103.71114,33.1,315
0,2026-06-06T00:00,48.008705,-99.85285,8.9,130
1,2026-06-06T01:00,48.008705,-99.85285,15.1,123
2,2026-06-06T02:00,48.008705,-99.85285,18.1,125
3,2026-06-06T03:00,48.008705,-99.85285,15.0,134
4,2026-06-06T04:00,48.008705,-99.85285,14.6,147
5,2026-06-06T05:00,48.008705,-99.85285,11.4,152
6,2026-06-06T06:00,48.008705,-99.85285,10.2,157
7,2026-06-06T07:00,48.008705,-99.85285,9.7,153
8,2026-06-06T08:00,48.008705,-99.85285,8.2,151
9,2026-06-06T09:00,48.008705,-99.85285,7.4,151
10,2026-06-06T10:00,48.008705,-99.85285,6.4,153
11,2026-06-06T11:00,48.008705,-99.85285,6.6,151
12,2026-06-06T12:00,48.008705,-99.85285,5.0,150
13,2026-06-06T13:00,48.008705,-99.85285,15.7,191
14,2026-06-06T14:00,48.008705,-99.85285,19.1,191
15,2026-06-06T15:00,48.008705,-99.85285,17.7,186
16,2026-06-06T16:00,48.008705,-99.85285,19.5,175
17,2026-06-06T17:00,48.008705,-99.85285,22.5,167
18,2026-06-06T18:00,48.008705,-99.85285,26.5,165
19,2026-06-06T19:00,48.008705,-99.85285,28.4,165
20,2026-06-06T20:00,48.008705,-99.85285,29.7,159
21,2026-06-06T21:00,48.008705,-99.85285,31.0,160
22,2026-06-06T22:00,48.008705,-99.85285,32.4,161
23,2026-06-06T23:00,48.008705,-99.85285,32.4,163
24,2026-06-07T00:00,48.008705,-99.85285,32.0,163
25,2026-06-07T01:00,48.008705,-99.85285,28.3,162
26,2026-06-07T02:00,48.008705,-99.85285,25.2,161
27,2026-06-07T03:00,48.008705,-99.85285,24.7,149
28,2026-06-07T04:00,48.008705,-99.85285,29.7,151
29,2026-06-07T05:00,48.008705,-99.85285,22.1,156
30,2026-06-07T06:00,48.008705,-99.85285,26.7,145
31,2026-06-07T07:00,48.008705,-99.85285,23.4,146
32,2026-06-07T08:00,48.008705,-99.85285,24.8,144
33,2026-06-07T09:00,48.008705,-99.85285,23.8,141
34,2026-06-07T10:00,48.008705,-99.85285,28.3,140
35,2026-06-07T11:00,48.008705,-99.85285,22.5,158
36,2026-06-07T12:00,48.008705,-99.85285,24.3,153
37,2026-06-07T13:00,48.008705,-99.85285,13.2,151
38,2026-06-07T14:00,48.008705,-99.85285,26.3,158
39,2026-06-07T15:00,48.008705,-99.85285,29.6,154
40,2026-06-07T16:00,48.008705,-99.85285,34.8,153
41,2026-06-07T17:00,48.008705,-99.85285,36.9,159
42,2026-06-07T18:00,48.008705,-99.85285,38.7,162
43,2026-06-07T19:00,48.008705,-99.85285,37.7,173
44,2026-06-07T20:00,48.008705,-99.85285,35.7,184
45,2026-06-07T21:00,48.008705,-99.85285,33.6,184
46,2026-06-07T22:00,48.008705,-99.85285,33.9,178
47,2026-06-07T23:00,48.008705,-99.85285,34.4,175
0,2026-06-06T00:00,47.994034,-95.99767,15.5,324
1,2026-06-06T01:00,47.994034,-95.99767,11.7,326
2,2026-06-06T02:00,47.994034,-95.99767,4.9,343
3,2026-06-06T03:00,47.994034,-95.99767,1.8,53
4,2026-06-06T04:00,47.994034,-95.99767,6.6,49
5,2026-06-06T05:00,47.994034,-95.99767,6.4,63
6,2026-06-06T06:00,47.994034,-95.99767,8.2,61
7,2026-06-06T07:00,47.994034,-95.99767,8.8,81
8,2026-06-06T08:00,47.994034,-95.99767,7.9,90
9,2026-06-06T09:00,47.994034,-95.99767,8.8,109
10,2026-06-06T10:00,47.994034,-95.99767,7.4,119
11,2026-06-06T11:00,47.994034,-95.99767,8.1,135
12,2026-06-06T12:00,47.994034,-95.99767,8.1,148
13,2026-06-06T13:00,47.994034,-95.99767,12.8,164
14,2026-06-06T14:00,47.994034,-95.99767,13.0,182
15,2026-06-06T15:00,47.994034,-95.99767,11.6,202
16,2026-06-06T16:00,47.994034,-95.99767,13.9,217
17,2026-06-06T17:00,47.994034,-95.99767,14.0,222
18,2026-06-06T18:00,47.994034,-95.99767,13.7,215
19,2026-06-06T19:00,47.994034,-95.99767,13.3,218
20,2026-06-06T20:00,47.994034,-95.99767,10.9,207
21,2026-06-06T21:00,47.994034,-95.99767,11.2,184
22,2026-06-06T22:00,47.994034,-95.99767,12.6,177
23,2026-06-06T23:00,47.994034,-95.99767,12.7,172
24,2026-06-07T00:00,47.994034,-95.99767,13.9,149
25,2026-06-07T01:00,47.994034,-95.99767,8.7,138
26,2026-06-07T02:00,47.994034,-95.99767,10.7,123
27,2026-06-07T03:00,47.994034,-95.99767,14.3,124
28,2026-06-07T04:00,47.994034,-95.99767,16.0,144
29,2026-06-07T05:00,47.994034,-95.99767,14.4,158
30,2026-06-07T06:00,47.994034,-95.99767,14.2,153
31,2026-06-07T07:00,47.994034,-95.99767,14.3,155
32,2026-06-07T08:00,47.994034,-95.99767,14.0,151
33,2026-06-07T09:00,47.994034,-95.99767,15.5,149
34,2026-06-07T10:00,47.994034,-95.99767,18.9,149
35,2026-06-07T11:00,47.994034,-95.99767,19.3,143
36,2026-06-07T12:00,47.994034,-95.99767,16.5,148
37,2026-06-07T13:00,47.994034,-95.99767,22.3,149
38,2026-06-07T14:00,47.994034,-95.99767,24.6,155
39,2026-06-07T15:00,47.994034,-95.99767,26.3,157
40,2026-06-07T16:00,47.994034,-95.99767,29.5,156
41,2026-06-07T17:00,47.994034,-95.99767,31.3,161
42,2026-06-07T18:00,47.994034,-95.99767,31.5,164
43,2026-06-07T19:00,47.994034,-95.99767,31.8,170
44,2026-06-07T20:00,47.994034,-95.99767,31.3,168
45,2026-06-07T21:00,47.994034,-95.99767,30.4,169
46,2026-06-07T22:00,47.994034,-95.99767,28.9,169
47,2026-06-07T23:00,47.994034,-95.99767,25.9,166
0,2026-06-06T00:00,48.004185,-92.13953,13.2,315
1,2026-06-06T01:00,48.004185,-92.13953,10.4,340
2,2026-06-06T02:00,48.004185,-92.13953,4.4,325
3,2026-06-06T03:00,48.004185,-92.13953,4.9,324
4,2026-06-06T04:00,48.004185,-92.13953,6.3,294
5,2026-06-06T05:00,48.004185,-92.13953,6.0,295
6,2026-06-06T06:00,48.004185,-92.13953,7.0,282
7,2026-06-06T07:00,48.004185,-92.13953,7.1,285
8,2026-06-06T08:00,48.004185,-92.13953,6.5,267
9,2026-06-06T09:00,48.004185,-92.13953,6.9,261
10,2026-06-06T10:00,48.004185,-92.13953,4.9,253
11,2026-06-06T11:00,48.004185,-92.13953,6.1,273
12,2026-06-06T12:00,48.004185,-92.13953,3.7,299
13,2026-06-06T13:00,48.004185,-92.13953,5.0,291
14,2026-06-06T14:00,48.004185,-92.13953,6.4,286
15,2026-06-06T15:00,48.004185,-92.13953,8.6,303
16,2026-06-06T16:00,48.004185,-92.13953,10.9,316
17,2026-06-06T17:00,48.004185,-92.13953,11.7,326
18,2026-06-06T18:00,48.004185,-92.13953,13.1,328
19,2026-06-06T19:00,48.004185,-92.13953,14.3,335
20,2026-06-06T20:00,48.004185,-92.13953,12.4,343
21,2026-06-06T21:00,48.004185,-92.13953,8.7,355
22,2026-06-06T22:00,48.004185,-92.13953,7.9,357
23,2026-06-06T23:00,48.004185,-92.13953,6.1,360
24,2026-06-07T00:00,48.004185,-92.13953,4.1,15
25,2026-06-07T01:00,48.004185,-92.13953,5.1,98
26,2026-06-07T02:00,48.004185,-92.13953,7.2,108
27,2026-06-07T03:00,48.004185,-92.13953,7.6,121
28,2026-06-07T04:00,48.004185,-92.13953,8.4,133
29,2026-06-07T05:00,48.004185,-92.13953,10.4,166
30,2026-06-07T06:00,48.004185,-92.13953,9.3,164
31,2026-06-07T07:00,48.004185,-92.13953,9.4,157
32,2026-06-07T08:00,48.004185,-92.13953,10.1,163
33,2026-06-07T09:00,48.004185,-92.13953,9.2,154
34,2026-06-07T10:00,48.004185,-92.13953,10.5,149
35,2026-06-07T11:00,48.004185,-92.13953,10.5,142
36,2026-06-07T12:00,48.004185,-92.13953,12.6,153
37,2026-06-07T13:00,48.004185,-92.13953,14.0,154
38,2026-06-07T14:00,48.004185,-92.13953,14.0,151
39,2026-06-07T15:00,48.004185,-92.13953,14.7,155
40,2026-06-07T16:00,48.004185,-92.13953,15.8,153
41,2026-06-07T17:00,48.004185,-92.13953,17.6,149
42,2026-06-07T18:00,48.004185,-92.13953,18.2,150
43,2026-06-07T19:00,48.004185,-92.13953,18.3,148
44,2026-06-07T20:00,48.004185,-92.13953,17.9,146
45,2026-06-07T21:00,48.004185,-92.13953,18.3,144
46,2026-06-07T22:00,48.004185,-92.13953,18.0,143
47,2026-06-07T23:00,48.004185,-92.13953,18.4,141
0,2026-06-06T00:00,48.012024,-88.271,18.2,205
1,2026-06-06T01:00,48.012024,-88.271,8.0,333
2,2026-06-06T02:00,48.012024,-88.271,12.6,183
3,2026-06-06T03:00,48.012024,-88.271,3.1,201
4,2026-06-06T04:00,48.012024,-88.271,10.5,229
5,2026-06-06T05:00,48.012024,-88.271,14.1,328
6,2026-06-06T06:00,48.012024,-88.271,6.2,353
7,2026-06-06T07:00,48.012024,-88.271,14.3,350
8,2026-06-06T08:00,48.012024,-88.271,17.1,330
9,2026-06-06T09:00,48.012024,-88.271,14.8,309
10,2026-06-06T10:00,48.012024,-88.271,17.7,308
11,2026-06-06T11:00,48.012024,-88.271,14.3,311
12,2026-06-06T12:00,48.012024,-88.271,7.4,247
13,2026-06-06T13:00,48.012024,-88.271,11.1,245
14,2026-06-06T14:00,48.012024,-88.271,17.2,250
15,2026-06-06T15:00,48.012024,-88.271,15.5,265
16,2026-06-06T16:00,48.012024,-88.271,14.8,269
17,2026-06-06T17:00,48.012024,-88.271,12.1,260
18,2026-06-06T18:00,48.012024,-88.271,8.1,257
19,2026-06-06T19:00,48.012024,-88.271,8.9,220
20,2026-06-06T20:00,48.012024,-88.271,13.7,207
21,2026-06-06T21:00,48.012024,-88.271,16.6,231
22,2026-06-06T22:00,48.012024,-88.271,14.5,240
23,2026-06-06T23:00,48.012024,-88.271,20.2,239
24,2026-06-07T00:00,48.012024,-88.271,12.9,240
25,2026-06-07T01:00,48.012024,-88.271,10.6,242
26,2026-06-07T02:00,48.012024,-88.271,11.8,230
27,2026-06-07T03:00,48.012024,-88.271,9.7,248
28,2026-06-07T04:00,48.012024,-88.271,8.9,256
29,2026-06-07T05:00,48.012024,-88.271,5.2,245
30,2026-06-07T06:00,48.012024,-88.271,4.7,212
31,2026-06-07T07:00,48.012024,-88.271,3.6,143
32,2026-06-07T08:00,48.012024,-88.271,11.2,96
33,2026-06-07T09:00,48.012024,-88.271,12.6,114
34,2026-06-07T10:00,48.012024,-88.271,9.2,111
35,2026-06-07T11:00,48.012024,-88.271,8.0,100
36,2026-06-07T12:00,48.012024,-88.271,11.6,106
37,2026-06-07T13:00,48.012024,-88.271,15.5,115
38,2026-06-07T14:00,48.012024,-88.271,14.2,114
39,2026-06-07T15:00,48.012024,-88.271,10.1,90
40,2026-06-07T16:00,48.012024,-88.271,13.0,90
41,2026-06-07T17:00,48.012024,-88.271,14.0,102
42,2026-06-07T18:00,48.012024,-88.271,16.0,99
43,2026-06-07T19:00,48.012024,-88.271,16.2,103
44,2026-06-07T20:00,48.012024,-88.271,14.2,99
45,2026-06-07T21:00,48.012024,-88.271,13.8,81
46,2026-06-07T22:00,48.012024,-88.271,18.9,82
47,2026-06-07T23:00,48.012024,-88.271,16.6,89
0,2026-06-06T00:00,47.99391,-84.43075,10.2,247
1,2026-06-06T01:00,47.99391,-84.43075,7.0,258
2,2026-06-06T02:00,47.99391,-84.43075,7.6,265
3,2026-06-06T03:00,47.99391,-84.43075,9.3,234
4,2026-06-06T04:00,47.99391,-84.43075,5.4,250
5,2026-06-06T05:00,47.99391,-84.43075,3.0,256
6,2026-06-06T06:00,47.99391,-84.43075,0.8,117
7,2026-06-06T07:00,47.99391,-84.43075,4.2,329
8,2026-06-06T08:00,47.99391,-84.43075,2.1,239
9,2026-06-06T09:00,47.99391,-84.43075,4.1,285
10,2026-06-06T10:00,47.99391,-84.43075,9.3,306
11,2026-06-06T11:00,47.99391,-84.43075,7.1,315
12,2026-06-06T12:00,47.99391,-84.43075,6.6,351
13,2026-06-06T13:00,47.99391,-84.43075,9.0,355
14,2026-06-06T14:00,47.99391,-84.43075,8.7,353
15,2026-06-06T15:00,47.99391,-84.43075,10.6,336
16,2026-06-06T16:00,47.99391,-84.43075,10.3,324
17,2026-06-06T17:00,47.99391,-84.43075,14.8,321
18,2026-06-06T18:00,47.99391,-84.43075,15.6,326
19,2026-06-06T19:00,47.99391,-84.43075,14.6,327
20,2026-06-06T20:00,47.99391,-84.43075,14.8,331
21,2026-06-06T21:00,47.99391,-84.43075,15.2,338
22,2026-06-06T22:00,47.99391,-84.43075,16.7,335
23,2026-06-06T23:00,47.99391,-84.43075,13.9,335
24,2026-06-07T00:00,47.99391,-84.43075,10.9,343
25,2026-06-07T01:00,47.99391,-84.43075,6.2,339
26,2026-06-07T02:00,47.99391,-84.43075,8.0,342
27,2026-06-07T03:00,47.99391,-84.43075,4.4,351
28,2026-06-07T04:00,47.99391,-84.43075,2.9,30
29,2026-06-07T05:00,47.99391,-84.43075,4.7,270
30,2026-06-07T06:00,47.99391,-84.43075,2.0,225
31,2026-06-07T07:00,47.99391,-84.43075,6.6,221
32,2026-06-07T08:00,47.99391,-84.43075,6.1,230
33,2026-06-07T09:00,47.99391,-84.43075,1.8,281
34,2026-06-07T10:00,47.99391,-84.43075,0.8,63
35,2026-06-07T11:00,47.99391,-84.43075,0.5,225
36,2026-06-07T12:00,47.99391,-84.43075,2.4,27
37,2026-06-07T13:00,47.99391,-84.43075,7.2,3
38,2026-06-07T14:00,47.99391,-84.43075,10.2,18
39,2026-06-07T15:00,47.99391,-84.43075,11.2,33
40,2026-06-07T16:00,47.99391,-84.43075,12.3,38
41,2026-06-07T17:00,47.99391,-84.43075,11.2,48
42,2026-06-07T18:00,47.99391,-84.43075,10.8,53
43,2026-06-07T19:00,47.99391,-84.43075,9.5,53
44,2026-06-07T20:00,47.99391,-84.43075,9.8,62
45,2026-06-07T21:00,47.99391,-84.43075,8.2,67
46,2026-06-07T22:00,47.99391,-84.43075,7.3,70
47,2026-06-07T23:00,47.99391,-84.43075,7.1,66
0,2026-06-06T00:00,47.999443,-80.56312,16.9,214
1,2026-06-06T01:00,47.999443,-80.56312,14.9,212
2,2026-06-06T02:00,47.999443,-80.56312,17.2,200
3,2026-06-06T03:00,47.999443,-80.56312,14.3,205
4,2026-06-06T04:00,47.999443,-80.56312,15.9,213
5,2026-06-06T05:00,47.999443,-80.56312,15.1,218
6,2026-06-06T06:00,47.999443,-80.56312,14.8,223
7,2026-06-06T07:00,47.999443,-80.56312,15.9,218
8,2026-06-06T08:00,47.999443,-80.56312,12.5,229
9,2026-06-06T09:00,47.999443,-80.56312,10.7,230
10,2026-06-06T10:00,47.999443,-80.56312,10.7,237
11,2026-06-06T11:00,47.999443,-80.56312,10.0,255
12,2026-06-06T12:00,47.999443,-80.56312,9.7,270
13,2026-06-06T13:00,47.999443,-80.56312,10.7,284
14,2026-06-06T14:00,47.999443,-80.56312,12.2,315
15,2026-06-06T15:00,47.999443,-80.56312,15.9,308
16,2026-06-06T16:00,47.999443,-80.56312,11.9,325
17,2026-06-06T17:00,47.999443,-80.56312,16.8,318
18,2026-06-06T18:00,47.999443,-80.56312,18.6,316
19,2026-06-06T19:00,47.999443,-80.56312,18.4,318
20,2026-06-06T20:00,47.999443,-80.56312,20.6,316
21,2026-06-06T21:00,47.999443,-80.56312,20.9,316
22,2026-06-06T22:00,47.999443,-80.56312,19.7,320
23,2026-06-06T23:00,47.999443,-80.56312,18.3,317
24,2026-06-07T00:00,47.999443,-80.56312,17.8,317
25,2026-06-07T01:00,47.999443,-80.56312,18.4,318
26,2026-06-07T02:00,47.999443,-80.56312,16.5,316
27,2026-06-07T03:00,47.999443,-80.56312,15.8,319
28,2026-06-07T04:00,47.999443,-80.56312,16.8,318
29,2026-06-07T05:00,47.999443,-80.56312,17.3,324
30,2026-06-07T06:00,47.999443,-80.56312,16.9,331
31,2026-06-07T07:00,47.999443,-80.56312,15.8,330
32,2026-06-07T08:00,47.999443,-80.56312,13.8,332
33,2026-06-07T09:00,47.999443,-80.56312,13.9,323
34,2026-06-07T10:00,47.999443,-80.56312,14.3,319
35,2026-06-07T11:00,47.999443,-80.56312,14.8,319
36,2026-06-07T12:00,47.999443,-80.56312,15.7,323
37,2026-06-07T13:00,47.999443,-80.56312,16.7,327
38,2026-06-07T14:00,47.999443,-80.56312,17.1,342
39,2026-06-07T15:00,47.999443,-80.56312,18.1,343
40,2026-06-07T16:00,47.999443,-80.56312,17.6,349
41,2026-06-07T17:00,47.999443,-80.56312,17.0,356
42,2026-06-07T18:00,47.999443,-80.56312,17.3,5
43,2026-06-07T19:00,47.999443,-80.56312,16.6,13
44,2026-06-07T20:00,47.999443,-80.56312,13.6,17
45,2026-06-07T21:00,47.999443,-80.56312,12.6,24
46,2026-06-07T22:00,47.999443,-80.56312,12.1,30
47,2026-06-07T23:00,47.999443,-80.56312,12.2,47
0,2026-06-06T00:00,48.005947,-76.704735,6.1,135
1,2026-06-06T01:00,48.005947,-76.704735,8.4,110
2,2026-06-06T02:00,48.005947,-76.704735,9.4,157
3,2026-06-06T03:00,48.005947,-76.704735,10.3,155
4,2026-06-06T04:00,48.005947,-76.704735,12.5,192
5,2026-06-06T05:00,48.005947,-76.704735,14.2,207
6,2026-06-06T06:00,48.005947,-76.704735,13.0,199
7,2026-06-06T07:00,48.005947,-76.704735,12.8,191
8,2026-06-06T08:00,48.005947,-76.704735,11.6,187
9,2026-06-06T09:00,48.005947,-76.704735,10.5,174
10,2026-06-06T10:00,48.005947,-76.704735,10.5,184
11,2026-06-06T11:00,48.005947,-76.704735,11.6,187
12,2026-06-06T12:00,48.005947,-76.704735,9.6,193
13,2026-06-06T13:00,48.005947,-76.704735,9.2,201
14,2026-06-06T14:00,48.005947,-76.704735,9.4,212
15,2026-06-06T15:00,48.005947,-76.704735,8.0,207
16,2026-06-06T16:00,48.005947,-76.704735,8.7,210
17,2026-06-06T17:00,48.005947,-76.704735,9.2,244
18,2026-06-06T18:00,48.005947,-76.704735,12.7,263
19,2026-06-06T19:00,48.005947,-76.704735,10.5,264
20,2026-06-06T20:00,48.005947,-76.704735,21.0,286
21,2026-06-06T21:00,48.005947,-76.704735,16.7,295
22,2026-06-06T22:00,48.005947,-76.704735,5.4,318
23,2026-06-06T23:00,48.005947,-76.704735,16.1,321
24,2026-06-07T00:00,48.005947,-76.704735,16.3,315
25,2026-06-07T01:00,48.005947,-76.704735,20.1,324
26,2026-06-07T02:00,48.005947,-76.704735,19.2,320
27,2026-06-07T03:00,48.005947,-76.704735,20.1,316
28,2026-06-07T04:00,48.005947,-76.704735,17.3,315
29,2026-06-07T05:00,48.005947,-76.704735,16.6,312
30,2026-06-07T06:00,48.005947,-76.704735,16.8,312
31,2026-06-07T07:00,48.005947,-76.704735,16.6,311
32,2026-06-07T08:00,48.005947,-76.704735,16.8,312
33,2026-06-07T09:00,48.005947,-76.704735,16.3,317
34,2026-06-07T10:00,48.005947,-76.704735,15.3,321
35,2026-06-07T11:00,48.005947,-76.704735,15.8,319
36,2026-06-07T12:00,48.005947,-76.704735,15.3,321
37,2026-06-07T13:00,48.005947,-76.704735,14.2,324
38,2026-06-07T14:00,48.005947,-76.704735,15.2,329
39,2026-06-07T15:00,48.005947,-76.704735,13.8,332
40,2026-06-07T16:00,48.005947,-76.704735,14.6,340
41,2026-06-07T17:00,48.005947,-76.704735,14.2,344
42,2026-06-07T18:00,48.005947,-76.704735,13.8,354
43,2026-06-07T19:00,48.005947,-76.704735,14.4,356
44,2026-06-07T20:00,48.005947,-76.704735,14.9,8
45,2026-06-07T21:00,48.005947,-76.704735,15.8,30
46,2026-06-07T22:00,48.005947,-76.704735,12.5,49
47,2026-06-07T23:00,48.005947,-76.704735,9.0,29
0,2026-06-06T00:00,47.98828,-72.859085,3.3,174
1,2026-06-06T01:00,47.98828,-72.859085,2.9,83
2,2026-06-06T02:00,47.98828,-72.859085,4.4,99
3,2026-06-06T03:00,47.98828,-72.859085,3.9,326
4,2026-06-06T04:00,47.98828,-72.859085,4.0,85
5,2026-06-06T05:00,47.98828,-72.859085,6.7,144
6,2026-06-06T06:00,47.98828,-72.859085,6.4,153
7,2026-06-06T07:00,47.98828,-72.859085,8.6,180
8,2026-06-06T08:00,47.98828,-72.859085,10.5,176
9,2026-06-06T09:00,47.98828,-72.859085,8.3,162
10,2026-06-06T10:00,47.98828,-72.859085,9.0,164
11,2026-06-06T11:00,47.98828,-72.859085,10.0,167
12,2026-06-06T12:00,47.98828,-72.859085,10.4,166
13,2026-06-06T13:00,47.98828,-72.859085,12.5,168
14,2026-06-06T14:00,47.98828,-72.859085,13.1,171
15,2026-06-06T15:00,47.98828,-72.859085,10.8,165
16,2026-06-06T16:00,47.98828,-72.859085,13.5,164
17,2026-06-06T17:00,47.98828,-72.859085,9.7,158
18,2026-06-06T18:00,47.98828,-72.859085,4.2,121
19,2026-06-06T19:00,47.98828,-72.859085,17.9,158
20,2026-06-06T20:00,47.98828,-72.859085,14.6,171
21,2026-06-06T21:00,47.98828,-72.859085,10.7,168
22,2026-06-06T22:00,47.98828,-72.859085,6.4,142
23,2026-06-06T23:00,47.98828,-72.859085,6.0,123
24,2026-06-07T00:00,47.98828,-72.859085,5.5,122
25,2026-06-07T01:00,47.98828,-72.859085,3.3,84
26,2026-06-07T02:00,47.98828,-72.859085,3.7,29
27,2026-06-07T03:00,47.98828,-72.859085,3.6,6
28,2026-06-07T04:00,47.98828,-72.859085,4.7,360
29,2026-06-07T05:00,47.98828,-72.859085,6.2,350
30,2026-06-07T06:00,47.98828,-72.859085,8.4,350
31,2026-06-07T07:00,47.98828,-72.859085,10.9,354
32,2026-06-07T08:00,47.98828,-72.859085,12.0,351
33,2026-06-07T09:00,47.98828,-72.859085,14.1,354
34,2026-06-07T10:00,47.98828,-72.859085,14.0,1
35,2026-06-07T11:00,47.98828,-72.859085,16.1,10
36,2026-06-07T12:00,47.98828,-72.859085,15.5,18
37,2026-06-07T13:00,47.98828,-72.859085,16.4,15
38,2026-06-07T14:00,47.98828,-72.859085,18.7,19
39,2026-06-07T15:00,47.98828,-72.859085,19.3,14
40,2026-06-07T16:00,47.98828,-72.859085,19.9,17
41,2026-06-07T17:00,47.98828,-72.859085,18.9,24
42,2026-06-07T18:00,47.98828,-72.859085,22.5,22
43,2026-06-07T19:00,47.98828,-72.859085,21.8,22
44,2026-06-07T20:00,47.98828,-72.859085,20.6,25
45,2026-06-07T21:00,47.98828,-72.859085,18.8,32
46,2026-06-07T22:00,47.98828,-72.859085,16.7,33
47,2026-06-07T23:00,47.98828,-72.859085,13.6,32
0,2026-06-06T00:00,47.997997,-68.99968,1.8,191
1,2026-06-06T01:00,47.997997,-68.99968,4.1,128
2,2026-06-06T02:00,47.997997,-68.99968,2.5,98
3,2026-06-06T03:00,47.997997,-68.99968,4.7,90
4,2026-06-06T04:00,47.997997,-68.99968,6.4,63
5,2026-06-06T05:00,47.997997,-68.99968,7.3,70
6,2026-06-06T06:00,47.997997,-68.99968,5.8,97
7,2026-06-06T07:00,47.997997,-68.99968,5.2,78
8,2026-06-06T08:00,47.997997,-68.99968,5.6,63
9,2026-06-06T09:00,47.997997,-68.99968,6.0,73
10,2026-06-06T10:00,47.997997,-68.99968,6.1,93
11,2026-06-06T11:00,47.997997,-68.99968,9.8,144
12,2026-06-06T12:00,47.997997,-68.99968,10.6,145
13,2026-06-06T13:00,47.997997,-68.99968,11.9,145
14,2026-06-06T14:00,47.997997,-68.99968,14.0,145
15,2026-06-06T15:00,47.997997,-68.99968,16.3,162
16,2026-06-06T16:00,47.997997,-68.99968,12.6,153
17,2026-06-06T17:00,47.997997,-68.99968,15.6,154
18,2026-06-06T18:00,47.997997,-68.99968,15.9,175
19,2026-06-06T19:00,47.997997,-68.99968,17.3,185
20,2026-06-06T20:00,47.997997,-68.99968,11.5,184
21,2026-06-06T21:00,47.997997,-68.99968,11.8,142
22,2026-06-06T22:00,47.997997,-68.99968,7.9,137
23,2026-06-06T23:00,47.997997,-68.99968,9.8,126
24,2026-06-07T00:00,47.997997,-68.99968,13.8,137
25,2026-06-07T01:00,47.997997,-68.99968,10.5,131
26,2026-06-07T02:00,47.997997,-68.99968,13.8,139
27,2026-06-07T03:00,47.997997,-68.99968,14.7,149
28,2026-06-07T04:00,47.997997,-68.99968,10.8,143
29,2026-06-07T05:00,47.997997,-68.99968,7.4,129
30,2026-06-07T06:00,47.997997,-68.99968,8.4,110
31,2026-06-07T07:00,47.997997,-68.99968,8.4,115
32,2026-06-07T08:00,47.997997,-68.99968,6.4,117
33,2026-06-07T09:00,47.997997,-68.99968,5.4,82
34,2026-06-07T10:00,47.997997,-68.99968,7.7,41
35,2026-06-07T11:00,47.997997,-68.99968,6.7,54
36,2026-06-07T12:00,47.997997,-68.99968,12.7,15
37,2026-06-07T13:00,47.997997,-68.99968,19.1,22
38,2026-06-07T14:00,47.997997,-68.99968,17.1,28
39,2026-06-07T15:00,47.997997,-68.99968,15.2,22
40,2026-06-07T16:00,47.997997,-68.99968,17.8,18
41,2026-06-07T17:00,47.997997,-68.99968,17.7,17
42,2026-06-07T18:00,47.997997,-68.99968,20.2,19
43,2026-06-07T19:00,47.997997,-68.99968,26.0,17
44,2026-06-07T20:00,47.997997,-68.99968,27.1,19
45,2026-06-07T21:00,47.997997,-68.99968,25.1,24
46,2026-06-07T22:00,47.997997,-68.99968,23.4,25
47,2026-06-07T23:00,47.997997,-68.99968,22.1,26
